  0
SECTION
  2
HEADER
  9
$ACADVER
  1
AC1027
  9
$ACADMAINTVER
 70
   125
  9
$DWGCODEPAGE
  3
ANSI_1252
  9
$LASTSAVEDBY
  1
nochamo
  9
$REQUIREDVERSIONS
160
                 0
  9
$INSBASE
 10
0.0
 20
0.0
 30
0.0
  9
$EXTMIN
 10
-702.361347252423
 20
-691.0987564353127
 30
0.0
  9
$EXTMAX
 10
943.7603507110251
 20
550.3214992706302
 30
0.0
  9
$LIMMIN
 10
0.0
 20
0.0
  9
$LIMMAX
 10
420.0
 20
297.0
  9
$ORTHOMODE
 70
     1
  9
$REGENMODE
 70
     1
  9
$FILLMODE
 70
     1
  9
$QTEXTMODE
 70
     0
  9
$MIRRTEXT
 70
     0
  9
$LTSCALE
 40
1.0
  9
$ATTMODE
 70
     1
  9
$TEXTSIZE
 40
2.5
  9
$TRACEWID
 40
1.0
  9
$TEXTSTYLE
  7
Standard
  9
$CLAYER
  8
pocket
  9
$CELTYPE
  6
ByLayer
  9
$CECOLOR
 62
   256
  9
$CELTSCALE
 40
1.0
  9
$DISPSILH
 70
     0
  9
$DIMSCALE
 40
1.0
  9
$DIMASZ
 40
2.5
  9
$DIMEXO
 40
0.625
  9
$DIMDLI
 40
3.75
  9
$DIMRND
 40
0.0
  9
$DIMDLE
 40
0.0
  9
$DIMEXE
 40
1.25
  9
$DIMTP
 40
0.0
  9
$DIMTM
 40
0.0
  9
$DIMTXT
 40
2.5
  9
$DIMCEN
 40
2.5
  9
$DIMTSZ
 40
0.0
  9
$DIMTOL
 70
     0
  9
$DIMLIM
 70
     0
  9
$DIMTIH
 70
     0
  9
$DIMTOH
 70
     0
  9
$DIMSE1
 70
     0
  9
$DIMSE2
 70
     0
  9
$DIMTAD
 70
     1
  9
$DIMZIN
 70
     8
  9
$DIMBLK
  1

  9
$DIMASO
 70
     1
  9
$DIMSHO
 70
     1
  9
$DIMPOST
  1

  9
$DIMAPOST
  1

  9
$DIMALT
 70
     0
  9
$DIMALTD
 70
     3
  9
$DIMALTF
 40
0.03937007874016
  9
$DIMLFAC
 40
1.0
  9
$DIMTOFL
 70
     1
  9
$DIMTVP
 40
0.0
  9
$DIMTIX
 70
     0
  9
$DIMSOXD
 70
     0
  9
$DIMSAH
 70
     0
  9
$DIMBLK1
  1

  9
$DIMBLK2
  1

  9
$DIMSTYLE
  2
ISO-25
  9
$DIMCLRD
 70
     0
  9
$DIMCLRE
 70
     0
  9
$DIMCLRT
 70
     0
  9
$DIMTFAC
 40
1.0
  9
$DIMGAP
 40
0.625
  9
$DIMJUST
 70
     0
  9
$DIMSD1
 70
     0
  9
$DIMSD2
 70
     0
  9
$DIMTOLJ
 70
     0
  9
$DIMTZIN
 70
     8
  9
$DIMALTZ
 70
     0
  9
$DIMALTTZ
 70
     0
  9
$DIMUPT
 70
     0
  9
$DIMDEC
 70
     2
  9
$DIMTDEC
 70
     2
  9
$DIMALTU
 70
     2
  9
$DIMALTTD
 70
     3
  9
$DIMTXSTY
  7
Standard
  9
$DIMAUNIT
 70
     0
  9
$DIMADEC
 70
     0
  9
$DIMALTRND
 40
0.0
  9
$DIMAZIN
 70
     0
  9
$DIMDSEP
 70
    44
  9
$DIMATFIT
 70
     3
  9
$DIMFRAC
 70
     0
  9
$DIMLDRBLK
  1

  9
$DIMLUNIT
 70
     2
  9
$DIMLWD
 70
    -2
  9
$DIMLWE
 70
    -2
  9
$DIMTMOVE
 70
     0
  9
$DIMFXL
 40
1.0
  9
$DIMFXLON
 70
     0
  9
$DIMJOGANG
 40
0.7853981633974483
  9
$DIMTFILL
 70
     0
  9
$DIMTFILLCLR
 70
     0
  9
$DIMARCSYM
 70
     0
  9
$DIMLTYPE
  6

  9
$DIMLTEX1
  6

  9
$DIMLTEX2
  6

  9
$DIMTXTDIRECTION
 70
     0
  9
$LUNITS
 70
     2
  9
$LUPREC
 70
     4
  9
$SKETCHINC
 40
1.0
  9
$FILLETRAD
 40
0.0
  9
$AUNITS
 70
     0
  9
$AUPREC
 70
     0
  9
$MENU
  1
.
  9
$ELEVATION
 40
0.0
  9
$PELEVATION
 40
0.0
  9
$THICKNESS
 40
0.0
  9
$LIMCHECK
 70
     0
  9
$CHAMFERA
 40
0.0
  9
$CHAMFERB
 40
0.0
  9
$CHAMFERC
 40
0.0
  9
$CHAMFERD
 40
0.0
  9
$SKPOLY
 70
     0
  9
$TDCREATE
 40
2460047.846423611
  9
$TDUCREATE
 40
2460047.763090277
  9
$TDUPDATE
 40
2461256.395219908
  9
$TDUUPDATE
 40
2461256.311886574
  9
$TDINDWG
 40
0.5992245370
  9
$TDUSRTIMER
 40
0.5992245370
  9
$USRTIMER
 70
     1
  9
$ANGBASE
 50
0.0
  9
$ANGDIR
 70
     0
  9
$PDMODE
 70
     0
  9
$PDSIZE
 40
0.0
  9
$PLINEWID
 40
0.0
  9
$SPLFRAME
 70
     0
  9
$SPLINETYPE
 70
     6
  9
$SPLINESEGS
 70
     8
  9
$HANDSEED
  5
9012
  9
$SURFTAB1
 70
     6
  9
$SURFTAB2
 70
     6
  9
$SURFTYPE
 70
     6
  9
$SURFU
 70
     6
  9
$SURFV
 70
     6
  9
$UCSBASE
  2

  9
$UCSNAME
  2

  9
$UCSORG
 10
0.0
 20
0.0
 30
0.0
  9
$UCSXDIR
 10
1.0
 20
0.0
 30
0.0
  9
$UCSYDIR
 10
0.0
 20
1.0
 30
0.0
  9
$UCSORTHOREF
  2

  9
$UCSORTHOVIEW
 70
     0
  9
$UCSORGTOP
 10
0.0
 20
0.0
 30
0.0
  9
$UCSORGBOTTOM
 10
0.0
 20
0.0
 30
0.0
  9
$UCSORGLEFT
 10
0.0
 20
0.0
 30
0.0
  9
$UCSORGRIGHT
 10
0.0
 20
0.0
 30
0.0
  9
$UCSORGFRONT
 10
0.0
 20
0.0
 30
0.0
  9
$UCSORGBACK
 10
0.0
 20
0.0
 30
0.0
  9
$PUCSBASE
  2

  9
$PUCSNAME
  2

  9
$PUCSORG
 10
0.0
 20
0.0
 30
0.0
  9
$PUCSXDIR
 10
1.0
 20
0.0
 30
0.0
  9
$PUCSYDIR
 10
0.0
 20
1.0
 30
0.0
  9
$PUCSORTHOREF
  2

  9
$PUCSORTHOVIEW
 70
     0
  9
$PUCSORGTOP
 10
0.0
 20
0.0
 30
0.0
  9
$PUCSORGBOTTOM
 10
0.0
 20
0.0
 30
0.0
  9
$PUCSORGLEFT
 10
0.0
 20
0.0
 30
0.0
  9
$PUCSORGRIGHT
 10
0.0
 20
0.0
 30
0.0
  9
$PUCSORGFRONT
 10
0.0
 20
0.0
 30
0.0
  9
$PUCSORGBACK
 10
0.0
 20
0.0
 30
0.0
  9
$USERI1
 70
     0
  9
$USERI2
 70
     0
  9
$USERI3
 70
     0
  9
$USERI4
 70
     0
  9
$USERI5
 70
     0
  9
$USERR1
 40
0.0
  9
$USERR2
 40
0.0
  9
$USERR3
 40
0.0
  9
$USERR4
 40
0.0
  9
$USERR5
 40
0.0
  9
$WORLDVIEW
 70
     1
  9
$SHADEDGE
 70
     3
  9
$SHADEDIF
 70
    70
  9
$TILEMODE
 70
     1
  9
$MAXACTVP
 70
    64
  9
$PINSBASE
 10
0.0
 20
0.0
 30
0.0
  9
$PLIMCHECK
 70
     0
  9
$PEXTMIN
 10
17.92690783779562
 20
6.80850339607241
 30
-0.0015258207003583
  9
$PEXTMAX
 10
582.5889011098316
 20
802.7423858058956
 30
0.0000000349246037
  9
$PLIMMIN
 10
-5.0
 20
-17.0
  9
$PLIMMAX
 10
589.0
 20
824.0
  9
$UNITMODE
 70
     0
  9
$VISRETAIN
 70
     1
  9
$PLINEGEN
 70
     0
  9
$PSLTSCALE
 70
     1
  9
$TREEDEPTH
 70
  3020
  9
$CMLSTYLE
  2
Standard
  9
$CMLJUST
 70
     0
  9
$CMLSCALE
 40
20.0
  9
$PROXYGRAPHICS
 70
     1
  9
$MEASUREMENT
 70
     1
  9
$CELWEIGHT
370
    -1
  9
$ENDCAPS
280
     0
  9
$JOINSTYLE
280
     0
  9
$LWDISPLAY
290
     0
  9
$INSUNITS
 70
     4
  9
$HYPERLINKBASE
  1

  9
$STYLESHEET
  1

  9
$XEDIT
290
     1
  9
$CEPSNTYPE
380
     0
  9
$PSTYLEMODE
290
     1
  9
$FINGERPRINTGUID
  2
{C7839CB7-F2F7-174D-8CC1-275E1A6F62A1}
  9
$VERSIONGUID
  2
{438DCE5E-7A67-9A4A-9908-5EA1A86D4A7E}
  9
$EXTNAMES
290
     1
  9
$PSVPSCALE
 40
0.0
  9
$OLESTARTUP
290
     0
  9
$SORTENTS
280
   127
  9
$INDEXCTL
280
     0
  9
$HIDETEXT
280
     1
  9
$XCLIPFRAME
280
     0
  9
$HALOGAP
280
     0
  9
$OBSCOLOR
 70
   257
  9
$OBSLTYPE
280
     0
  9
$INTERSECTIONDISPLAY
280
     0
  9
$INTERSECTIONCOLOR
 70
   257
  9
$DIMASSOC
280
     2
  9
$PROJECTNAME
  1

  9
$CAMERADISPLAY
290
     0
  9
$LENSLENGTH
 40
50.0
  9
$CAMERAHEIGHT
 40
0.0
  9
$STEPSPERSEC
 40
2.0
  9
$STEPSIZE
 40
6.0
  9
$3DDWFPREC
 40
2.0
  9
$PSOLWIDTH
 40
5.0
  9
$PSOLHEIGHT
 40
80.0
  9
$LOFTANG1
 40
1.570796326794896
  9
$LOFTANG2
 40
1.570796326794896
  9
$LOFTMAG1
 40
0.0
  9
$LOFTMAG2
 40
0.0
  9
$LOFTPARAM
 70
     7
  9
$LOFTNORMALS
280
     1
  9
$LATITUDE
 40
37.795
  9
$LONGITUDE
 40
-122.394
  9
$NORTHDIRECTION
 40
0.0
  9
$TIMEZONE
 70
 -8000
  9
$LIGHTGLYPHDISPLAY
280
     1
  9
$TILEMODELIGHTSYNCH
280
     1
  9
$CMATERIAL
347
EC
  9
$SOLIDHIST
280
     0
  9
$SHOWHIST
280
     1
  9
$DWFFRAME
280
     2
  9
$DGNFRAME
280
     0
  9
$REALWORLDSCALE
290
     1
  9
$INTERFERECOLOR
 62
     1
  9
$INTERFEREOBJVS
345
F9
  9
$INTERFEREVPVS
346
F6
  9
$CSHADOW
280
     0
  9
$SHADOWPLANELOCATION
 40
0.0
  0
ENDSEC
  0
SECTION
  2
CLASSES
  0
CLASS
  1
ACDBDICTIONARYWDFLT
  2
AcDbDictionaryWithDefault
  3
ObjectDBX Classes
 90
        0
 91
        1
280
     0
281
     0
  0
CLASS
  1
DICTIONARYVAR
  2
AcDbDictionaryVar
  3
ObjectDBX Classes
 90
        0
 91
       11
280
     0
281
     0
  0
CLASS
  1
TABLESTYLE
  2
AcDbTableStyle
  3
ObjectDBX Classes
 90
     4095
 91
        1
280
     0
281
     0
  0
CLASS
  1
MATERIAL
  2
AcDbMaterial
  3
ObjectDBX Classes
 90
     1153
 91
        3
280
     0
281
     0
  0
CLASS
  1
VISUALSTYLE
  2
AcDbVisualStyle
  3
ObjectDBX Classes
 90
     4095
 91
       24
280
     0
281
     0
  0
CLASS
  1
SCALE
  2
AcDbScale
  3
ObjectDBX Classes
 90
     1153
 91
       17
280
     0
281
     0
  0
CLASS
  1
MLEADERSTYLE
  2
AcDbMLeaderStyle
  3
ACDB_MLEADERSTYLE_CLASS
 90
     4095
 91
        2
280
     0
281
     0
  0
CLASS
  1
CELLSTYLEMAP
  2
AcDbCellStyleMap
  3
ObjectDBX Classes
 90
     1152
 91
        1
280
     0
281
     0
  0
CLASS
  1
EXACXREFPANELOBJECT
  2
ExAcXREFPanelObject
  3
EXAC_ESW
 90
     1025
 91
        0
280
     0
281
     0
  0
CLASS
  1
NPOCOLLECTION
  2
AcDbImpNonPersistentObjectsCollection
  3
ObjectDBX Classes
 90
     1153
 91
        0
280
     0
281
     0
  0
CLASS
  1
LAYER_INDEX
  2
AcDbLayerIndex
  3
ObjectDBX Classes
 90
        0
 91
        0
280
     0
281
     0
  0
CLASS
  1
SPATIAL_INDEX
  2
AcDbSpatialIndex
  3
ObjectDBX Classes
 90
        0
 91
        0
280
     0
281
     0
  0
CLASS
  1
IDBUFFER
  2
AcDbIdBuffer
  3
ObjectDBX Classes
 90
        0
 91
        0
280
     0
281
     0
  0
CLASS
  1
ACDBSECTIONVIEWSTYLE
  2
AcDbSectionViewStyle
  3
ObjectDBX Classes
 90
     1025
 91
        2
280
     0
281
     0
  0
CLASS
  1
ACDBDETAILVIEWSTYLE
  2
AcDbDetailViewStyle
  3
ObjectDBX Classes
 90
     1025
 91
        2
280
     0
281
     0
  0
CLASS
  1
SORTENTSTABLE
  2
AcDbSortentsTable
  3
ObjectDBX Classes
 90
        0
 91
        5
280
     0
281
     0
  0
CLASS
  1
IMAGE
  2
AcDbRasterImage
  3
ISM
 90
     2175
 91
        2
280
     0
281
     1
  0
CLASS
  1
IMAGEDEF_REACTOR
  2
AcDbRasterImageDefReactor
  3
ISM
 90
        1
 91
        2
280
     0
281
     0
  0
CLASS
  1
SUN
  2
AcDbSun
  3
SCENEOE
 90
     1153
 91
        1
280
     0
281
     0
  0
CLASS
  1
IMAGEDEF
  2
AcDbRasterImageDef
  3
ISM
 90
        0
 91
        2
280
     0
281
     0
  0
CLASS
  1
RASTERVARIABLES
  2
AcDbRasterVariables
  3
ISM
 90
        0
 91
        1
280
     0
281
     0
  0
CLASS
  1
DIMASSOC
  2
AcDbDimAssoc
  3
"AcDbDimAssoc|Product Desc:     AcDim ARX App For Dimension|Company:          Autodesk, Inc.|WEB Address:      www.autodesk.com"
 90
        0
 91
        0
280
     0
281
     0
  0
ENDSEC
  0
SECTION
  2
TABLES
  0
TABLE
  2
VPORT
  5
8
330
0
100
AcDbSymbolTable
 70
     1
1001
ACAD
1000
DbSaveVer
1071
      209
  0
VPORT
  5
EA
330
8
100
AcDbSymbolTableRecord
100
AcDbViewportTableRecord
  2
*Active
 70
     0
 10
0.0
 20
0.0
 11
1.0
 21
1.0
 12
798.7285817103201
 22
-172.9534774910266
 13
0.0
 23
0.0
 14
10.0
 24
10.0
 15
10.0
 25
10.0
 16
0.0
 26
0.0
 36
1.0
 17
0.0
 27
0.0
 37
0.0
 40
1200.315601909657
 41
2.176129779837775
 42
50.0
 43
0.0
 44
0.0
 50
0.0
 51
0.0
 71
     0
 72
  1000
 73
     1
 74
     3
 75
     0
 76
     1
 77
     0
 78
     0
281
     0
 65
     1
110
0.0
120
0.0
130
0.0
111
1.0
121
0.0
131
0.0
112
0.0
122
1.0
132
0.0
 79
     0
146
0.0
348
F5
 60
     3
 61
     5
292
     1
282
     1
141
0.0
142
0.0
 63
   250
421
  3355443
1001
ACAD_NAV_VCDISPLAY
1070
     3
  0
ENDTAB
  0
TABLE
  2
LTYPE
  5
5
330
0
100
AcDbSymbolTable
 70
     6
  0
LTYPE
  5
14
330
5
100
AcDbSymbolTableRecord
100
AcDbLinetypeTableRecord
  2
ByBlock
 70
     0
  3

 72
    65
 73
     0
 40
0.0
  0
LTYPE
  5
15
330
5
100
AcDbSymbolTableRecord
100
AcDbLinetypeTableRecord
  2
ByLayer
 70
     0
  3

 72
    65
 73
     0
 40
0.0
  0
LTYPE
  5
16
330
5
100
AcDbSymbolTableRecord
100
AcDbLinetypeTableRecord
  2
Continuous
 70
     0
  3
Solid line
 72
    65
 73
     0
 40
0.0
  0
LTYPE
  5
294
330
5
100
AcDbSymbolTableRecord
100
AcDbLinetypeTableRecord
  2
JIS_09_08
 70
     0
  3
2SASEN8 __ _ _ __ _ _ __ _ _ __ _ _ __ _ _
 72
    65
 73
     6
 40
10.75
 49
8.0
 74
     0
 49
-0.55
 74
     0
 49
0.55
 74
     0
 49
-0.55
 74
     0
 49
0.55
 74
     0
 49
-0.55
 74
     0
  0
LTYPE
  5
2B6
330
5
100
AcDbSymbolTableRecord
100
AcDbLinetypeTableRecord
  2
CACHE2
 70
     0
  3
Caché (x.5) _ _ _ _ _ _ _ _ _ _ _ _ _ _ _ _ _
 72
    65
 73
     2
 40
4.762499999999999
 49
3.174999999999999
 74
     0
 49
-1.587499999999999
 74
     0
  0
LTYPE
  5
2B7
330
5
100
AcDbSymbolTableRecord
100
AcDbLinetypeTableRecord
  2
AXES
 70
     0
  3
Centre ____ _ ____ _ ____ _ ____ _ ____ _ ____
 72
    65
 73
     4
 40
50.8
 49
31.75
 74
     0
 49
-6.349999999999999
 74
     0
 49
6.349999999999999
 74
     0
 49
-6.349999999999999
 74
     0
  0
LTYPE
  5
2F3C
330
5
100
AcDbSymbolTableRecord
100
AcDbLinetypeTableRecord
  2
ACAD_ISO03W100
 70
     0
  3
ISO tiret espace __    __    __    __    __    
 72
    65
 73
     2
 40
30.0
 49
12.0
 74
     0
 49
-18.0
 74
     0
  0
LTYPE
  5
34B3
330
5
100
AcDbSymbolTableRecord
100
AcDbLinetypeTableRecord
  2
DASHED
 70
     0
  3
Dashed __ __ __ __ __ __ __ __ __ __ __ __ __ _
 72
    65
 73
     2
 40
0.75
 49
0.5
 74
     0
 49
-0.25
 74
     0
  0
ENDTAB
  0
TABLE
  2
LAYER
  5
2
102
{ACAD_XDICTIONARY
360
1FF
102
}
330
0
100
AcDbSymbolTable
 70
    11
  0
LAYER
  5
10
102
{ACAD_XDICTIONARY
360
13C
102
}
330
2
100
AcDbSymbolTableRecord
100
AcDbLayerTableRecord
  2
0
 70
     0
 62
     7
  6
Continuous
370
     5
390
F
347
EE
348
0
  0
LAYER
  5
295
330
2
100
AcDbSymbolTableRecord
100
AcDbLayerTableRecord
  2
Calque1
 70
     0
 62
   150
  6
Continuous
370
    15
390
F
347
EE
348
0
1001
AcAecLayerStandard
1000

1000

1001
AcCmTransparency
1071
        0
  0
LAYER
  5
2B8
330
2
100
AcDbSymbolTableRecord
100
AcDbLayerTableRecord
  2
chamfered
 70
     0
 62
    30
  6
Continuous
370
    15
390
F
347
EE
348
0
1001
AcAecLayerStandard
1000

1000

1001
AcCmTransparency
1071
        0
  0
LAYER
  5
2B9
330
2
100
AcDbSymbolTableRecord
100
AcDbLayerTableRecord
  2
pocket
 70
     0
 62
     1
  6
Continuous
370
    15
390
F
347
EE
348
0
1001
AcAecLayerStandard
1000

1000

1001
AcCmTransparency
1071
        0
  0
LAYER
  5
100A
330
2
100
AcDbSymbolTableRecord
100
AcDbLayerTableRecord
  2
countersunk
 70
     0
 62
    90
  6
Continuous
370
    15
390
F
347
EE
348
0
1001
AcAecLayerStandard
1000

1000

1001
AcCmTransparency
1071
        0
  0
LAYER
  5
1299
330
2
100
AcDbSymbolTableRecord
100
AcDbLayerTableRecord
  2
Calque2
 70
     0
 62
   251
  6
Continuous
370
    15
390
F
347
EE
348
0
1001
AcAecLayerStandard
1000

1000

1001
AcCmTransparency
1071
        0
  0
LAYER
  5
1A3E
330
2
100
AcDbSymbolTableRecord
100
AcDbLayerTableRecord
  2
Calque1_pocket
 70
     0
 62
    10
  6
Continuous
370
    15
390
F
347
EE
348
0
1001
AcAecLayerStandard
1000

1000

1001
AcCmTransparency
1071
        0
  0
LAYER
  5
1B14
330
2
100
AcDbSymbolTableRecord
100
AcDbLayerTableRecord
  2
Calque1_chamfered
 70
     0
 62
    40
  6
Continuous
370
    15
390
F
347
EE
348
0
1001
AcAecLayerStandard
1000

1000

1001
AcCmTransparency
1071
        0
  0
LAYER
  5
2E6D
330
2
100
AcDbSymbolTableRecord
100
AcDbLayerTableRecord
  2
Defpoints
 70
     0
 62
     7
  6
Continuous
290
     0
370
     5
390
F
347
EE
348
0
  0
LAYER
  5
34B4
330
2
100
AcDbSymbolTableRecord
100
AcDbLayerTableRecord
  2
1
 70
     0
 62
     7
  6
DASHED
370
    -3
390
F
347
EE
348
0
  0
LAYER
  5
3C56
330
2
100
AcDbSymbolTableRecord
100
AcDbLayerTableRecord
  2
Cut
 70
     0
 62
   150
  6
Continuous
370
    15
390
F
347
EE
348
0
1001
AcAecLayerStandard
1000

1000

1001
AcCmTransparency
1071
        0
  0
ENDTAB
  0
TABLE
  2
STYLE
  5
3
330
0
100
AcDbSymbolTable
 70
     3
  0
STYLE
  5
11
330
3
100
AcDbSymbolTableRecord
100
AcDbTextStyleTableRecord
  2
Standard
 70
     0
 40
0.0
 41
1.0
 50
0.0
 71
     0
 42
2.5
  3
arial.ttf
  4

1001
ACAD
1000
Arial
1071
       34
  0
STYLE
  5
132
330
3
100
AcDbSymbolTableRecord
100
AcDbTextStyleTableRecord
  2
Annotatif
 70
     0
 40
0.0
 41
1.0
 50
0.0
 71
     0
 42
2.5
  3
arial.ttf
  4

1001
AcadAnnotative
1000
AnnotativeData
1002
{
1070
     1
1070
     1
1002
}
1001
ACAD
1000
Arial
1071
       34
  0
STYLE
  5
3C57
330
3
100
AcDbSymbolTableRecord
100
AcDbTextStyleTableRecord
  2
Legend
 70
     0
 40
0.0
 41
1.0
 50
0.0
 71
     0
 42
0.2
  3
calibri.ttf
  4

1001
ACAD
1000
Calibri
1071
       80
  0
ENDTAB
  0
TABLE
  2
VIEW
  5
6
330
0
100
AcDbSymbolTable
 70
     1
  0
ENDTAB
  0
TABLE
  2
UCS
  5
7
330
0
100
AcDbSymbolTable
 70
     0
  0
ENDTAB
  0
TABLE
  2
APPID
  5
9
330
0
100
AcDbSymbolTable
 70
    19
  0
APPID
  5
12
330
9
100
AcDbSymbolTableRecord
100
AcDbRegAppTableRecord
  2
ACAD
 70
     0
  0
APPID
  5
9E
330
9
100
AcDbSymbolTableRecord
100
AcDbRegAppTableRecord
  2
ACAD_PSEXT
 70
     0
  0
APPID
  5
133
330
9
100
AcDbSymbolTableRecord
100
AcDbRegAppTableRecord
  2
AcadAnnoPO
 70
     0
  0
APPID
  5
134
330
9
100
AcDbSymbolTableRecord
100
AcDbRegAppTableRecord
  2
AcadAnnotative
 70
     0
  0
APPID
  5
135
330
9
100
AcDbSymbolTableRecord
100
AcDbRegAppTableRecord
  2
ACAD_DSTYLE_DIMJAG
 70
     0
  0
APPID
  5
136
330
9
100
AcDbSymbolTableRecord
100
AcDbRegAppTableRecord
  2
ACAD_DSTYLE_DIMTALN
 70
     0
  0
APPID
  5
165
330
9
100
AcDbSymbolTableRecord
100
AcDbRegAppTableRecord
  2
ACAD_MLEADERVER
 70
     0
  0
APPID
  5
217
330
9
100
AcDbSymbolTableRecord
100
AcDbRegAppTableRecord
  2
ACAD_NAV_VCDISPLAY
 70
     0
  0
APPID
  5
28C
330
9
100
AcDbSymbolTableRecord
100
AcDbRegAppTableRecord
  2
ACAD_EXEMPT_FROM_CAD_STANDARDS
 70
     0
  0
APPID
  5
296
330
9
100
AcDbSymbolTableRecord
100
AcDbRegAppTableRecord
  2
AcAecLayerStandard
 70
     0
  0
APPID
  5
297
330
9
100
AcDbSymbolTableRecord
100
AcDbRegAppTableRecord
  2
AcCmTransparency
 70
     0
  0
APPID
  5
5CC
330
9
100
AcDbSymbolTableRecord
100
AcDbRegAppTableRecord
  2
AcLayerTools
 70
     0
  0
APPID
  5
2F3D
330
9
100
AcDbSymbolTableRecord
100
AcDbRegAppTableRecord
  2
GradientColor1ACI
 70
     0
  0
APPID
  5
2F3E
330
9
100
AcDbSymbolTableRecord
100
AcDbRegAppTableRecord
  2
GradientColor2ACI
 70
     0
  0
APPID
  5
3C58
330
9
100
AcDbSymbolTableRecord
100
AcDbRegAppTableRecord
  2
ADE
 70
     0
  0
APPID
  5
3C59
330
9
100
AcDbSymbolTableRecord
100
AcDbRegAppTableRecord
  2
COVADIS_ECHELLE
 70
     0
  0
APPID
  5
3C5A
330
9
100
AcDbSymbolTableRecord
100
AcDbRegAppTableRecord
  2
COVADIS_VARIABLES_1
 70
     0
  0
APPID
  5
41E9
330
9
100
AcDbSymbolTableRecord
100
AcDbRegAppTableRecord
  2
ACAD_DSTYLE_DIMRADIAL_EXTENSION
 70
     0
  0
APPID
  5
4593
330
9
100
AcDbSymbolTableRecord
100
AcDbRegAppTableRecord
  2
AcDbDynamicBlockGUID
 70
     0
  0
ENDTAB
  0
TABLE
  2
DIMSTYLE
  5
A
330
0
100
AcDbSymbolTable
 70
     3
100
AcDbDimStyleTable
 71
     2
340
27
340
137
  0
DIMSTYLE
105
1B0
330
A
100
AcDbSymbolTableRecord
100
AcDbDimStyleTableRecord
  2
Standard
 70
     0
340
11
  0
DIMSTYLE
105
137
330
A
100
AcDbSymbolTableRecord
100
AcDbDimStyleTableRecord
  2
Annotatif
 70
     0
 40
0.0
 41
2.5
 42
0.625
 43
3.75
 44
1.25
 73
     0
 74
     0
 77
     1
 78
     8
140
2.5
141
2.5
143
0.03937007874016
147
0.625
171
     3
172
     1
271
     2
272
     2
274
     3
278
    44
283
     0
284
     8
340
11
1001
AcadAnnotative
1000
AnnotativeData
1002
{
1070
     1
1070
     1
1002
}
1001
ACAD_DSTYLE_DIMJAG
1070
   388
1040
1.5
1001
ACAD_DSTYLE_DIMTALN
1070
   392
1070
     0
  0
DIMSTYLE
105
27
330
A
100
AcDbSymbolTableRecord
100
AcDbDimStyleTableRecord
  2
ISO-25
 70
     0
 41
2.5
 42
0.625
 43
3.75
 44
1.25
 73
     0
 74
     0
 77
     1
 78
     8
140
2.5
141
2.5
143
0.03937007874016
147
0.625
171
     3
172
     1
271
     2
272
     2
274
     3
278
    44
283
     0
284
     8
340
11
  0
ENDTAB
  0
TABLE
  2
BLOCK_RECORD
  5
1
330
0
100
AcDbSymbolTable
 70
     9
  0
BLOCK_RECORD
  5
1F
102
{ACAD_XDICTIONARY
360
1CE
102
}
330
1
100
AcDbSymbolTableRecord
100
AcDbBlockTableRecord
  2
*Model_Space
340
22
 70
     0
280
     1
281
     0
  0
BLOCK_RECORD
  5
D2
102
{ACAD_XDICTIONARY
360
3B2F
102
}
330
1
100
AcDbSymbolTableRecord
100
AcDbBlockTableRecord
  2
*Paper_Space
340
D3
 70
     0
280
     1
281
     0
  0
BLOCK_RECORD
  5
D6
330
1
100
AcDbSymbolTableRecord
100
AcDbBlockTableRecord
  2
*Paper_Space0
340
D7
 70
     0
280
     1
281
     0
  0
BLOCK_RECORD
  5
1275
330
1
100
AcDbSymbolTableRecord
100
AcDbBlockTableRecord
  2
dji cam
340
0
310
28000000200000002000000001002000000000000010000001000000010000000000000000000000302821FF302821FF302821FF302821FF302821FF302821FF302821FF302821FF302821FF302821FF302821FF302821FF302821FF302821FF302821FF302821FF302821FF302821FF302821FF302821FF302821FF302821
310
FF302821FF302821FF302821FF302821FF302821FF302821FF302821FF302821FF302821FF302821FF302821FF302821FF302821FF302821FF302821FF302821FF302821FF302821FF302821FF302821FF302821FF302821FF302821FF302821FF302821FF302821FF302821FF302821FF302821FF302821FF302821FF3028
310
21FF302821FF302821FF302821FF302821FF302821FF302821FF302821FF302821FF302821FF302821FF302821FFFF7F00FFFF7F00FFFF7F00FFFF7F00FFFF7F00FFFF7F00FFFF7F00FF302821FF302821FF302821FF302821FF302821FF302821FF302821FF302821FF302821FF302821FF302821FF302821FF302821FF30
310
2821FF302821FF302821FF302821FF302821FF302821FF302821FF302821FF302821FF302821FF302821FF302821FFFF7F00FF302821FF302821FF302821FF302821FF302821FF302821FFFF7F00FFFF7F00FFFF7F00FFFF7F00FFFF7F00FFFF7F00FFFF7F00FFFF7F00FFFF7F00FFFF7F00FF302821FF302821FF302821FF
310
302821FF302821FF302821FF302821FF302821FF302821FF302821FF302821FF302821FF302821FF302821FF302821FF302821FFFF7F00FFFF7F00FF302821FF302821FF302821FF302821FF302821FFFF7F00FFFF7F00FFFF7F00FFFF7F00FFFF7F00FFFF7F00FFFF7F00FFFF7F00FFFF7F00FFFF7F00FFFF7F00FFFF7F00
310
FFFF7F00FFFF7F00FFFF7F00FFFF7F00FFFF7F00FF302821FF302821FF302821FF302821FF302821FF302821FF302821FF302821FF302821FF302821FFFF7F00FF302821FF302821FF302821FFFF7F00FFFF7F00FF302821FF302821FF302821FF302821FF302821FF302821FF302821FF302821FF302821FF302821FF3028
310
21FF302821FF302821FF302821FF302821FF302821FFFF7F00FFFF7F00FF302821FF302821FF302821FF302821FF302821FF302821FF302821FF302821FFFF7F00FF302821FF302821FF302821FFFF7F00FF302821FF302821FF302821FF302821FF302821FF302821FF302821FF302821FF302821FF302821FF302821FF30
310
2821FF302821FF302821FF302821FF302821FF302821FF302821FF302821FFFF7F00FF302821FF302821FF302821FF302821FF302821FF302821FF302821FFFF7F00FF302821FF302821FF302821FFFF7F00FF302821FF302821FF302821FFFF7F00FFFF7F00FFFF7F00FFFF7F00FFFF7F00FFFF7F00FFFF7F00FFFF7F00FF
310
FF7F00FFFF7F00FFFF7F00FFFF7F00FF302821FF302821FF302821FF302821FF302821FFFF7F00FF302821FF302821FF302821FF302821FF302821FF302821FFFF7F00FF302821FF302821FF302821FFFF7F00FF302821FF302821FFFF7F00FFFF7F00FF302821FF302821FF302821FF302821FF302821FF302821FF302821
310
FF302821FF302821FF302821FF302821FFFF7F00FF302821FF302821FF302821FF302821FFFF7F00FF302821FF302821FF302821FF302821FF302821FF302821FFFF7F00FF302821FF302821FF302821FFFF7F00FF302821FFFF7F00FFFF7F00FF302821FF302821FF302821FF302821FF302821FF302821FF302821FF3028
310
21FF302821FF302821FF302821FF302821FF302821FFFF7F00FF302821FF302821FF302821FFFF7F00FF302821FF302821FF302821FF302821FF302821FF302821FFFF7F00FF302821FF302821FF302821FFFF7F00FF302821FFFF7F00FF302821FF302821FF302821FF302821FF302821FF302821FFFF7F00FFFF7F00FF30
310
2821FF302821FF302821FF302821FF302821FF302821FFFF7F00FF302821FF302821FF302821FF302821FFFF7F00FF302821FF302821FF302821FF302821FF302821FFFF7F00FF302821FF302821FF302821FFFF7F00FF302821FFFF7F00FF302821FF302821FF302821FF302821FF302821FFFF7F00FF302821FFFF7F00FF
310
FF7F00FF302821FF302821FF302821FF302821FF302821FFFF7F00FF302821FF302821FF302821FF302821FFFF7F00FF302821FF302821FF302821FF302821FF302821FFFF7F00FF302821FF302821FF302821FFFF7F00FF302821FFFF7F00FF302821FF302821FF302821FF302821FF302821FFFF7F00FFFF7F00FFFF7F00
310
FFFF7F00FF302821FF302821FF302821FF302821FF302821FFFF7F00FF302821FF302821FF302821FF302821FFFF7F00FF302821FF302821FF302821FF302821FF302821FFFF7F00FF302821FF302821FF302821FFFF7F00FF302821FFFF7F00FF302821FF302821FF302821FF302821FF302821FF302821FFFF7F00FFFF7F
310
00FF302821FF302821FF302821FF302821FF302821FF302821FFFF7F00FF302821FF302821FF302821FF302821FFFF7F00FF302821FF302821FF302821FF302821FF302821FFFF7F00FF302821FF302821FF302821FFFF7F00FF302821FFFF7F00FF302821FF302821FF302821FF302821FF302821FF302821FF302821FF30
310
2821FF302821FF302821FF302821FF302821FF302821FF302821FFFF7F00FF302821FF302821FF302821FF302821FFFF7F00FF302821FF302821FF302821FF302821FF302821FFFF7F00FF302821FF302821FF302821FFFF7F00FF302821FFFF7F00FF302821FF302821FF302821FF302821FF302821FF302821FF302821FF
310
302821FF302821FF302821FF302821FF302821FF302821FFFF7F00FFFF7F00FFFF7F00FF302821FF302821FF302821FFFF7F00FF302821FF302821FF302821FF302821FF302821FFFF7F00FF302821FF302821FF302821FFFF7F00FF302821FFFF7F00FF302821FF302821FF302821FF302821FF302821FF302821FF302821
310
FF302821FF302821FF302821FF302821FF302821FF302821FFFF7F00FF302821FF302821FFFF7F00FF302821FF302821FFFF7F00FF302821FF302821FF302821FF302821FF302821FFFF7F00FF302821FF302821FF302821FFFF7F00FF302821FFFF7F00FF302821FF302821FF302821FF302821FF302821FF302821FF3028
310
21FF302821FF302821FF302821FF302821FF302821FF302821FFFF7F00FF302821FFFF7F00FFFF7F00FF302821FF302821FFFF7F00FF302821FF302821FF302821FF302821FF302821FFFF7F00FF302821FF302821FF302821FFFF7F00FF302821FFFF7F00FF302821FF302821FF302821FF302821FF302821FF302821FFFF
310
7F00FFFF7F00FF302821FF302821FF302821FF302821FF302821FFFF7F00FFFF7F00FFFF7F00FF302821FF302821FF302821FFFF7F00FF302821FF302821FF302821FF302821FF302821FFFF7F00FF302821FF302821FF302821FFFF7F00FF302821FFFF7F00FF302821FF302821FF302821FF302821FF302821FFFF7F00FF
310
FF7F00FFFF7F00FFFF7F00FF302821FF302821FF302821FF302821FF302821FFFF7F00FF302821FF302821FF302821FF302821FFFF7F00FF302821FF302821FF302821FF302821FF302821FFFF7F00FF302821FF302821FF302821FFFF7F00FF302821FFFF7F00FF302821FF302821FF302821FF302821FF302821FFFF7F00
310
FF302821FFFF7F00FFFF7F00FF302821FF302821FF302821FF302821FF302821FFFF7F00FF302821FF302821FF302821FF302821FFFF7F00FF302821FF302821FF302821FF302821FF302821FFFF7F00FF302821FF302821FF302821FFFF7F00FF302821FFFF7F00FF302821FF302821FF302821FF302821FF302821FF3028
310
21FFFF7F00FFFF7F00FF302821FF302821FF302821FF302821FF302821FF302821FFFF7F00FF302821FF302821FF302821FF302821FFFF7F00FF302821FF302821FF302821FF302821FF302821FFFF7F00FF302821FF302821FF302821FFFF7F00FF302821FFFF7F00FFFF7F00FF302821FF302821FF302821FF302821FF30
310
2821FF302821FF302821FF302821FF302821FF302821FF302821FF302821FF302821FFFF7F00FF302821FF302821FF302821FFFF7F00FF302821FF302821FF302821FF302821FF302821FF302821FFFF7F00FF302821FF302821FF302821FFFF7F00FF302821FF302821FFFF7F00FFFF7F00FF302821FF302821FF302821FF
310
302821FF302821FF302821FF302821FF302821FF302821FF302821FF302821FFFF7F00FF302821FF302821FF302821FF302821FFFF7F00FF302821FF302821FF302821FF302821FF302821FF302821FFFF7F00FF302821FF302821FF302821FFFF7F00FF302821FF302821FF302821FFFF7F00FFFF7F00FFFF7F00FFFF7F00
310
FFFF7F00FFFF7F00FFFF7F00FFFF7F00FFFF7F00FFFF7F00FFFF7F00FFFF7F00FF302821FF302821FF302821FF302821FF302821FFFF7F00FF302821FF302821FF302821FF302821FF302821FF302821FFFF7F00FF302821FF302821FF302821FFFF7F00FF302821FF302821FF302821FF302821FF302821FF302821FF3028
310
21FF302821FF302821FF302821FF302821FF302821FF302821FF302821FF302821FF302821FF302821FF302821FF302821FFFF7F00FF302821FF302821FF302821FF302821FF302821FF302821FFFF7F00FFFF7F00FF302821FF302821FF302821FFFF7F00FFFF7F00FF302821FF302821FF302821FF302821FF302821FF30
310
2821FF302821FF302821FF302821FF302821FF302821FF302821FF302821FF302821FF302821FF302821FF302821FFFF7F00FF302821FF302821FF302821FF302821FF302821FF302821FFFF7F00FF302821FF302821FF302821FF302821FF302821FF302821FFFF7F00FFFF7F00FF302821FF302821FF302821FF302821FF
310
302821FF302821FF302821FF302821FF302821FF302821FF302821FF302821FF302821FFFF7F00FFFF7F00FFFF7F00FF302821FF302821FF302821FF302821FF302821FF302821FFFF7F00FF302821FF302821FF302821FF302821FF302821FF302821FFFF7F00FFFF7F00FFFF7F00FFFF7F00FFFF7F00FFFF7F00FFFF7F00
310
FFFF7F00FFFF7F00FFFF7F00FFFF7F00FFFF7F00FFFF7F00FFFF7F00FFFF7F00FFFF7F00FF302821FF302821FF302821FF302821FF302821FF302821FF302821FF302821FF302821FFFF7F00FFFF7F00FFFF7F00FFFF7F00FFFF7F00FFFF7F00FFFF7F00FF302821FF302821FF302821FF302821FF302821FF302821FF3028
310
21FF302821FF302821FF302821FF302821FF302821FF302821FF302821FF302821FF302821FF302821FF302821FF302821FF302821FF302821FF302821FF302821FF302821FF302821FF302821FF302821FF302821FF302821FF302821FF302821FF302821FF302821FF302821FF302821FF302821FF302821FF302821FF30
310
2821FF302821FF302821FF302821FF302821FF302821FF302821FF302821FF302821FF302821FF302821FF302821FF302821FF302821FF302821FF302821FF302821FF302821FF302821FF302821FF302821FF302821FF302821FF302821FF302821FF302821FF302821FF302821FF302821FF302821FF302821FF302821FF
310
302821FF302821FF302821FF302821FF302821FF302821FF302821FF302821FF302821FF302821FF302821FF302821FF302821FF302821FF302821FF302821FF302821FF302821FF
 70
     4
280
     1
281
     0
  0
BLOCK_RECORD
  5
2A00
102
{ACAD_XDICTIONARY
360
2A46
102
}
330
1
100
AcDbSymbolTableRecord
100
AcDbBlockTableRecord
  2
A$Cc199c210
340
0
 70
     4
280
     1
281
     0
  0
BLOCK_RECORD
  5
3BFA
330
1
100
AcDbSymbolTableRecord
100
AcDbBlockTableRecord
  2
flywoo lens
340
0
310
28000000200000002000000001002000000000000010000001000000010000000000000000000000302821FF302821FF302821FF302821FF302821FF302821FF302821FF302821FF302821FF302821FF302821FF302821FF302821FF302821FF302821FF302821FF302821FF302821FF302821FF302821FF302821FF302821
310
FF302821FF302821FF302821FF302821FF302821FF302821FF302821FF302821FF302821FF302821FF302821FF302821FF302821FF302821FF302821FF302821FF302821FF302821FF302821FF302821FF302821FF302821FF302821FF302821FF302821FF302821FF302821FF302821FF302821FF302821FF302821FFFFFF
310
FFFFFFFFFFFFFFFFFFFFFFFFFFFFFFFFFFFFFFFFFFFFFFFFFFFF302821FF302821FF302821FF302821FF302821FF302821FF302821FF302821FF302821FF302821FF302821FF302821FF302821FF302821FF302821FF302821FF302821FF302821FF302821FF302821FF302821FF302821FF302821FF302821FF302821FFFF
310
FFFFFF302821FFFFFFFFFF302821FF302821FF302821FFFFFFFFFF302821FF302821FF302821FF302821FF302821FF302821FF302821FF302821FFFFFFFFFFFFFFFFFFFFFFFFFFFFFFFFFFFFFFFFFFFFFFFFFFFFFFFFFFFFFFFFFFFFFFFFFFFFFFFFFFFFFFFFFFFFFFFFFFFFFFFFFFFFFFFFFFFFFFFFFFFFFFFFFFFFFFFFFF
310
FFFFFFFFFFFFFFFFFFFFFFFFFFFFFFFF302821FF302821FFFFFFFFFF302821FF302821FF302821FF302821FF302821FF302821FF302821FF302821FFFFFFFFFFFFFFFFFFFFFFFFFF302821FF302821FF302821FF302821FF302821FF302821FF302821FF302821FF302821FF302821FF302821FF302821FFFFFFFFFF302821
310
FFFFFFFFFF302821FF302821FFFFFFFFFF302821FF302821FFFFFFFFFF302821FF302821FF302821FF302821FF302821FF302821FF302821FF302821FF302821FF302821FFFFFFFFFF302821FF302821FFFFFFFFFFFFFFFFFFFFFFFFFFFFFFFFFFFFFFFFFFFFFFFFFFFFFFFFFFFFFFFFFFFFFFFFFFFFFFFFFF302821FF3028
310
21FFFFFFFFFFFFFFFFFFFFFFFFFFFFFFFFFF302821FF302821FFFFFFFFFF302821FF302821FF302821FF302821FF302821FF302821FF302821FF302821FF302821FF302821FFFFFFFFFFFFFFFFFFFFFFFFFF302821FF302821FF302821FF302821FF302821FF302821FF302821FF302821FF302821FF302821FF302821FF30
310
2821FF302821FF302821FF302821FF302821FF302821FF302821FFFFFFFFFF302821FF302821FF302821FF302821FF302821FF302821FF302821FF302821FF302821FF302821FFFFFFFFFF302821FF302821FF302821FF302821FF302821FF302821FF302821FF302821FF302821FF302821FF302821FF302821FF302821FF
310
302821FF302821FF302821FF302821FF302821FF302821FF302821FFFFFFFFFF302821FF302821FF302821FF302821FF302821FF302821FF302821FF302821FF302821FF302821FFFFFFFFFF302821FF302821FF302821FF302821FF302821FF302821FF302821FF302821FF302821FF302821FF302821FF302821FF302821
310
FF302821FF302821FF302821FF302821FF302821FF302821FF302821FFFFFFFFFF302821FF302821FF302821FF302821FF302821FF302821FF302821FF302821FF302821FF302821FFFFFFFFFF302821FF302821FF302821FF302821FF302821FF302821FF302821FF302821FF302821FF302821FF302821FF302821FF3028
310
21FF302821FF302821FF302821FF302821FF302821FF302821FF302821FFFFFFFFFF302821FF302821FF302821FF302821FF302821FF302821FF302821FF302821FF302821FF302821FFFFFFFFFF302821FF302821FF302821FF302821FF302821FF302821FF302821FF302821FF302821FF302821FF302821FF302821FF30
310
2821FF302821FF302821FF302821FF302821FF302821FF302821FF302821FFFFFFFFFF302821FF302821FF302821FF302821FF302821FF302821FF302821FF302821FF302821FF302821FFFFFFFFFF302821FF302821FF302821FF302821FF302821FF302821FF302821FF302821FF302821FF302821FF302821FF302821FF
310
302821FF302821FF302821FF302821FF302821FF302821FF302821FF302821FFFFFFFFFF302821FF302821FF302821FF302821FF302821FF302821FF302821FF302821FF302821FF302821FFFFFFFFFF302821FF302821FF302821FF302821FF302821FF302821FF302821FF302821FF302821FF302821FF302821FF302821
310
FF302821FF302821FF302821FF302821FF302821FF302821FF302821FF302821FFFFFFFFFF302821FF302821FF302821FF302821FF302821FF302821FF302821FF302821FF302821FF302821FFFFFFFFFF302821FF302821FF302821FF302821FF302821FF302821FF302821FF302821FF302821FF302821FF302821FF3028
310
21FF302821FF302821FF302821FF302821FF302821FF302821FF302821FF302821FFFFFFFFFF302821FF302821FF302821FF302821FF302821FF302821FF302821FF302821FF302821FF302821FFFFFFFFFF302821FF302821FF302821FF302821FF302821FF302821FF302821FF302821FF302821FF302821FF302821FF30
310
2821FF302821FF302821FF302821FF302821FF302821FF302821FF302821FF302821FFFFFFFFFF302821FF302821FF302821FF302821FF302821FF302821FF302821FF302821FF302821FF302821FFFFFFFFFF302821FF302821FF302821FF302821FF302821FF302821FF302821FF302821FF302821FF302821FF302821FF
310
302821FF302821FF302821FF302821FF302821FF302821FF302821FF302821FF302821FFFFFFFFFF302821FF302821FF302821FF302821FF302821FF302821FF302821FF302821FF302821FF302821FFFFFFFFFF302821FF302821FF302821FF302821FF302821FF302821FF302821FF302821FF302821FF302821FF302821
310
FF302821FF302821FF302821FF302821FF302821FF302821FF302821FF302821FF302821FFFFFFFFFF302821FF302821FF302821FF302821FF302821FF302821FF302821FF302821FF302821FF302821FFFFFFFFFF302821FF302821FF302821FF302821FF302821FF302821FF302821FF302821FF302821FF302821FF3028
310
21FF302821FF302821FF302821FF302821FF302821FF302821FF302821FF302821FF302821FFFFFFFFFF302821FF302821FF302821FF302821FF302821FF302821FF302821FF302821FF302821FF302821FFFFFFFFFF302821FF302821FF302821FF302821FF302821FF302821FF302821FF302821FF302821FF302821FF30
310
2821FF302821FF302821FF302821FF302821FF302821FF302821FF302821FF302821FF302821FFFFFFFFFF302821FF302821FF302821FF302821FF302821FF302821FF302821FF302821FF302821FF302821FFFFFFFFFF302821FF302821FF302821FF302821FF302821FF302821FF302821FF302821FF302821FF302821FF
310
302821FF302821FF302821FF302821FF302821FF302821FF302821FF302821FF302821FF302821FFFFFFFFFF302821FF302821FF302821FF302821FF302821FF302821FF302821FF302821FF302821FF302821FFFFFFFFFF302821FF302821FF302821FF302821FF302821FF302821FF302821FF302821FF302821FF302821
310
FF302821FF302821FF302821FF302821FF302821FF302821FF302821FF302821FF302821FF302821FFFFFFFFFF302821FF302821FF302821FF302821FF302821FF302821FF302821FF302821FF302821FF302821FFFFFFFFFF302821FF302821FF302821FF302821FF302821FF302821FF302821FF302821FF302821FF3028
310
21FF302821FF302821FF302821FF302821FF302821FF302821FF302821FF302821FF302821FF302821FFFFFFFFFF302821FF302821FF302821FF302821FF302821FF302821FF302821FF302821FF302821FF302821FFFFFFFFFF302821FF302821FF302821FF302821FF302821FF302821FF302821FF302821FF302821FF30
310
2821FF302821FF302821FF302821FF302821FF302821FF302821FF302821FF302821FF302821FF302821FFFFFFFFFF302821FF302821FF302821FF302821FF302821FF302821FF302821FF302821FF302821FF302821FFFFFFFFFF302821FF302821FF302821FF302821FF302821FF302821FF302821FF302821FF302821FF
310
302821FF302821FF302821FF302821FF302821FF302821FF302821FF302821FF302821FF302821FF302821FFFFFFFFFF302821FF302821FF302821FF302821FF302821FF302821FF302821FF302821FF302821FF302821FFFFFFFFFF302821FF302821FF302821FF302821FF302821FF302821FF302821FF302821FF302821
310
FF302821FF302821FF302821FF302821FF302821FF302821FF302821FF302821FF302821FF302821FF302821FFFFFFFFFF302821FF302821FF302821FF302821FF302821FF302821FF302821FF302821FF302821FF302821FFFFFFFFFFFFFFFFFFFFFFFFFF302821FF302821FF302821FF302821FF302821FF302821FF3028
310
21FF302821FF302821FF302821FF302821FF302821FF302821FF302821FF302821FF302821FF302821FF302821FFFFFFFFFF302821FF302821FF302821FF302821FF302821FF302821FF302821FF302821FF302821FF302821FFFFFFFFFF302821FF302821FFFFFFFFFFFFFFFFFFFFFFFFFFFFFFFFFFFFFFFFFFFFFFFFFFFF
310
FFFFFFFFFFFFFFFFFFFFFFFFFFFFFF302821FF302821FFFFFFFFFFFFFFFFFFFFFFFFFFFFFFFFFF302821FF302821FFFFFFFFFF302821FF302821FF302821FF302821FF302821FF302821FF302821FF302821FFFFFFFFFFFFFFFFFFFFFFFFFF302821FF302821FF302821FF302821FF302821FF302821FF302821FF302821FF
310
302821FF302821FF302821FF302821FFFFFFFFFF302821FFFFFFFFFF302821FF302821FFFFFFFFFF302821FF302821FFFFFFFFFF302821FF302821FF302821FF302821FF302821FF302821FF302821FF302821FFFFFFFFFFFFFFFFFFFFFFFFFFFFFFFFFFFFFFFFFFFFFFFFFFFFFFFFFFFFFFFFFFFFFFFFFFFFFFFFFFFFFFFF
310
FFFFFFFFFFFFFFFFFFFFFFFFFFFFFFFFFFFFFFFFFFFFFFFFFFFFFFFFFFFFFFFFFFFFFFFFFFFFFFFFFF302821FF302821FFFFFFFFFF302821FF302821FF302821FF302821FF302821FF302821FF302821FF302821FF302821FF302821FF302821FF302821FF302821FF302821FF302821FF302821FF302821FF302821FF3028
310
21FF302821FF302821FF302821FF302821FF302821FF302821FFFFFFFFFF302821FFFFFFFFFF302821FF302821FF302821FFFFFFFFFF302821FF302821FF302821FF302821FF302821FF302821FF302821FF302821FF302821FF302821FF302821FF302821FF302821FF302821FF302821FF302821FF302821FF302821FF30
310
2821FF302821FF302821FF302821FF302821FF302821FF302821FFFFFFFFFFFFFFFFFFFFFFFFFFFFFFFFFFFFFFFFFFFFFFFFFFFFFFFFFF302821FF302821FF302821FF302821FF302821FF302821FF302821FF302821FF302821FF302821FF302821FF302821FF302821FF302821FF302821FF302821FF302821FF302821FF
310
302821FF302821FF302821FF302821FF302821FF302821FF302821FF302821FF302821FF302821FF302821FF302821FF302821FF302821FF302821FF302821FF302821FF302821FF
 70
     4
280
     1
281
     0
  0
BLOCK_RECORD
  5
4D0F
102
{ACAD_XDICTIONARY
360
4E6F
102
}
330
1
100
AcDbSymbolTableRecord
100
AcDbBlockTableRecord
  2
FIT
340
0
310
28000000200000002000000001002000000000000010000001000000010000000000000000000000302821FF302821FF302821FF302821FF302821FF302821FF302821FF302821FF302821FF302821FF302821FF302821FF302821FF302821FF302821FF302821FF302821FF302821FF302821FF302821FF302821FF302821
310
FF302821FF302821FF302821FF302821FF302821FF302821FF302821FF302821FF302821FF302821FF302821FF302821FF302821FF302821FF302821FF302821FF302821FF302821FF302821FF302821FF302821FF302821FF302821FFFF7F00FFFF7F00FFFF7F00FFFF7F00FFFF7F00FFFF7F00FFFF7F00FFFF7F00FFFF7F
310
00FFFF7F00FFFF7F00FFFF7F00FF302821FF302821FF302821FF302821FF302821FF302821FF302821FF302821FF302821FF302821FF302821FF302821FF302821FF302821FF302821FF302821FF302821FF302821FFFF7F00FFFF7F00FF302821FF302821FF302821FF302821FF302821FF302821FF302821FF302821FF30
310
2821FF302821FF302821FFFF7F00FFFF7F00FF302821FF302821FF302821FF302821FF302821FF302821FF302821FF302821FF302821FF302821FF302821FF302821FF302821FF302821FF302821FF302821FFFF7F00FF302821FF302821FF302821FF302821FF302821FF302821FF302821FF302821FF302821FF302821FF
310
302821FF302821FF302821FFFF7F00FFFF7F00FF302821FF302821FF302821FF302821FF302821FF302821FF302821FF302821FFFF7F00FFFF7F00FFFF7F00FF302821FF302821FF302821FF302821FF302821FFFF7F00FF302821FF302821FF302821FF302821FF302821FF302821FF302821FF302821FF302821FF302821
310
FF302821FF302821FFFF7F00FFFF7F00FF302821FF302821FF302821FF302821FF302821FF302821FF302821FF302821FF302821FFFF7F00FF302821FFFF7F00FF302821FF302821FF302821FF302821FF302821FFFF7F00FF302821FF302821FF302821FF302821FF302821FF302821FF302821FF302821FF302821FF3028
310
21FFFF7F00FFFF7F00FF302821FF302821FF302821FF302821FF302821FF302821FF302821FF302821FF302821FF302821FF302821FFFF7F00FFFF7F00FFFF7F00FF302821FF302821FF302821FF302821FF302821FF302821FFFF7F00FF302821FF302821FF302821FF302821FF302821FF302821FF302821FFFF7F00FFFF
310
7F00FF302821FF302821FF302821FF302821FF302821FF302821FF302821FF302821FF302821FF302821FF302821FF302821FF302821FF302821FF302821FF302821FF302821FF302821FF302821FF302821FF302821FF302821FF302821FFFF7F00FF302821FF302821FF302821FF302821FFFF7F00FFFF7F00FF302821FF
310
302821FF302821FF302821FFFF7F00FFFF7F00FF302821FF302821FF302821FF302821FF302821FF302821FF302821FF302821FF302821FF302821FF302821FF302821FF302821FF302821FF302821FF302821FF302821FF302821FF302821FFFF7F00FF302821FF302821FFFF7F00FFFF7F00FF302821FF302821FF302821
310
FF302821FF302821FFFF7F00FFFF7F00FFFF7F00FFFF7F00FF302821FF302821FF302821FF302821FF302821FF302821FF302821FF302821FF302821FF302821FF302821FF302821FF302821FF302821FF302821FF302821FF302821FF302821FF302821FFFF7F00FFFF7F00FF302821FF302821FF302821FF302821FF3028
310
21FFFF7F00FFFF7F00FF302821FF302821FFFF7F00FFFF7F00FF302821FF302821FF302821FF302821FF302821FF302821FF302821FF302821FF302821FF302821FF302821FF302821FF302821FF302821FF302821FF302821FF302821FF302821FF302821FF302821FF302821FF302821FF302821FF302821FFFF7F00FFFF
310
7F00FF302821FF302821FF302821FFFF7F00FFFF7F00FF302821FF302821FF302821FF302821FF302821FF302821FF302821FF302821FF302821FF302821FF302821FF302821FF302821FF302821FF302821FF302821FF302821FF302821FF302821FF302821FF302821FF302821FF302821FFFF7F00FFFF7F00FF302821FF
310
302821FF302821FFFF7F00FFFF7F00FF302821FF302821FF302821FF302821FFFF7F00FFFF7F00FFFF7F00FF302821FF302821FF302821FF302821FF302821FF302821FF302821FF302821FF302821FF302821FF302821FF302821FF302821FF302821FF302821FF302821FF302821FFFF7F00FF302821FF302821FF302821
310
FFFF7F00FFFF7F00FF302821FF302821FF302821FF302821FFFF7F00FFFF7F00FF302821FF302821FFFF7F00FF302821FF302821FF302821FF302821FF302821FF302821FF302821FF302821FF302821FF302821FF302821FF302821FF302821FF302821FF302821FF302821FFFF7F00FFFF7F00FF302821FFFF7F00FFFF7F
310
00FF302821FF302821FF302821FF302821FFFF7F00FFFF7F00FF302821FF302821FF302821FF302821FFFF7F00FF302821FF302821FF302821FF302821FF302821FF302821FF302821FF302821FF302821FF302821FF302821FF302821FF302821FF302821FF302821FF302821FFFF7F00FFFF7F00FFFF7F00FF302821FF30
310
2821FF302821FF302821FFFF7F00FFFF7F00FF302821FF302821FF302821FF302821FF302821FF302821FFFF7F00FF302821FF302821FF302821FF302821FF302821FF302821FF302821FF302821FF302821FF302821FF302821FF302821FF302821FF302821FF302821FF302821FF302821FF302821FF302821FF302821FF
310
302821FFFF7F00FFFF7F00FF302821FF302821FF302821FF302821FF302821FF302821FF302821FF302821FFFF7F00FF302821FF302821FF302821FF302821FF302821FF302821FF302821FF302821FF302821FF302821FF302821FF302821FF302821FF302821FF302821FF302821FF302821FF302821FF302821FF302821
310
FFFF7F00FF302821FF302821FF302821FF302821FF302821FF302821FF302821FF302821FF302821FF302821FFFF7F00FF302821FF302821FF302821FF302821FF302821FF302821FF302821FF302821FF302821FF302821FF302821FF302821FF302821FF302821FF302821FF302821FF302821FF302821FF302821FF3028
310
21FFFF7F00FF302821FF302821FF302821FF302821FF302821FF302821FF302821FF302821FF302821FF302821FFFF7F00FF302821FF302821FF302821FF302821FF302821FF302821FF302821FF302821FF302821FF302821FF302821FF302821FF302821FF302821FF302821FF302821FF302821FF302821FF302821FF30
310
2821FFFF7F00FF302821FF302821FF302821FF302821FF302821FF302821FF302821FF302821FF302821FF302821FFFF7F00FF302821FF302821FF302821FF302821FF302821FF302821FF302821FF302821FF302821FF302821FF302821FF302821FF302821FF302821FF302821FF302821FF302821FF302821FF302821FF
310
302821FFFF7F00FF302821FF302821FF302821FF302821FF302821FF302821FF302821FF302821FF302821FF302821FFFF7F00FF302821FF302821FF302821FF302821FF302821FF302821FF302821FF302821FF302821FF302821FF302821FF302821FF302821FF302821FF302821FF302821FF302821FF302821FF302821
310
FF302821FF302821FFFF7F00FF302821FF302821FF302821FF302821FF302821FF302821FF302821FF302821FFFF7F00FFFF7F00FF302821FF302821FF302821FF302821FF302821FF302821FF302821FF302821FF302821FF302821FF302821FF302821FF302821FF302821FF302821FF302821FF302821FF302821FF3028
310
21FF302821FF302821FFFF7F00FF302821FF302821FF302821FF302821FF302821FF302821FFFF7F00FFFF7F00FF302821FF302821FF302821FF302821FF302821FF302821FF302821FF302821FF302821FF302821FF302821FF302821FF302821FF302821FF302821FF302821FF302821FF302821FF302821FF302821FF30
310
2821FF302821FF302821FF302821FFFF7F00FF302821FF302821FF302821FF302821FFFF7F00FF302821FF302821FF302821FF302821FF302821FF302821FF302821FF302821FF302821FF302821FF302821FF302821FF302821FF302821FF302821FF302821FF302821FF302821FF302821FF302821FF302821FF302821FF
310
302821FF302821FF302821FF302821FFFF7F00FFFF7F00FF302821FFFF7F00FFFF7F00FF302821FF302821FF302821FF302821FF302821FF302821FF302821FF302821FF302821FF302821FF302821FF302821FF302821FF302821FF302821FF302821FF302821FF302821FF302821FF302821FF302821FF302821FF302821
310
FF302821FF302821FF302821FF302821FF302821FFFF7F00FFFF7F00FF302821FF302821FF302821FF302821FF302821FF302821FF302821FF302821FF302821FF302821FF302821FF302821FF302821FF302821FF302821FF302821FF302821FF302821FF302821FF302821FF302821FF302821FF302821FF302821FF3028
310
21FF302821FF302821FF302821FF302821FF302821FF302821FF302821FF302821FF302821FF302821FF302821FF302821FF302821FF302821FF302821FF302821FF302821FF302821FF302821FF302821FF302821FF302821FF302821FF302821FF302821FF302821FF302821FF302821FF302821FF302821FF302821FF30
310
2821FF302821FF302821FF302821FF302821FF302821FF302821FF302821FF302821FF302821FF302821FF302821FF302821FF302821FF302821FF302821FF302821FF302821FF302821FF302821FF302821FF302821FF302821FF302821FF302821FF302821FF302821FF302821FF302821FF302821FF302821FF302821FF
310
302821FFFF7F00FFFF7F00FF302821FF302821FF302821FF302821FF302821FF302821FF302821FF302821FF302821FF302821FF302821FF302821FF302821FF302821FF302821FF302821FF302821FF302821FF302821FF302821FF302821FF302821FF302821FF302821FF302821FF302821FF302821FF302821FF302821
310
FF302821FFFF7F00FF302821FFFF7F00FF302821FF302821FF302821FF302821FF302821FF302821FF302821FF302821FF302821FF302821FF302821FF302821FF302821FF302821FF302821FF302821FF302821FF302821FF302821FF302821FF302821FF302821FF302821FF302821FF302821FF302821FF302821FF3028
310
21FF302821FFFF7F00FFFF7F00FFFF7F00FF302821FF302821FF302821FF302821FF302821FF302821FF302821FF302821FF302821FF302821FF302821FF302821FF302821FF302821FF302821FF302821FF302821FF302821FF302821FF302821FF302821FF302821FF302821FF302821FF302821FF302821FF302821FF30
310
2821FF302821FFFF7F00FFFF7F00FF302821FF302821FF302821FF302821FF302821FF302821FF302821FF302821FF302821FF302821FF302821FF302821FF302821FF302821FF302821FF302821FF302821FF302821FF302821FF302821FF302821FF302821FF302821FF302821FF302821FF302821FF302821FF302821FF
310
302821FF302821FF302821FF302821FF302821FF302821FF302821FF302821FF302821FF302821FF302821FF302821FF302821FF302821FF302821FF302821FF302821FF302821FF
102
{BLKREFS
331
8897
331
88B8
331
88D7
331
88F6
331
87EA
331
880E
331
8832
331
8856
331
8877
331
8917
331
893F
331
8960
331
897E
331
8A04
331
8A21
331
8A3F
331
8A5D
331
899D
331
89BC
331
89E4
102
}
 70
     4
280
     1
281
     0
  0
BLOCK_RECORD
  5
7567
102
{ACAD_XDICTIONARY
360
7616
102
}
330
1
100
AcDbSymbolTableRecord
100
AcDbBlockTableRecord
  2
proto_V24
340
0
 70
     4
280
     1
281
     0
  0
BLOCK_RECORD
  5
7635
102
{ACAD_XDICTIONARY
360
76D8
102
}
330
1
100
AcDbSymbolTableRecord
100
AcDbBlockTableRecord
  2
proto_V23
340
0
 70
     4
280
     1
281
     0
  0
BLOCK_RECORD
  5
7CA6
330
1
100
AcDbSymbolTableRecord
100
AcDbBlockTableRecord
  2
cam plate rail v2.1
340
0
310
28000000200000002000000001002000000000000010000001000000010000000000000000000000302821FF302821FF302821FF302821FF302821FF302821FF302821FF302821FF302821FF302821FF302821FF302821FF302821FF302821FF302821FF302821FF302821FF302821FF302821FF302821FF302821FF302821
310
FF302821FF302821FF302821FF302821FF302821FF302821FF302821FF302821FF302821FF302821FF302821FF302821FF302821FF302821FF302821FF302821FF302821FF302821FF302821FF302821FF302821FF302821FF302821FF302821FF302821FF302821FF302821FF302821FF302821FF302821FFFF7F00FFFF7F
310
00FF302821FF302821FF302821FF302821FF302821FF302821FF302821FF302821FF302821FF302821FF302821FF302821FF302821FF302821FF302821FF302821FF302821FF302821FF302821FF302821FF302821FF302821FF302821FF302821FF302821FF302821FF302821FF302821FF302821FFFF7F00FFFF7F00FFFF
310
7F00FFFF7F00FF302821FF302821FF302821FF302821FF302821FF302821FF302821FF302821FF302821FF302821FF302821FF302821FF302821FF302821FF302821FF302821FF302821FF302821FF302821FF302821FF302821FF302821FF302821FF302821FF302821FF302821FFFF7F00FFFF7F00FF302821FF302821FF
310
FF7F00FFFF7F00FF302821FF302821FF302821FF302821FF302821FF302821FF302821FF302821FF302821FF302821FF302821FF302821FF302821FF302821FF302821FF302821FF302821FF302821FF302821FF302821FF302821FF302821FF302821FF302821FFFF7F00FFFF7F00FF302821FF302821FFFF7F00FFFF7F00
310
FF302821FF302821FF302821FF302821FF302821FF302821FF302821FF302821FF302821FF302821FF302821FF302821FF302821FF302821FFFF7F00FFFF7F00FFFF7F00FF302821FF302821FF302821FF302821FF302821FF302821FF302821FFFF7F00FFFF7F00FF302821FF302821FFFF7F00FFFF7F00FF302821FF3028
310
21FF302821FF302821FF302821FF302821FF302821FF302821FF302821FF302821FF302821FF302821FF302821FF302821FF302821FF302821FFFF7F00FF302821FFFF7F00FF302821FF302821FF302821FF302821FF302821FFFF7F00FFFF7F00FF302821FF302821FFFF7F00FFFF7F00FF302821FF302821FF302821FF30
310
2821FF302821FF302821FF302821FF302821FF302821FF302821FF302821FF302821FF302821FF302821FF302821FF302821FF302821FF302821FFFF7F00FFFF7F00FFFF7F00FF302821FF302821FF302821FF302821FF302821FFFF7F00FF302821FFFF7F00FFFF7F00FF302821FF302821FF302821FF302821FF302821FF
310
302821FF302821FF302821FF302821FF302821FF302821FF302821FF302821FF302821FF302821FF302821FF302821FF302821FF302821FFFF7F00FFFF7F00FF302821FF302821FF302821FF302821FF302821FF302821FF302821FFFF7F00FFFF7F00FF302821FF302821FF302821FF302821FF302821FF302821FF302821
310
FF302821FF302821FF302821FF302821FF302821FF302821FF302821FF302821FF302821FF302821FF302821FF302821FF302821FF302821FF302821FF302821FFFF7F00FFFF7F00FF302821FF302821FF302821FF302821FF302821FF302821FF302821FF302821FF302821FF302821FF302821FF302821FF302821FF3028
310
21FF302821FF302821FF302821FF302821FFFF7F00FFFF7F00FFFF7F00FF302821FF302821FF302821FF302821FF302821FF302821FF302821FF302821FF302821FF302821FF302821FFFF7F00FFFF7F00FF302821FF302821FF302821FF302821FF302821FF302821FF302821FF302821FF302821FF302821FF302821FF30
310
2821FF302821FF302821FFFF7F00FFFF7F00FF302821FF302821FFFF7F00FF302821FF302821FF302821FF302821FF302821FF302821FF302821FF302821FF302821FF302821FF302821FF302821FF302821FFFF7F00FF302821FF302821FF302821FF302821FF302821FF302821FF302821FF302821FF302821FF302821FF
310
302821FFFF7F00FFFF7F00FF302821FF302821FF302821FFFF7F00FFFF7F00FF302821FF302821FF302821FF302821FF302821FF302821FF302821FF302821FF302821FF302821FF302821FF302821FF302821FFFF7F00FF302821FF302821FF302821FF302821FF302821FF302821FF302821FF302821FF302821FFFF7F00
310
FFFF7F00FF302821FF302821FF302821FFFF7F00FFFF7F00FF302821FF302821FF302821FF302821FF302821FF302821FF302821FF302821FF302821FF302821FF302821FF302821FF302821FF302821FF302821FFFF7F00FF302821FF302821FF302821FF302821FF302821FF302821FF302821FFFF7F00FFFF7F00FF3028
310
21FF302821FF302821FFFF7F00FFFF7F00FF302821FF302821FF302821FF302821FF302821FF302821FF302821FF302821FF302821FF302821FF302821FF302821FF302821FF302821FF302821FF302821FF302821FFFF7F00FF007FFFFF302821FF302821FF302821FF302821FF302821FF302821FFFF7F00FF302821FF30
310
2821FFFF7F00FFFF7F00FF302821FF302821FF302821FF302821FF302821FF302821FF302821FF302821FF302821FF302821FF302821FF302821FF302821FF302821FF302821FF302821FF302821FF302821FF302821FFFF7F00FF007FFFFF302821FF302821FF302821FF302821FF302821FF302821FFFF7F00FFFF7F00FF
310
FF7F00FF302821FF302821FF302821FF302821FF302821FF302821FF302821FF302821FF302821FF302821FF302821FF302821FF302821FF302821FF302821FF302821FF302821FF302821FF302821FF302821FF302821FFFF7F00FF302821FF007FFFFF302821FF302821FF302821FF302821FF302821FF302821FF302821
310
FF302821FF302821FF302821FF302821FF302821FF302821FF302821FF302821FF302821FF302821FF302821FF302821FF302821FF302821FF302821FF302821FF302821FF302821FF302821FF302821FF302821FF302821FF302821FFFF7F00FF007FFFFF302821FF302821FF302821FF302821FF302821FF302821FF3028
310
21FF302821FF302821FF302821FF302821FF302821FF302821FF302821FF302821FFFF7F00FFFF7F00FFFF7F00FFFF7F00FF302821FF302821FF302821FF302821FF302821FF302821FF302821FF302821FF302821FF302821FF302821FFFF7F00FF302821FF007FFFFF302821FF302821FF302821FF302821FF302821FF30
310
2821FF302821FF302821FF302821FF302821FF302821FF302821FFFF7F00FFFF7F00FF302821FF302821FF302821FFFF7F00FF302821FF302821FF302821FF302821FF302821FF302821FF302821FF302821FF302821FF302821FF302821FF302821FFFF7F00FF007FFFFF302821FF302821FF302821FF302821FF302821FF
310
302821FF302821FF302821FF302821FF302821FFFF7F00FFFF7F00FF302821FF302821FF302821FFFF7F00FFFF7F00FFFF7F00FF302821FF302821FF302821FF302821FF302821FF302821FF302821FF302821FF302821FF302821FF302821FF302821FFFF7F00FFFF7F00FF007FFFFF302821FF302821FF302821FF302821
310
FF302821FF302821FF302821FFFF7F00FFFF7F00FF302821FF302821FF302821FFFF7F00FFFF7F00FF302821FF302821FF302821FF302821FF302821FF302821FF302821FF302821FF302821FF302821FF302821FF302821FF302821FF302821FF302821FF302821FF302821FFFF7F00FFFF7F00FF302821FF302821FF3028
310
21FF302821FFFF7F00FFFF7F00FF302821FF302821FF302821FFFF7F00FFFF7F00FF302821FF302821FF302821FF302821FF302821FF302821FF302821FF302821FF302821FF302821FF302821FF302821FF302821FF302821FF302821FF302821FF302821FF302821FF302821FF302821FFFF7F00FF302821FF302821FF30
310
2821FF302821FFFF7F00FF302821FF302821FFFF7F00FFFF7F00FF302821FF302821FF302821FF302821FF302821FF302821FF302821FF302821FF302821FF302821FF302821FF302821FF302821FF302821FF302821FF302821FF302821FF302821FF302821FF302821FF302821FF302821FFFF7F00FF302821FF302821FF
310
302821FF302821FFFF7F00FFFF7F00FFFF7F00FF302821FF302821FF302821FF302821FF302821FF302821FF302821FF302821FF302821FF302821FF302821FF302821FF302821FF302821FF302821FF302821FF302821FF302821FF302821FF302821FF302821FF302821FF302821FF302821FFFF7F00FF302821FF302821
310
FF302821FF302821FF302821FF302821FF302821FF302821FF302821FF302821FF302821FF302821FF302821FF302821FF302821FF302821FF302821FF302821FF302821FF302821FF302821FF302821FF302821FF302821FF302821FF302821FF302821FF302821FF302821FF302821FF302821FFFF7F00FF302821FF3028
310
21FF302821FF302821FF302821FF302821FF302821FF302821FF302821FF302821FF302821FF302821FF302821FF302821FF302821FF302821FF302821FF302821FF302821FF302821FF302821FF302821FF302821FF302821FF302821FF302821FF302821FF302821FF302821FF302821FF302821FFFF7F00FF302821FF30
310
2821FF302821FF302821FF302821FF302821FF302821FF302821FF302821FF302821FF302821FF302821FF302821FF302821FF302821FF302821FF302821FF302821FF302821FF302821FF302821FF302821FF302821FF302821FF302821FF302821FF302821FF302821FF302821FF302821FFFF7F00FF302821FFFF7F00FF
310
FF7F00FF302821FF302821FF302821FF302821FF302821FF302821FF302821FF302821FF302821FF302821FF302821FF302821FF302821FF302821FF302821FF302821FF302821FF302821FF302821FF302821FF302821FF302821FF302821FF302821FF302821FF302821FF302821FF302821FFFF7F00FFFF7F00FFFF7F00
310
FFFF7F00FFFF7F00FF302821FF302821FF302821FF302821FF302821FF302821FF302821FF302821FF302821FF302821FF302821FF302821FF302821FF302821FF302821FF302821FF302821FF302821FF302821FF302821FF302821FF302821FF302821FF302821FF302821FF302821FF302821FFFF7F00FFFF7F00FFFF7F
310
00FFFF7F00FFFF7F00FF302821FF302821FF302821FF302821FF302821FF302821FF302821FF302821FF302821FF302821FF302821FF302821FF302821FF302821FF302821FF302821FF302821FF302821FF302821FF302821FF302821FF302821FF302821FF302821FF302821FF302821FF302821FF302821FF302821FFFF
310
7F00FFFF7F00FF302821FF302821FF302821FF302821FF302821FF302821FF302821FF302821FF302821FF302821FF302821FF302821FF302821FF302821FF302821FF302821FF302821FF302821FF302821FF302821FF302821FF302821FF302821FF302821FF302821FF302821FF302821FF302821FF302821FF302821FF
310
302821FF302821FF302821FF302821FF302821FF302821FF302821FF302821FF302821FF302821FF302821FF302821FF302821FF302821FF302821FF302821FF302821FF302821FF
102
{BLKREFS
331
8F6B
331
807F
331
800F
331
8032
331
8055
331
81F1
331
8216
331
823B
331
8264
331
8287
331
82AC
331
81CF
331
82D1
331
8E73
331
8E93
331
8EB7
331
8ED9
331
8F03
331
8F23
331
8F47
102
}
 70
     4
280
     1
281
     0
  0
ENDTAB
  0
ENDSEC
  0
SECTION
  2
BLOCKS
  0
BLOCK
  5
20
330
1F
100
AcDbEntity
  8
0
100
AcDbBlockBegin
  2
*Model_Space
 70
     0
 10
0.0
 20
0.0
 30
0.0
  3
*Model_Space
  1

  0
ENDBLK
  5
21
330
1F
100
AcDbEntity
  8
0
100
AcDbBlockEnd
  0
BLOCK
  5
D4
330
D2
100
AcDbEntity
 67
     1
  8
0
100
AcDbBlockBegin
  2
*Paper_Space
 70
     0
 10
0.0
 20
0.0
 30
0.0
  3
*Paper_Space
  1

  0
ENDBLK
  5
D5
330
D2
100
AcDbEntity
 67
     1
  8
0
100
AcDbBlockEnd
  0
BLOCK
  5
D8
330
D6
100
AcDbEntity
 67
     1
  8
0
100
AcDbBlockBegin
  2
*Paper_Space0
 70
     0
 10
0.0
 20
0.0
 30
0.0
  3
*Paper_Space0
  1

  0
ENDBLK
  5
D9
330
D6
100
AcDbEntity
 67
     1
  8
0
100
AcDbBlockEnd
  0
BLOCK
  5
1276
330
1275
100
AcDbEntity
  8
0
100
AcDbBlockBegin
  2
dji cam
 70
     0
 10
0.0
 20
0.0
 30
0.0
  3
dji cam
  1

  0
LINE
  5
1277
330
1275
100
AcDbEntity
  8
0
100
AcDbLine
 10
-4.834813297005894
 20
-5.812673812341017
 30
0.0
 11
4.038014657933672
 21
-5.812673812341017
 31
0.0
  0
ARC
  5
1278
330
1275
100
AcDbEntity
  8
0
100
AcDbCircle
 10
4.038014657933672
 20
-0.8126738123410177
 30
0.0
 40
5.0
100
AcDbArc
 50
270.0
 51
0.0
  0
ARC
  5
1279
330
1275
100
AcDbEntity
  8
0
100
AcDbCircle
 10
-4.834813297005894
 20
-3.812673812341017
 30
0.0
 40
2.0
100
AcDbArc
 50
180.0
 51
270.0
  0
LINE
  5
127A
330
1275
100
AcDbEntity
  8
0
100
AcDbLine
 10
-4.834813297005894
 20
11.90732618765923
 30
0.0
 11
4.038014657933672
 21
11.90732618765923
 31
0.0
  0
ARC
  5
127B
330
1275
100
AcDbEntity
  8
0
100
AcDbCircle
 10
-4.834813297005894
 20
9.907326187659236
 30
0.0
 40
2.0
100
AcDbArc
 50
90.0
 51
180.0
  0
CIRCLE
  5
127C
330
1275
100
AcDbEntity
  8
0
100
AcDbCircle
 10
0.0
 20
0.0
 30
0.0
 40
1.0
  0
CIRCLE
  5
127D
330
1275
100
AcDbEntity
  8
0
100
AcDbCircle
 10
0.0
 20
6.0
 30
0.0
 40
1.0
  0
LINE
  5
127E
330
1275
100
AcDbEntity
  8
0
100
AcDbLine
 10
-6.834813297005894
 20
9.907326187659236
 30
0.0
 11
-6.834813297005894
 21
-3.812673812341017
 31
0.0
  0
LINE
  5
127F
330
1275
100
AcDbEntity
  8
0
100
AcDbLine
 10
-9.721811819559661
 20
-4.425417562380971
 30
0.0
 11
-9.721811819559661
 21
9.897324535478219
 31
0.0
  0
LINE
  5
1280
330
1275
100
AcDbEntity
  8
0
100
AcDbLine
 10
-10.1987271442199
 20
10.74960525356619
 30
0.0
 11
-11.36484456179414
 21
11.46530624014758
 31
0.0
  0
ARC
  5
1281
330
1275
100
AcDbEntity
  8
0
100
AcDbCircle
 10
-10.72181181955966
 20
9.897324535478219
 30
0.0
 40
1.0
100
AcDbArc
 50
0.0
 51
58.46060619105859
  0
LINE
  5
1282
330
1275
100
AcDbEntity
  8
0
100
AcDbLine
 10
-11.84175988645438
 20
12.72210619473844
 30
0.0
 11
-2.70280534698395
 21
12.44271900009698
 31
0.0
  0
LINE
  5
1283
330
1275
100
AcDbEntity
  8
0
100
AcDbLine
 10
9.038014657933672
 20
6.907326187659236
 30
0.0
 11
9.038014657933672
 21
-0.8126738123410177
 31
0.0
  0
ARC
  5
1284
330
1275
100
AcDbEntity
  8
0
100
AcDbCircle
 10
4.038014657933672
 20
6.907326187659236
 30
0.0
 40
5.0
100
AcDbArc
 50
0.0
 51
90.0
  0
CIRCLE
  5
1285
330
1275
100
AcDbEntity
  8
0
100
AcDbCircle
 10
5.706156348751392
 20
3.551027671175688
 30
0.0
 40
1.169715097814332
  0
LINE
  5
1286
330
1275
100
AcDbEntity
  8
0
100
AcDbLine
 10
-5.199856726008874
 20
7.155887717002769
 30
0.0
 11
-5.199856726008874
 21
-1.154159017874917
 31
0.0
  0
LINE
  5
1287
330
1275
100
AcDbEntity
  8
0
100
AcDbLine
 10
-3.199856726008874
 20
-3.154159017874917
 30
0.0
 11
3.534133229819417
 21
-3.154159017874917
 31
0.0
  0
ARC
  5
1288
330
1275
100
AcDbEntity
  8
0
100
AcDbCircle
 10
-3.199856726008874
 20
-1.154159017874917
 30
0.0
 40
2.0
100
AcDbArc
 50
180.0
 51
270.0
  0
LINE
  5
1289
330
1275
100
AcDbEntity
  8
0
100
AcDbLine
 10
-3.199856726008874
 20
9.155887717002769
 30
0.0
 11
3.534133229819417
 21
9.155887717002769
 31
0.0
  0
ARC
  5
128A
330
1275
100
AcDbEntity
  8
0
100
AcDbCircle
 10
-3.199856726008874
 20
7.155887717002769
 30
0.0
 40
2.0
100
AcDbArc
 50
90.0
 51
180.0
  0
ARC
  5
128B
330
1275
100
AcDbEntity
  8
0
100
AcDbCircle
 10
3.534133229819417
 20
7.155887717002769
 30
0.0
 40
2.0
100
AcDbArc
 50
0.0
 51
90.0
  0
LINE
  5
128C
330
1275
100
AcDbEntity
  8
0
100
AcDbLine
 10
5.534133229819417
 20
7.155887717002769
 30
0.0
 11
5.534133229819417
 21
4.708024411278529
 31
0.0
  0
LINE
  5
128D
330
1275
100
AcDbEntity
  8
0
100
AcDbLine
 10
5.534133229819417
 20
2.394030931072848
 30
0.0
 11
5.534133229819417
 21
-1.154159017874917
 31
0.0
  0
ARC
  5
128E
330
1275
100
AcDbEntity
  8
0
100
AcDbCircle
 10
3.534133229819417
 20
-1.154159017874917
 30
0.0
 40
2.0
100
AcDbArc
 50
270.0
 51
0.0
  0
LINE
  5
128F
330
1275
100
AcDbEntity
  8
0
100
AcDbLine
 10
-11.84175988645438
 20
12.72210619473844
 30
0.0
 11
-11.84175988645438
 21
12.31758695823555
 31
0.0
  0
ARC
  5
1290
330
1275
100
AcDbEntity
  8
0
100
AcDbCircle
 10
-10.84175988645438
 20
12.31758695823555
 30
0.0
 40
1.0
100
AcDbArc
 50
180.0
 51
238.4606061910586
  0
LINE
  5
1291
330
1275
100
AcDbEntity
  8
0
100
AcDbLine
 10
-10.1987271442199
 20
-4.747876554438335
 30
0.0
 11
-11.36484456179414
 21
-5.463577541019731
 31
0.0
  0
ARC
  5
1292
330
1275
100
AcDbEntity
  8
0
100
AcDbCircle
 10
-10.72181181955966
 20
-3.895595836350366
 30
0.0
 40
1.0
100
AcDbArc
 50
301.5393938089637
 51
0.0
  0
LINE
  5
1293
330
1275
100
AcDbEntity
  8
0
100
AcDbLine
 10
-11.84175988645438
 20
-6.720377495610591
 30
0.0
 11
-11.84175988645438
 21
-6.315858259107699
 31
0.0
  0
ARC
  5
1294
330
1275
100
AcDbEntity
  8
0
100
AcDbCircle
 10
-10.84175988645438
 20
-6.315858259107699
 30
0.0
 40
1.0
100
AcDbArc
 50
121.5393938089636
 51
180.0
  0
ARC
  5
1295
330
1275
100
AcDbEntity
  8
0
100
AcDbCircle
 10
-3.356124021123378
 20
2.604266732536416
 30
0.0
 40
9.860120096177684
100
AcDbArc
 50
70.64853050382551
 51
86.20087321744943
  0
LINE
  5
1296
330
1275
100
AcDbEntity
  8
0
100
AcDbLine
 10
-11.84175988645438
 20
-6.720377495610591
 30
0.0
 11
-2.70280534698395
 21
-6.440990300969133
 31
0.0
  0
ARC
  5
1297
330
1275
100
AcDbEntity
  8
0
100
AcDbCircle
 10
-3.356124021123378
 20
3.397461966591436
 30
0.0
 40
9.860120096177684
100
AcDbArc
 50
273.7991267825506
 51
289.3514694961744
  0
ENDBLK
  5
1298
330
1275
100
AcDbEntity
  8
0
100
AcDbBlockEnd
  0
BLOCK
  5
2A48
330
2A00
100
AcDbEntity
  8
0
100
AcDbBlockBegin
  2
A$Cc199c210
 70
     0
 10
0.0
 20
0.0
 30
0.0
  3
A$Cc199c210
  1

  0
LINE
  5
2A01
330
2A00
100
AcDbEntity
  8
Calque1
100
AcDbLine
 10
-1.820856702456694
 20
-27.29255321293249
 30
0.0
 11
7.340109984036644
 21
-27.29255321293249
 31
0.0
  0
ARC
  5
2A02
330
2A00
100
AcDbEntity
  8
Calque1
100
AcDbCircle
 10
-1.820856702456694
 20
-25.29255321293249
 30
0.0
 40
2.0
100
AcDbArc
 50
227.2669512373494
 51
270.0
  0
ARC
  5
2A03
330
2A00
100
AcDbEntity
  8
Calque1
100
AcDbCircle
 10
7.340109984036644
 20
-26.29255321293249
 30
0.0
 40
1.0
100
AcDbArc
 50
270.0
 51
65.00995924153723
  0
LINE
  5
2A04
330
2A00
100
AcDbEntity
  8
Calque1
100
AcDbLine
 10
3.993128521131438
 20
-34.29255321293249
 30
0.0
 11
6.853111630525745
 21
-34.29255321293249
 31
0.0
  0
LINE
  5
2A05
330
2A00
100
AcDbEntity
  8
Calque1
100
AcDbLine
 10
-2.731910481095837
 20
-33.29255321293249
 30
0.0
 11
-2.731910481095837
 21
-30.29255321293249
 31
0.0
  0
ARC
  5
2A06
330
2A00
100
AcDbEntity
  8
Calque1
100
AcDbCircle
 10
-3.731910481095837
 20
-33.29255321293249
 30
0.0
 40
1.0
100
AcDbArc
 50
269.9999999998502
 51
0.0
  0
LINE
  5
2A07
330
2A00
100
AcDbEntity
  8
Calque1
100
AcDbLine
 10
-4.598747943937098
 20
-34.29255321293022
 30
0.0
 11
-3.731910481098452
 21
-34.29255321293249
 31
0.0
  0
LINE
  5
2A08
330
2A00
100
AcDbEntity
  8
Calque1
100
AcDbLine
 10
2.993128521131438
 20
-33.29255321293249
 30
0.0
 11
2.993128521131438
 21
-30.29255321293249
 31
0.0
  0
ARC
  5
2A09
330
2A00
100
AcDbEntity
  8
Calque1
100
AcDbCircle
 10
3.993128521131438
 20
-33.29255321293249
 30
0.0
 40
1.0
100
AcDbArc
 50
180.0
 51
270.0
  0
LINE
  5
2A0A
330
2A00
100
AcDbEntity
  8
Calque1
100
AcDbLine
 10
7.853111630525745
 20
-33.29255321293249
 30
0.0
 11
7.853111630525745
 21
-30.29255321293249
 31
0.0
  0
ARC
  5
2A0B
330
2A00
100
AcDbEntity
  8
Calque1
100
AcDbCircle
 10
6.853111630525745
 20
-33.29255321293249
 30
0.0
 40
1.0
100
AcDbArc
 50
270.0
 51
0.0
  0
ARC
  5
2A0C
330
2A00
100
AcDbEntity
  8
Calque1
100
AcDbCircle
 10
8.653111630525927
 20
-30.29255321293249
 30
0.0
 40
0.8
100
AcDbArc
 50
0.0
 51
180.0
  0
ARC
  5
2A0D
330
2A00
100
AcDbEntity
  8
Calque1
100
AcDbCircle
 10
2.193128521131257
 20
-30.29255321293249
 30
0.0
 40
0.8
100
AcDbArc
 50
0.0
 51
180.0
  0
ARC
  5
2A0E
330
2A00
100
AcDbEntity
  8
Calque1
100
AcDbCircle
 10
-1.931910481095655
 20
-30.29255321293249
 30
0.0
 40
0.8
100
AcDbArc
 50
0.0
 51
180.0
  0
LINE
  5
2A0F
330
2A00
100
AcDbEntity
  8
Calque1
100
AcDbLine
 10
-13.80729471303891
 20
-24.25321778142126
 30
0.0
 11
-1.838563064720801
 21
1.41381006812162
 31
0.0
  0
ARC
  5
2A10
330
2A00
100
AcDbEntity
  8
Calque1
100
AcDbCircle
 10
-11.99467913896558
 20
-25.09845430490256
 30
0.0
 40
2.0
100
AcDbArc
 50
155.0000000000021
 51
227.2669512373483
  0
LINE
  5
2A11
330
2A00
100
AcDbEntity
  8
Calque1
100
AcDbLine
 10
22.01490613482747
 20
-10.29255321293249
 30
0.0
 11
22.01490613482747
 21
-9.292553212931579
 31
0.0
  0
LINE
  5
2A12
330
2A00
100
AcDbEntity
  8
Calque1
100
AcDbLine
 10
27.87488924422451
 20
-13.20776287273384
 30
0.0
 11
27.87488924422087
 21
-9.292553212927032
 31
0.0
  0
ARC
  5
2A13
330
2A00
100
AcDbEntity
  8
Calque1
100
AcDbCircle
 10
26.87488924422087
 20
-9.292553212927941
 30
0.0
 40
1.0
100
AcDbArc
 50
0.0
 51
90.00000000005213
  0
ARC
  5
2A14
330
2A00
100
AcDbEntity
  8
Calque1
100
AcDbCircle
 10
21.21490613482729
 20
-10.29255321293249
 30
0.0
 40
0.8
100
AcDbArc
 50
180.0
 51
0.0
  0
ARC
  5
2A15
330
2A00
100
AcDbEntity
  8
Calque1
100
AcDbCircle
 10
17.30453990197657
 20
-10.29255321293249
 30
0.0
 40
0.8
100
AcDbArc
 50
180.0
 51
0.0
  0
LINE
  5
2A16
330
2A00
100
AcDbEntity
  8
Calque1
100
AcDbLine
 10
-2.133871339088727
 20
-18.32205096220832
 30
0.0
 11
5.11717852898073
 21
-21.70173671842213
 31
0.0
  0
LINE
  5
2A17
330
2A00
100
AcDbEntity
  8
Calque1
100
AcDbLine
 10
-1.851680089946057
 20
-20.90500758879125
 30
0.0
 11
7.762570703564051
 21
-25.38617197942358
 31
0.0
  0
ARC
  5
2A18
330
2A00
100
AcDbEntity
  8
Calque1
100
AcDbCircle
 10
-2.274140809472555
 20
-21.81138882230016
 30
0.0
 40
1.0
100
AcDbArc
 50
65.00995924153723
 51
155.0000000000211
  0
LINE
  5
2A19
330
2A00
100
AcDbEntity
  8
Calque1
100
AcDbLine
 10
-1.288949900033912
 20
-16.5092884951905
 30
0.0
 11
5.962099968035545
 21
-19.88897425140612
 31
0.0
  0
LINE
  5
2A1A
330
2A00
100
AcDbEntity
  8
Calque1
100
AcDbLine
 10
1.245814417128713
 20
-11.07100109413522
 30
0.0
 11
8.496864285198171
 21
-14.45068685035449
 31
0.0
  0
LINE
  5
2A1B
330
2A00
100
AcDbEntity
  8
Calque1
100
AcDbLine
 10
3.192060898486488
 20
-8.659004385869138
 30
0.0
 11
12.2034924922309
 21
-12.85919712411623
 31
0.0
  0
ARC
  5
2A1C
330
2A00
100
AcDbEntity
  8
Calque1
100
AcDbCircle
 10
3.614521618013895
 20
-7.752623152360229
 30
0.0
 40
1.0
100
AcDbArc
 50
155.0000000000211
 51
245.0099592415372
  0
LINE
  5
2A1D
330
2A00
100
AcDbEntity
  8
Calque1
100
AcDbLine
 10
0.4008929780757171
 20
-12.88376356115304
 30
0.0
 11
7.651942846145175
 21
-16.26344931736866
 31
0.0
  0
ARC
  5
2A1E
330
2A00
100
AcDbEntity
  8
Calque1
100
AcDbCircle
 10
0.8233536976022151
 20
-11.97738232764504
 30
0.0
 40
1.000000000001718
100
AcDbArc
 50
65.00995924159479
 51
245.0099592415948
  0
ARC
  5
2A1F
330
2A00
100
AcDbEntity
  8
Calque1
100
AcDbCircle
 10
8.074403565669854
 20
-15.35706808386249
 30
0.0
 40
1.000000000001718
100
AcDbArc
 50
245.0099592415948
 51
65.00995924159479
  0
ARC
  5
2A20
330
2A00
100
AcDbEntity
  8
Calque1
100
AcDbCircle
 10
-1.711410619558591
 20
-17.41566972869668
 30
0.0
 40
1.000000000001718
100
AcDbArc
 50
65.00995924159479
 51
245.0099592415948
  0
ARC
  5
2A21
330
2A00
100
AcDbEntity
  8
Calque1
100
AcDbCircle
 10
5.539639248509047
 20
-20.79535548491413
 30
0.0
 40
1.000000000001718
100
AcDbArc
 50
245.0099592415948
 51
65.00995924159479
  0
LINE
  5
2A22
330
2A00
100
AcDbEntity
  8
pocket
100
AcDbLine
 10
-6.609220584890863
 20
-20.64790591503015
 30
0.0
 11
0.1526716029602539
 21
-6.14698132244348
 31
0.0
  0
LINE
  5
2A23
330
2A00
100
AcDbEntity
  8
Calque1
100
AcDbLine
 10
2.708213830977001
 20
-7.330004890619875
 30
0.0
 11
3.860382637224574
 21
-4.859170912027821
 31
0.0
  0
LINE
  5
2A24
330
2A00
100
AcDbEntity
  8
Calque1
100
AcDbLine
 10
-4.313653631395027
 20
-23.81893660022843
 30
0.0
 11
-3.18044859650854
 21
-21.38877056055981
 31
0.0
  0
ARC
  5
2A25
330
2A00
100
AcDbEntity
  8
Calque1
100
AcDbCircle
 10
-2.501038057321238
 20
-24.66417312371004
 30
0.0
 40
2.0
100
AcDbArc
 50
155.0000000000211
 51
227.2669512373494
  0
ARC
  5
2A26
330
2A00
100
AcDbEntity
  8
pocket
100
AcDbCircle
 10
-1.659943971113534
 20
-5.301744798960953
 30
0.0
 40
2.0
100
AcDbArc
 50
335.0000000000211
 51
65.00000000001453
  0
LINE
  5
2A27
330
2A00
100
AcDbEntity
  8
pocket
100
AcDbLine
 10
-9.267072682445359
 20
-21.61528496562141
 30
0.0
 11
-11.98599604355331
 21
-20.34743018040035
 31
0.0
  0
ARC
  5
2A28
330
2A00
100
AcDbEntity
  8
pocket
100
AcDbCircle
 10
-8.421836158964651
 20
-19.80266939154853
 30
0.0
 40
2.0
100
AcDbArc
 50
245.0000000000144
 51
335.0000000000211
  0
LINE
  5
2A29
330
2A00
100
AcDbEntity
  8
pocket
100
AcDbLine
 10
-0.814707447632827
 20
-3.489129224888074
 30
0.0
 11
-3.533630808738962
 21
-2.221274439667922
 31
0.0
  0
LINE
  5
2A2A
330
2A00
100
AcDbEntity
  8
Calque1
100
AcDbLine
 10
13.00772240403148
 20
-7.603838681943216
 30
0.0
 11
5.148459616534637
 21
-4.357531480356101
 31
0.0
  0
ARC
  5
2A2B
330
2A00
100
AcDbEntity
  8
Calque1
100
AcDbCircle
 10
4.766690424261469
 20
-5.281789173768174
 30
0.0
 40
1.0
100
AcDbArc
 50
67.55668636909414
 51
155.0000000000211
  0
LINE
  5
2A2C
330
2A00
100
AcDbEntity
  8
Calque1
100
AcDbLine
 10
13.6259532117574
 20
-8.528096375355289
 30
0.0
 11
13.6259532117574
 21
-11.95281589060732
 31
0.0
  0
ARC
  5
2A2D
330
2A00
100
AcDbEntity
  8
Calque1
100
AcDbCircle
 10
12.6259532117574
 20
-11.95281589060732
 30
0.0
 40
1.0
100
AcDbArc
 50
245.0099592415372
 51
0.0
  0
ARC
  5
2A2E
330
2A00
100
AcDbEntity
  8
Calque1
100
AcDbCircle
 10
12.6259532117574
 20
-8.528096375355289
 30
0.0
 40
1.0
100
AcDbArc
 50
0.0
 51
67.55668636909414
  0
LINE
  5
2A2F
330
2A00
100
AcDbEntity
  8
Calque1
100
AcDbLine
 10
-1.131910481095474
 20
-30.29255321293249
 30
0.0
 11
1.393128521131075
 21
-30.29255321293249
 31
0.0
  0
LINE
  5
2A30
330
2A00
100
AcDbEntity
  8
Calque1
100
AcDbLine
 10
9.453111630526109
 20
-30.29255321293249
 30
0.0
 11
11.80059343870653
 21
-30.29255321293249
 31
0.0
  0
LINE
  5
2A31
330
2A00
100
AcDbEntity
  8
Calque1
100
AcDbLine
 10
18.10453990197675
 20
-10.29255321293249
 30
0.0
 11
20.41490613482711
 21
-10.29255321293249
 31
0.0
  0
LINE
  5
2A32
330
2A00
100
AcDbEntity
  8
Calque1
100
AcDbLine
 10
23.01490613482656
 20
-8.292553212931579
 30
0.0
 11
26.87488924421996
 21
-8.292553212927941
 31
0.0
  0
ARC
  5
2A33
330
2A00
100
AcDbEntity
  8
Calque1
100
AcDbCircle
 10
23.01490613482747
 20
-9.292553212931579
 30
0.0
 40
1.0
100
AcDbArc
 50
90.00000000005213
 51
180.0
  0
LINE
  5
2A34
330
2A00
100
AcDbEntity
  8
Calque1
100
AcDbLine
 10
16.50453990197638
 20
-5.950747751488052
 30
0.0
 11
16.50453990197638
 21
-10.29255321293249
 31
0.0
  0
LINE
  5
2A35
330
2A00
100
AcDbEntity
  8
Calque1
100
AcDbLine
 10
-13.35184606479117
 20
-26.56750091255154
 30
0.0
 11
-5.277331406847281
 21
-34.0270765167547
 31
0.0
  0
ARC
  5
2A36
330
2A00
100
AcDbEntity
  8
Calque1
100
AcDbCircle
 10
-4.598747943934483
 20
-33.29255321293022
 30
0.0
 40
1.0
100
AcDbArc
 50
227.2669512373483
 51
269.9999999998502
  0
CIRCLE
  5
2A37
330
2A00
100
AcDbEntity
  8
Calque1
100
AcDbCircle
 10
-11.0943705003001
 20
-24.62411521893682
 30
0.0
 40
1.0
  0
LINE
  5
2A38
330
2A00
100
AcDbEntity
  8
Calque1
100
AcDbLine
 10
0.7927555576898158
 20
2.393327039949781
 30
0.0
 11
15.32324295031321
 21
-4.125994256177818
 31
0.0
  0
ARC
  5
2A39
330
2A00
100
AcDbEntity
  8
Calque1
100
AcDbCircle
 10
14.50453990197638
 20
-5.950747751488052
 30
0.0
 40
2.0
100
AcDbArc
 50
0.0
 51
65.83589492731634
  0
ARC
  5
2A3A
330
2A00
100
AcDbEntity
  8
Calque1
100
AcDbCircle
 10
-0.0259474906470132
 20
0.5685735446400031
 30
0.0
 40
2.0
100
AcDbArc
 50
65.83589492731634
 51
155.0000000000006
  0
CIRCLE
  5
2A3B
330
2A00
100
AcDbEntity
  8
Calque1
100
AcDbCircle
 10
0.0
 20
0.0
 30
0.0
 40
1.0
  0
LINE
  5
2A3C
330
2A00
100
AcDbEntity
  8
Calque1
100
AcDbLine
 10
-3.858204983146606
 20
-26.13321973135908
 30
0.0
 11
-3.178023628282062
 21
-26.76159982058152
 31
0.0
  0
CIRCLE
  5
2A3D
330
2A00
100
AcDbEntity
  8
Calque1
100
AcDbCircle
 10
-8.247213993970945
 20
-27.25443792137594
 30
0.0
 40
1.0
  0
CIRCLE
  5
2A3E
330
2A00
100
AcDbEntity
  8
Calque1
100
AcDbCircle
 10
3.548079275095005
 20
-1.591899029500382
 30
0.0
 40
1.0
  0
LINE
  5
2A3F
330
2A00
100
AcDbEntity
  8
Calque1
100
AcDbLine
 10
12.67298653051057
 20
-28.80374824837736
 30
0.0
 11
11.08893613206965
 21
-25.97661938333704
 31
0.0
  0
ARC
  5
2A40
330
2A00
100
AcDbEntity
  8
Calque1
100
AcDbCircle
 10
11.80059343870653
 20
-29.29255321293249
 30
0.0
 40
1.0
100
AcDbArc
 50
270.0
 51
29.26206558713955
  0
ARC
  5
2A41
330
2A00
100
AcDbEntity
  8
Calque1
100
AcDbCircle
 10
13.70611540748086
 20
-24.51020448967256
 30
0.0
 40
3.0
100
AcDbArc
 50
155.0000000000211
 51
209.2620655871396
  0
LINE
  5
2A42
330
2A00
100
AcDbEntity
  8
Calque1
100
AcDbLine
 10
10.98719204637109
 20
-23.24234970444968
 30
0.0
 11
13.15473523412038
 21
-18.59403833782062
 31
0.0
  0
LINE
  5
2A43
330
2A00
100
AcDbEntity
  8
Calque1
100
AcDbLine
 10
27.15410754539244
 20
-14.16799052297892
 30
0.0
 11
13.78182471998934
 21
-18.05642894931816
 31
0.0
  0
ARC
  5
2A44
330
2A00
100
AcDbEntity
  8
Calque1
100
AcDbCircle
 10
26.87488924422451
 20
-13.20776287273474
 30
0.0
 40
1.0
100
AcDbArc
 50
286.2135560294902
 51
0.0000000000521102
  0
ARC
  5
2A45
330
2A00
100
AcDbEntity
  8
Calque1
100
AcDbCircle
 10
14.06104302115727
 20
-19.01665659956188
 30
0.0
 40
1.0
100
AcDbArc
 50
106.2135560294902
 51
155.0000000000211
  0
ENDBLK
  5
2A49
330
2A00
100
AcDbEntity
  8
0
100
AcDbBlockEnd
  0
BLOCK
  5
3BFB
330
3BFA
100
AcDbEntity
  8
0
100
AcDbBlockBegin
  2
flywoo lens
 70
     0
 10
0.0
 20
0.0
 30
0.0
  3
flywoo lens
  1

  0
LWPOLYLINE
  5
3BFC
330
3BFA
100
AcDbEntity
  8
0
  6
CACHE2
 48
0.2
100
AcDbPolyline
 90
        2
 70
     0
 43
0.0
 10
-16.60000000000218
 20
8.541912916597539
 10
-16.60000000000218
 20
8.031666814304116
  0
LWPOLYLINE
  5
3BFD
330
3BFA
100
AcDbEntity
  8
0
  6
CACHE2
 48
0.2
100
AcDbPolyline
 90
        2
 70
     0
 43
0.0
 10
-16.60000000000036
 20
-8.031666814305935
 10
-16.60000000000036
 20
-8.541912916599358
  0
LWPOLYLINE
  5
3BFE
330
3BFA
100
AcDbEntity
  8
0
  6
CACHE2
 48
0.2
100
AcDbPolyline
 90
        4
 70
     0
 43
0.0
 10
-4.702422298086275
 20
-9.750000000000909
 10
0.0
 20
-9.75
 10
0.0
 20
9.75
 10
-4.702422298085366
 20
9.75
  0
CIRCLE
  5
3BFF
330
3BFA
100
AcDbEntity
  8
0
  6
CACHE2
 48
0.2
100
AcDbCircle
 10
-3.398695994847003
 20
7.999328460280594
 30
0.0
 40
1.0
  0
LWPOLYLINE
  5
3C00
330
3BFA
100
AcDbEntity
  8
0
  6
CACHE2
 48
0.2
100
AcDbPolyline
 90
        3
 70
     0
 43
0.0
 10
-4.702422298085366
 20
9.75
 10
-5.513211608727942
 20
8.541912916598448
 10
-16.60000000000218
 20
8.541912916597539
  0
LWPOLYLINE
  5
3C01
330
3BFA
100
AcDbEntity
  8
0
  6
CACHE2
 48
0.2
100
AcDbPolyline
 90
        3
 70
     0
 43
0.0
 10
-16.60000000000218
 20
8.031666814304116
 10
-15.21030786592928
 20
7.847903168889388
 10
-15.21030786592928
 20
-0.0000000000009095
  0
CIRCLE
  5
3C02
330
3BFA
100
AcDbEntity
  8
0
  6
CACHE2
 48
0.2
100
AcDbCircle
 10
-3.398695994847003
 20
-7.999328460282413
 30
0.0
 40
1.0
  0
LWPOLYLINE
  5
3C03
330
3BFA
100
AcDbEntity
  8
0
  6
CACHE2
 48
0.2
100
AcDbPolyline
 90
        3
 70
     0
 43
0.0
 10
-4.702422298085366
 20
-9.750000000001818
 10
-5.513211608727942
 20
-8.541912916600267
 10
-16.60000000000218
 20
-8.541912916599358
  0
LWPOLYLINE
  5
3C04
330
3BFA
100
AcDbEntity
  8
0
  6
CACHE2
 48
0.2
100
AcDbPolyline
 90
        3
 70
     0
 43
0.0
 10
-16.60000000000218
 20
-8.031666814305935
 10
-15.21030786592928
 20
-7.847903168891207
 10
-15.21030786592928
 20
-0.0000000000009095
  0
LWPOLYLINE
  5
3C05
330
3BFA
100
AcDbEntity
  8
0
  6
CACHE2
 48
0.2
100
AcDbPolyline
 90
        3
 70
     0
 43
0.0
 10
-5.513211608727942
 20
8.541912916598448
 10
-6.324000919370519
 20
7.333825833196897
 10
-13.0887795147446
 20
7.333825833195987
  0
LWPOLYLINE
  5
3C06
330
3BFA
100
AcDbEntity
  8
0
  6
CACHE2
 48
0.2
100
AcDbPolyline
 90
        5
 70
     0
 43
0.0
 10
-13.0887795147446
 20
7.333825833195987
 10
-13.58902144202329
 20
6.513471741227476
 10
-14.23933594748996
 20
6.513471741227476
 10
-14.64250990266919
 20
7.333825833195987
 10
-15.21030786592928
 20
7.847903168889388
  0
LWPOLYLINE
  5
3C07
330
3BFA
100
AcDbEntity
  8
0
  6
CACHE2
 48
0.2
100
AcDbPolyline
 90
        3
 70
     0
 43
0.0
 10
-5.513211608727942
 20
-8.541912916600267
 10
-6.324000919370519
 20
-7.333825833198716
 10
-13.0887795147446
 20
-7.333825833197806
  0
LWPOLYLINE
  5
3C08
330
3BFA
100
AcDbEntity
  8
0
  6
CACHE2
 48
0.2
100
AcDbPolyline
 90
        5
 70
     0
 43
0.0
 10
-13.0887795147446
 20
-7.333825833197806
 10
-13.58902144202329
 20
-6.513471741229295
 10
-14.23933594748996
 20
-6.513471741229295
 10
-14.64250990266919
 20
-7.333825833197806
 10
-15.21030786592928
 20
-7.847903168891207
  0
ENDBLK
  5
3C09
330
3BFA
100
AcDbEntity
  8
0
100
AcDbBlockEnd
  0
BLOCK
  5
4D10
330
4D0F
100
AcDbEntity
  8
0
100
AcDbBlockBegin
  2
FIT
 70
     0
 10
0.0
 20
0.0
 30
0.0
  3
FIT
  1

  0
LINE
  5
4D15
330
4D0F
100
AcDbEntity
  8
Calque1
100
AcDbLine
 10
10.01814960188221
 20
6.333431465427565
 30
0.0
 11
16.94704801371517
 21
2.334635796918291
 31
0.0
  0
LINE
  5
4D16
330
4D0F
100
AcDbEntity
  8
Calque1
100
AcDbLine
 10
8.730345159481544
 20
4.190185556600681
 30
0.0
 11
16.04059447205901
 21
-0.0286947833014892
 31
0.0
  0
LINE
  5
4D18
330
4D0F
100
AcDbEntity
  8
Calque1
100
AcDbLine
 10
11.01784851901084
 20
8.065656068385578
 30
0.0
 11
17.9467469308438
 21
4.066860399875622
 31
0.0
  0
LINE
  5
4D19
330
4D0F
100
AcDbEntity
  8
Calque1
100
AcDbLine
 10
12.21854464347905
 20
10.25917380164083
 30
0.0
 11
19.46312304402869
 21
6.078193361975081
 31
0.0
  0
ARC
  5
4D1A
330
4D0F
100
AcDbEntity
  8
Calque1
100
AcDbCircle
 10
10.51799906045016
 20
7.1995437669093
 30
0.0
 40
1.000000000001718
100
AcDbArc
 50
60.00995924165127
 51
240.0099592416513
  0
ARC
  5
4D1B
330
4D0F
100
AcDbEntity
  8
Calque1
100
AcDbCircle
 10
17.4468974722804
 20
3.200748098397752
 30
0.0
 40
1.000000000001718
100
AcDbArc
 50
240.0099592416513
 51
60.00995924165127
  0
CIRCLE
  5
4D21
330
4D0F
100
AcDbEntity
  8
Calque1
100
AcDbCircle
 10
0.0
 20
0.0
 30
0.0
 40
1.0
  0
CIRCLE
  5
4D22
330
4D0F
100
AcDbEntity
  8
Calque1
100
AcDbCircle
 10
11.52004265973573
 20
20.02503104439506
 30
0.0
 40
1.0
  0
LINE
  5
4D23
330
4D0F
100
AcDbEntity
  8
Calque1
100
AcDbLine
 10
15.61810824880251
 20
16.20170610870082
 30
0.0
 11
20.44602498903856
 21
13.53820668140861
 31
0.0
  0
LINE
  5
4E62
330
4D0F
100
AcDbEntity
  8
Calque1
100
AcDbLine
 10
5.983342351036526
 20
1.423292027737261
 30
0.0
 11
7.363695097136087
 21
3.822728159121879
 31
0.0
  0
LINE
  5
4E63
330
4D0F
100
AcDbEntity
  8
Calque1
100
AcDbLine
 10
20.96297250259249
 20
12.66261528393033
 30
0.0
 11
20.96297250259249
 21
6.944305663454088
 31
0.0
  0
LINE
  5
4E64
330
4D0F
100
AcDbEntity
  8
Calque1
100
AcDbLine
 10
8.81957522690493
 20
-1.89480708478095
 30
0.0
 11
15.54074501349532
 21
-1.894807084780723
 31
0.0
  0
LINE
  5
4E65
330
4D0F
100
AcDbEntity
  8
Calque1
100
AcDbLine
 10
6.171559491905441
 20
0.1901138199123125
 30
0.0
 11
8.140991763992246
 21
-1.629330388605467
 31
0.0
  0
ARC
  5
4E66
330
4D0F
100
AcDbEntity
  8
Calque1
100
AcDbCircle
 10
8.81957522690493
 20
-0.8948070847809503
 30
0.0
 40
1.0
100
AcDbArc
 50
227.2669512373518
 51
270.0
  0
ARC
  5
4E67
330
4D0F
100
AcDbEntity
  8
Calque1
100
AcDbCircle
 10
6.850142954818124
 20
0.9246371237368293
 30
0.0
 40
1.0
100
AcDbArc
 50
150.0889510060424
 51
227.2669512373494
  0
ARC
  5
4E68
330
4D0F
100
AcDbEntity
  8
Calque1
100
AcDbCircle
 10
15.1350557623565
 20
15.32611471122254
 30
0.0
 40
1.0
100
AcDbArc
 50
61.11504476997477
 51
150.0889510060424
  0
ARC
  5
4E69
330
4D0F
100
AcDbEntity
  8
Calque1
100
AcDbCircle
 10
19.96297250259255
 20
12.66261528393033
 30
0.0
 40
1.0
100
AcDbArc
 50
0.0
 51
61.11504476997477
  0
ARC
  5
4E6A
330
4D0F
100
AcDbEntity
  8
Calque1
100
AcDbCircle
 10
19.96297250259249
 20
6.944305663454315
 30
0.0
 40
1.0
100
AcDbArc
 50
240.0099592415603
 51
0.0
  0
ARC
  5
4E6B
330
4D0F
100
AcDbEntity
  8
Calque1
100
AcDbCircle
 10
15.54074501349532
 20
-0.894807084780723
 30
0.0
 40
1.0
100
AcDbArc
 50
270.0
 51
60.00995924156967
  0
LINE
  5
4E6C
330
4D0F
100
AcDbEntity
  8
Calque1
100
AcDbLine
 10
11.85159349826119
 20
11.62394100712049
 30
0.0
 11
14.2682551585749
 21
15.82476961522297
 31
0.0
  0
ARC
  5
4E6D
330
4D0F
100
AcDbEntity
  8
Calque1
100
AcDbCircle
 10
8.230495700917799
 20
3.324073255121675
 30
0.0
 40
1.0
100
AcDbArc
 50
60.00995924156967
 51
150.0889510060441
  0
ARC
  5
4E6E
330
4D0F
100
AcDbEntity
  8
Calque1
100
AcDbCircle
 10
12.71839410204291
 20
11.12528610311983
 30
0.0
 40
1.0
100
AcDbArc
 50
150.0889510060424
 51
240.0099592415603
  0
ENDBLK
  5
4D11
330
4D0F
100
AcDbEntity
  8
0
100
AcDbBlockEnd
  0
BLOCK
  5
7617
330
7567
100
AcDbEntity
  8
0
100
AcDbBlockBegin
  2
proto_V24
 70
     0
 10
0.0
 20
0.0
 30
0.0
  3
proto_V24
  1

  0
CIRCLE
  5
7568
330
7567
100
AcDbEntity
  8
Cut
370
     0
100
AcDbCircle
 10
-46.5633854461373
 20
53.45988575970977
 30
0.0
 40
2.250000000000131
  0
CIRCLE
  5
7569
330
7567
100
AcDbEntity
  8
Cut
370
     0
100
AcDbCircle
 10
0.0000000000059117
 20
43.65061130487492
 30
0.0
 40
1.0
  0
CIRCLE
  5
756A
330
7567
100
AcDbEntity
  8
Cut
370
     0
100
AcDbCircle
 10
0.0000000000009095
 20
36.0624458405141
 30
0.0
 40
1.0
  0
CIRCLE
  5
756B
330
7567
100
AcDbEntity
  8
Cut
370
     0
100
AcDbCircle
 10
0.0
 20
0.0
 30
0.0
 40
1.0
  0
LINE
  5
756C
330
7567
100
AcDbEntity
  8
Cut
370
     0
100
AcDbLine
 10
-3.272271543110036
 20
-15.86046090938635
 30
0.0
 11
-2.079152277917955
 21
-16.8582049499737
 31
0.0
  0
ARC
  5
756D
330
7567
100
AcDbEntity
  8
Cut
370
     0
100
AcDbCircle
 10
-2.630768372958982
 20
-15.09334052594795
 30
0.0
 40
1.0
100
AcDbArc
 50
140.1620047152404
 51
230.0960013508636
  0
LINE
  5
756E
330
7567
100
AcDbEntity
  8
Cut
370
     0
100
AcDbLine
 10
-1.437649107767582
 20
-17.0910845665353
 30
0.0
 11
0.0000000000004547
 21
-17.09108456653621
 31
0.0
  0
ARC
  5
756F
330
7567
100
AcDbEntity
  8
Cut
370
     0
100
AcDbCircle
 10
-1.437649107767128
 20
-16.0910845665353
 30
0.0
 40
1.0
100
AcDbArc
 50
230.0960013508636
 51
269.9999999999739
  0
ARC
  5
7570
330
7567
100
AcDbEntity
  8
Cut
370
     0
100
AcDbCircle
 10
0.0000000000006821
 20
-11.94004862526344
 30
0.0
 40
0.9999999999992608
100
AcDbArc
 50
39.83799528473117
 51
140.1620047152688
  0
LINE
  5
7571
330
7567
100
AcDbEntity
  8
Cut
370
     0
100
AcDbLine
 10
-0.7678588705432503
 20
-11.29942958486163
 30
0.0
 11
-3.398627243503368
 21
-14.45272148554568
 31
0.0
  0
LWPOLYLINE
  5
7572
330
7567
100
AcDbEntity
  8
Cut
370
     0
100
AcDbPolyline
 90
        8
 70
     1
 43
0.0
 10
6.950000022716949
 20
61.74792637291421
 42
1.0
 10
6.950000000010958
 20
60.14792637291475
 10
6.950000000010958
 20
58.34792637291457
 42
1.0
 10
6.950000000010958
 20
56.74792637291465
 10
9.050000000010866
 20
56.74792637291465
 42
1.0
 10
9.050000000010866
 20
58.34792637291457
 10
9.050000000010866
 20
60.14792637291475
 42
1.0
 10
9.050000022716856
 20
61.74792637291421
  0
LWPOLYLINE
  5
7573
330
7567
100
AcDbEntity
  8
Cut
370
     0
100
AcDbPolyline
 90
        3
 70
   128
 43
0.0
 10
0.0000000000109139
 20
-19.5910845665353
 10
0.0003360507307661
 20
-19.5910845665353
 10
0.0006721011898208
 20
-19.59108454687657
  0
LWPOLYLINE
  5
7574
330
7567
100
AcDbEntity
  8
Cut
370
     0
100
AcDbPolyline
 90
        8
 70
     1
 43
0.0
 10
-6.950000022684206
 20
61.74792637292512
 42
-1.0
 10
-6.949999999980035
 20
60.14792637292521
 10
-6.949999999982082
 20
58.34792637292503
 42
-1.0
 10
-6.949999999984128
 20
56.74792637292512
 10
-9.049999999984263
 20
56.74792637292785
 42
-1.0
 10
-9.049999999981992
 20
58.34792637292776
 10
-9.049999999980171
 20
60.1479263729275
 42
-1.0
 10
-9.050000022684118
 20
61.74792637292785
  0
CIRCLE
  5
7575
330
7567
100
AcDbEntity
  8
Calque1
100
AcDbCircle
 10
-18.03122292025818
 20
18.031222920255
 30
0.0
 40
1.0
  0
LINE
  5
7576
330
7567
100
AcDbEntity
  8
Calque1
100
AcDbLine
 10
-0.7071067811389185
 20
55.90729370678218
 30
0.0
 11
-3.857234304862231
 21
59.05742123050595
 31
0.0
  0
ARC
  5
7577
330
7567
100
AcDbEntity
  8
Calque1
100
AcDbCircle
 10
-3.150127523675564
 20
59.76452801169262
 30
0.0
 40
1.0
100
AcDbArc
 50
180.0
 51
224.9999999999816
  0
LINE
  5
7578
330
7567
100
AcDbEntity
  8
Calque1
100
AcDbLine
 10
-2.374425521706825
 20
65.57956517129878
 30
0.0
 11
0.000000000046839
 21
65.57956517129878
 31
0.0
  0
ARC
  5
7579
330
7567
100
AcDbEntity
  8
Calque1
100
AcDbCircle
 10
-2.374425521706825
 20
64.57956517129878
 30
0.0
 40
1.0
100
AcDbArc
 50
90.0
 51
134.1168318182061
  0
LINE
  5
757A
330
7567
100
AcDbEntity
  8
Calque1
100
AcDbLine
 10
-3.846251254662774
 20
64.54533746066363
 30
0.0
 11
-3.070549252694263
 21
65.29748699932497
 31
0.0
  0
ARC
  5
757B
330
7567
100
AcDbEntity
  8
Calque1
100
AcDbCircle
 10
-3.150127523675564
 20
63.82741563263743
 30
0.0
 40
1.0
100
AcDbArc
 50
134.1168318182061
 51
180.0
  0
ARC
  5
757C
330
7567
100
AcDbEntity
  8
Calque1
100
AcDbCircle
 10
0.0000000000477485
 20
56.61440048796886
 30
0.0
 40
1.0
100
AcDbArc
 50
225.0
 51
314.9999999999908
  0
LINE
  5
757D
330
7567
100
AcDbEntity
  8
Calque1
100
AcDbLine
 10
-4.150127523675563
 20
59.76452801169262
 30
0.0
 11
-4.150127523675563
 21
63.82741563263743
 31
0.0
  0
LINE
  5
757E
330
7567
100
AcDbEntity
  8
Calque1
100
AcDbLine
 10
-1.999696156787877
 20
47.03076801487759
 30
0.0
 11
-1.999696156787877
 21
53.29872696999837
 31
0.0
  0
ARC
  5
757F
330
7567
100
AcDbEntity
  8
Calque1
100
AcDbCircle
 10
-2.999696156787877
 20
47.03076801487759
 30
0.0
 40
1.0
100
AcDbArc
 50
234.6335163003482
 51
0.0
  0
ARC
  5
7580
330
7567
100
AcDbEntity
  8
Calque1
100
AcDbCircle
 10
-2.999696156787877
 20
53.29872696999837
 30
0.0
 40
1.0
100
AcDbArc
 50
0.0
 51
45.00000000000921
  0
LINE
  5
7581
330
7567
100
AcDbEntity
  8
Calque1
100
AcDbLine
 10
-2.29258937560121
 20
54.00583375118504
 30
0.0
 11
-3.769297423955548
 21
55.48254179953891
 31
0.0
  0
ARC
  5
7582
330
7567
100
AcDbEntity
  8
Calque1
100
AcDbCircle
 10
-4.476404205141988
 20
54.7754350183527
 30
0.0
 40
1.0
100
AcDbArc
 50
45.00000000000921
 51
124.2668358576509
  0
LINE
  5
7583
330
7567
100
AcDbEntity
  8
Calque1
100
AcDbLine
 10
-6.559082415072452
 20
48.33086785133492
 30
0.0
 11
-3.57850040490689
 21
46.21530149664477
 31
0.0
  0
LINE
  5
7584
330
7567
100
AcDbEntity
  8
Calque1
100
AcDbLine
 10
-5.039451994617592
 20
55.6018593565509
 30
0.0
 11
-6.543325956429042
 21
54.57726113175294
 31
0.0
  0
ARC
  5
7585
330
7567
100
AcDbEntity
  8
Calque1
100
AcDbCircle
 10
-5.980278166953438
 20
53.75083679355475
 30
0.0
 40
1.0
100
AcDbArc
 50
124.2668358576509
 51
180.0
  0
LINE
  5
7586
330
7567
100
AcDbEntity
  8
Calque1
100
AcDbLine
 10
-6.980278166953438
 20
53.75083679355475
 30
0.0
 11
-6.980278166953438
 21
49.14633436956819
 31
0.0
  0
ARC
  5
7587
330
7567
100
AcDbEntity
  8
Calque1
100
AcDbCircle
 10
-5.980278166953438
 20
49.14633436956819
 30
0.0
 40
1.0
100
AcDbArc
 50
180.0
 51
234.6335163003482
  0
LINE
  5
7588
330
7567
100
AcDbEntity
  8
Calque1
100
AcDbLine
 10
-5.68508598428002
 20
-11.76038936383747
 30
0.0
 11
-8.647107717461267
 21
-9.385916008355707
 31
0.0
  0
LINE
  5
7589
330
7567
100
AcDbEntity
  8
Calque1
100
AcDbLine
 10
-9.021633017637439
 20
-8.605671559557777
 30
0.0
 11
-9.021633017637439
 21
-1.219707151709825
 31
0.0
  0
ARC
  5
758A
330
7567
100
AcDbEntity
  8
Calque1
100
AcDbCircle
 10
-8.021633017637441
 20
-8.605671559557777
 30
0.0
 40
1.0
100
AcDbArc
 50
180.0
 51
231.2829623545276
  0
LINE
  5
758B
330
7567
100
AcDbEntity
  8
Calque1
100
AcDbLine
 10
-4.291752413911807
 20
-11.62076395544227
 30
0.0
 11
-2.732141144356545
 21
-9.751382509682118
 31
0.0
  0
ARC
  5
758C
330
7567
100
AcDbEntity
  8
Calque1
100
AcDbCircle
 10
-5.059611284456194
 20
-10.98014491503954
 30
0.0
 40
1.0
100
AcDbArc
 50
231.2829623545276
 51
320.1620047152405
  0
LINE
  5
758D
330
7567
100
AcDbEntity
  8
Calque1
100
AcDbLine
 10
-2.500000014901161
 20
-3.933782875991255
 30
0.0
 11
-2.500000014901161
 21
-9.11076346927939
 31
0.0
  0
ARC
  5
758E
330
7567
100
AcDbEntity
  8
Calque1
100
AcDbCircle
 10
-3.500000014901161
 20
-9.11076346927939
 30
0.0
 40
1.0
100
AcDbArc
 50
320.1620047152405
 51
0.0
  0
ARC
  5
758F
330
7567
100
AcDbEntity
  8
Calque1
100
AcDbCircle
 10
-3.500000014901161
 20
-3.933782875991255
 30
0.0
 40
1.0
100
AcDbArc
 50
0.0
 51
59.02603355892605
  0
LINE
  5
7590
330
7567
100
AcDbEntity
  8
Calque1
100
AcDbLine
 10
-2.985351465380517
 20
-3.076381645250421
 30
0.0
 11
-7.506984468116798
 21
-0.3623059209689927
 31
0.0
  0
ARC
  5
7591
330
7567
100
AcDbEntity
  8
Calque1
100
AcDbCircle
 10
-8.021633017637441
 20
-1.219707151709825
 30
0.0
 40
1.0
100
AcDbArc
 50
59.02603355892605
 51
180.0
  0
LINE
  5
7592
330
7567
100
AcDbEntity
  8
Calque1
100
AcDbLine
 10
0.7071067811507419
 20
55.90729370678218
 30
0.0
 11
3.857234304873826
 21
59.05742123050595
 31
0.0
  0
ARC
  5
7593
330
7567
100
AcDbEntity
  8
Calque1
100
AcDbCircle
 10
3.150127523687388
 20
59.76452801169262
 30
0.0
 40
1.0
100
AcDbArc
 50
315.0000000000184
 51
0.0
  0
LINE
  5
7594
330
7567
100
AcDbEntity
  8
Calque1
100
AcDbLine
 10
2.374425521718649
 20
65.57956517129878
 30
0.0
 11
-0.0000000000352429
 21
65.57956517129878
 31
0.0
  0
LINE
  5
7595
330
7567
100
AcDbEntity
  8
Calque1
100
AcDbLine
 10
3.846251254674598
 20
64.54533746066363
 30
0.0
 11
3.070549252705859
 21
65.29748699932497
 31
0.0
  0
ARC
  5
7596
330
7567
100
AcDbEntity
  8
Calque1
100
AcDbCircle
 10
2.374425521718649
 20
64.57956517129878
 30
0.0
 40
1.0
100
AcDbArc
 50
45.88316818179381
 51
90.0
  0
ARC
  5
7597
330
7567
100
AcDbEntity
  8
Calque1
100
AcDbCircle
 10
3.15012752368716
 20
63.82741563263743
 30
0.0
 40
1.0
100
AcDbArc
 50
0.0
 51
45.88316818179381
  0
LINE
  5
7598
330
7567
100
AcDbEntity
  8
Calque1
100
AcDbLine
 10
4.150127523687388
 20
59.76452801169262
 30
0.0
 11
4.150127523687159
 21
63.82741563263743
 31
0.0
  0
LINE
  5
7599
330
7567
100
AcDbEntity
  8
Calque1
100
AcDbLine
 10
1.9996961567997
 20
47.03076801487759
 30
0.0
 11
1.9996961567997
 21
53.29872696999837
 31
0.0
  0
ARC
  5
759A
330
7567
100
AcDbEntity
  8
Calque1
100
AcDbCircle
 10
2.9996961567997
 20
47.03076801487759
 30
0.0
 40
1.0
100
AcDbArc
 50
180.0
 51
305.3664836996517
  0
ARC
  5
759B
330
7567
100
AcDbEntity
  8
Calque1
100
AcDbCircle
 10
2.9996961567997
 20
53.29872696999837
 30
0.0
 40
1.0
100
AcDbArc
 50
134.9999999999908
 51
180.0
  0
LINE
  5
759C
330
7567
100
AcDbEntity
  8
Calque1
100
AcDbLine
 10
2.292589375613033
 20
54.00583375118504
 30
0.0
 11
3.769297423967372
 21
55.48254179953891
 31
0.0
  0
ARC
  5
759D
330
7567
100
AcDbEntity
  8
Calque1
100
AcDbCircle
 10
4.476404205153811
 20
54.7754350183527
 30
0.0
 40
1.0
100
AcDbArc
 50
55.73316414234902
 51
134.9999999999908
  0
LINE
  5
759E
330
7567
100
AcDbEntity
  8
Calque1
100
AcDbLine
 10
6.559082415084276
 20
48.33086785133492
 30
0.0
 11
3.578500404918941
 21
46.21530149664477
 31
0.0
  0
LINE
  5
759F
330
7567
100
AcDbEntity
  8
Calque1
100
AcDbLine
 10
5.039451994629415
 20
55.6018593565509
 30
0.0
 11
6.543325956440867
 21
54.57726113175294
 31
0.0
  0
ARC
  5
75A0
330
7567
100
AcDbEntity
  8
Calque1
100
AcDbCircle
 10
5.980278166965263
 20
53.75083679355475
 30
0.0
 40
1.0
100
AcDbArc
 50
0.0
 51
55.73316414234902
  0
LINE
  5
75A1
330
7567
100
AcDbEntity
  8
Calque1
100
AcDbLine
 10
6.980278166965263
 20
53.75083679355475
 30
0.0
 11
6.980278166965263
 21
49.14633436956819
 31
0.0
  0
ARC
  5
75A2
330
7567
100
AcDbEntity
  8
Calque1
100
AcDbCircle
 10
5.980278166965263
 20
49.14633436956819
 30
0.0
 40
1.0
100
AcDbArc
 50
305.3664836996517
 51
0.0
  0
CIRCLE
  5
75A3
330
7567
100
AcDbEntity
  8
Calque1
100
AcDbCircle
 10
-51.02247495044321
 20
52.85447615242901
 30
0.0
 40
1.0
  0
CIRCLE
  5
75A4
330
7567
100
AcDbEntity
  8
Calque1
100
AcDbCircle
 10
-42.10429594183165
 20
54.06529536699327
 30
0.0
 40
1.0
  0
CIRCLE
  5
75A5
330
7567
100
AcDbEntity
  8
Calque1
100
AcDbCircle
 10
-47.16879505332736
 20
57.91897526402816
 30
0.0
 40
0.9999999999999998
  0
CIRCLE
  5
75A6
330
7567
100
AcDbEntity
  8
Calque1
100
AcDbCircle
 10
-45.95797583894977
 20
49.00079625539182
 30
0.0
 40
0.9999999999999998
  0
LINE
  5
75A7
330
7567
100
AcDbEntity
  8
Calque1
100
AcDbLine
 10
-55.09723413499137
 20
59.16936778362014
 30
0.0
 11
-54.53688958605244
 21
55.77775072887879
 31
0.0
  0
ARC
  5
75A8
330
7567
100
AcDbEntity
  8
Calque1
100
AcDbCircle
 10
-53.69025669005669
 20
55.91762681764885
 30
0.0
 40
0.8581098885273911
100
AcDbArc
 50
189.381352735381
 51
295.9964679114175
  0
LINE
  5
75A9
330
7567
100
AcDbEntity
  8
Calque1
100
AcDbLine
 10
-53.31413362065609
 20
55.14633957060549
 30
0.0
 11
-50.93923749748069
 21
56.30447257849164
 31
0.0
  0
LINE
  5
75AA
330
7567
100
AcDbEntity
  8
Calque1
100
AcDbLine
 10
-49.98870689548152
 20
59.5166093245316
 30
0.0
 11
-50.47170987714594
 21
56.91889652679583
 31
0.0
  0
ARC
  5
75AB
330
7567
100
AcDbEntity
  8
Calque1
100
AcDbCircle
 10
-50.83235758522143
 20
59.67347262327121
 30
0.0
 40
0.8581098885273911
100
AcDbArc
 50
349.4670503620187
 51
96.08216553818376
  0
ARC
  5
75AC
330
7567
100
AcDbEntity
  8
Calque1
100
AcDbCircle
 10
-51.31536056688286
 20
57.07575982553544
 30
0.0
 40
0.858109888527391
100
AcDbArc
 50
295.9964679114175
 51
349.4670503621235
  0
LINE
  5
75AD
330
7567
100
AcDbEntity
  8
Calque1
100
AcDbLine
 10
-54.34152189341808
 20
60.16252343700397
 30
0.0
 11
-50.92327823964069
 21
60.52675218788589
 31
0.0
  0
ARC
  5
75AE
330
7567
100
AcDbEntity
  8
Calque1
100
AcDbCircle
 10
-54.25060123899744
 20
59.3092438723902
 30
0.0
 40
0.8581098885273911
100
AcDbArc
 50
96.08216553823558
 51
189.3813527353018
  0
CIRCLE
  5
75AF
330
7567
100
AcDbEntity
  8
Calque1
100
AcDbCircle
 10
18.03122292027001
 20
18.031222920255
 30
0.0
 40
1.0
  0
LINE
  5
75B0
330
7567
100
AcDbEntity
  8
Calque1
100
AcDbLine
 10
-14.77977035956587
 20
19.531222920255
 30
0.0
 11
-9.349419272656859
 21
19.531222920255
 31
0.0
  0
ARC
  5
75B1
330
7567
100
AcDbEntity
  8
Calque1
100
AcDbCircle
 10
-14.77977035956587
 20
20.531222920255
 30
0.0
 40
1.0
100
AcDbArc
 50
143.0415226851144
 51
270.0
  0
ARC
  5
75B2
330
7567
100
AcDbEntity
  8
Calque1
100
AcDbCircle
 10
-9.349419272656859
 20
20.531222920255
 30
0.0
 40
1.0
100
AcDbArc
 50
270.0
 51
53.82806514972935
  0
CIRCLE
  5
75B3
330
7567
100
AcDbEntity
  8
Cut
370
     0
100
AcDbCircle
 10
-8.500346865059098
 20
-14.20995159682252
 30
0.0
 40
1.0
  0
CIRCLE
  5
75B4
330
7567
100
AcDbEntity
  8
Cut
370
     0
100
AcDbCircle
 10
8.500346865070921
 20
-14.20995159682252
 30
0.0
 40
1.0
  0
LINE
  5
75B5
330
7567
100
AcDbEntity
  8
Calque1
100
AcDbLine
 10
5.685085984291844
 20
-11.76038936383747
 30
0.0
 11
8.647107717473089
 21
-9.385916008355707
 31
0.0
  0
ARC
  5
75B6
330
7567
100
AcDbEntity
  8
Calque1
100
AcDbCircle
 10
5.059611284468018
 20
-10.98014491503954
 30
0.0
 40
1.0
100
AcDbArc
 50
219.8379952847595
 51
308.7170376454623
  0
LINE
  5
75B7
330
7567
100
AcDbEntity
  8
Calque1
100
AcDbLine
 10
9.021633017649262
 20
-8.605671559557777
 30
0.0
 11
9.021633017649262
 21
-1.219707151709825
 31
0.0
  0
ARC
  5
75B8
330
7567
100
AcDbEntity
  8
Calque1
100
AcDbCircle
 10
8.021633017649262
 20
-1.219707151709825
 30
0.0
 40
1.0
100
AcDbArc
 50
0.0
 51
120.9739664410985
  0
ARC
  5
75B9
330
7567
100
AcDbEntity
  8
Calque1
100
AcDbCircle
 10
8.021633017649262
 20
-8.605671559557777
 30
0.0
 40
1.0
100
AcDbArc
 50
308.7170376454623
 51
0.0
  0
LINE
  5
75BA
330
7567
100
AcDbEntity
  8
Calque1
100
AcDbLine
 10
4.291752413923632
 20
-11.62076395544227
 30
0.0
 11
2.73214114436837
 21
-9.751382509682118
 31
0.0
  0
LINE
  5
75BB
330
7567
100
AcDbEntity
  8
Calque1
100
AcDbLine
 10
2.500000014912983
 20
-3.933782875991255
 30
0.0
 11
2.500000014912983
 21
-9.11076346927939
 31
0.0
  0
ARC
  5
75BC
330
7567
100
AcDbEntity
  8
Calque1
100
AcDbCircle
 10
3.500000014912983
 20
-9.11076346927939
 30
0.0
 40
1.0
100
AcDbArc
 50
180.0
 51
219.8379952847595
  0
LINE
  5
75BD
330
7567
100
AcDbEntity
  8
Calque1
100
AcDbLine
 10
2.985351465392341
 20
-3.076381645250421
 30
0.0
 11
7.506984468128621
 21
-0.3623059209689927
 31
0.0
  0
ARC
  5
75BE
330
7567
100
AcDbEntity
  8
Calque1
100
AcDbCircle
 10
3.500000014912983
 20
-3.933782875991255
 30
0.0
 40
1.0
100
AcDbArc
 50
120.9739664410739
 51
180.0
  0
LINE
  5
75BF
330
7567
100
AcDbEntity
  8
Cut
370
     0
100
AcDbLine
 10
3.272271543122087
 20
-15.86046090938589
 30
0.0
 11
2.079152277930234
 21
-16.85820494997324
 31
0.0
  0
ARC
  5
75C0
330
7567
100
AcDbEntity
  8
Cut
370
     0
100
AcDbCircle
 10
2.630768372971259
 20
-15.0933405259475
 30
0.0
 40
1.0
100
AcDbArc
 50
309.9039986491363
 51
39.83799528475952
  0
LINE
  5
75C1
330
7567
100
AcDbEntity
  8
Cut
370
     0
100
AcDbLine
 10
1.43764910777986
 20
-17.0910845665353
 30
0.0
 11
0.0000000000118234
 21
-17.09108456653621
 31
0.0
  0
ARC
  5
75C2
330
7567
100
AcDbEntity
  8
Cut
370
     0
100
AcDbCircle
 10
1.437649107779406
 20
-16.0910845665353
 30
0.0
 40
1.0
100
AcDbArc
 50
270.0000000000391
 51
309.9039986491531
  0
LINE
  5
75C3
330
7567
100
AcDbEntity
  8
Cut
370
     0
100
AcDbLine
 10
0.767858870554619
 20
-11.29942958486163
 30
0.0
 11
3.398627243515193
 21
-14.45272148554522
 31
0.0
  0
LINE
  5
75C4
330
7567
100
AcDbEntity
  8
Calque1
100
AcDbLine
 10
-6.103611459219338
 20
45.1077397204117
 30
0.0
 11
-2.420891908668863
 21
42.49380809620787
 31
0.0
  0
ARC
  5
75C5
330
7567
100
AcDbEntity
  8
Calque1
100
AcDbCircle
 10
-6.682415707338349
 20
44.29227320217842
 30
0.0
 40
1.0
100
AcDbArc
 50
54.63351630034821
 51
180.0
  0
LINE
  5
75C6
330
7567
100
AcDbEntity
  8
Calque1
100
AcDbLine
 10
-7.682415707338349
 20
44.29227320217842
 30
0.0
 11
-7.682415707338349
 21
36.82541749452003
 31
0.0
  0
LINE
  5
75C7
330
7567
100
AcDbEntity
  8
Calque1
100
AcDbLine
 10
-1.999696156787877
 20
39.43934911872385
 30
0.0
 11
-1.999696156787877
 21
41.67834157797414
 31
0.0
  0
ARC
  5
75C8
330
7567
100
AcDbEntity
  8
Calque1
100
AcDbCircle
 10
-2.999696156787877
 20
39.43934911872385
 30
0.0
 40
1.0
100
AcDbArc
 50
305.3664836996412
 51
0.0
  0
ARC
  5
75C9
330
7567
100
AcDbEntity
  8
Calque1
100
AcDbCircle
 10
-2.999696156787877
 20
41.67834157797414
 30
0.0
 40
1.0
100
AcDbArc
 50
0.0
 51
54.63351630034821
  0
LWPOLYLINE
  5
75CA
330
7567
100
AcDbEntity
  8
Calque1
100
AcDbPolyline
 90
        6
 70
     1
 43
0.0
 10
-3.578500404907116
 20
34.1362373234665
 10
-8.224677059988151
 20
30.8384602531105
 42
0.4404180050514875
 10
-8.406905130797893
 20
29.37427976898334
 10
-3.760728475716632
 20
23.92366396622946
 42
0.6973196755187404
 10
-1.999696156787877
 20
24.57237793212335
 10
-1.999696156787877
 20
33.32077080523323
 42
0.6090049327341935
  0
LWPOLYLINE
  5
75CB
330
7567
100
AcDbEntity
  8
Calque1
100
AcDbPolyline
 90
        8
 70
     0
 43
0.0
 10
1.9996961567997
 20
23.03122299476036
 10
2.63072686104897
 20
23.03122299476036
 42
0.219659751541061
 10
3.239552716192064
 20
23.31225182204526
 10
8.406905130831772
 20
29.37427976900881
 42
0.4404180050528645
 10
8.22467706001862
 20
30.83846025313869
 10
3.578500404915529
 20
34.13623732348243
 42
0.6090049327328702
 10
1.9996961567997
 20
33.32077080524687
 10
1.9996961567997
 20
23.03122299476036
  0
LINE
  5
75CC
330
7567
100
AcDbEntity
  8
Calque1
100
AcDbLine
 10
-6.103611459219338
 20
36.00995097628675
 30
0.0
 11
-2.420891908668863
 21
38.62388260049056
 31
0.0
  0
ARC
  5
75CD
330
7567
100
AcDbEntity
  8
Calque1
100
AcDbCircle
 10
-6.682415707338349
 20
36.82541749452003
 30
0.0
 40
1.0
100
AcDbArc
 50
180.0
 51
305.3664836996412
  0
LINE
  5
75CE
330
7567
100
AcDbEntity
  8
Calque1
100
AcDbLine
 10
6.103611459231159
 20
45.1077397204117
 30
0.0
 11
2.420891908680686
 21
42.49380809620787
 31
0.0
  0
ARC
  5
75CF
330
7567
100
AcDbEntity
  8
Calque1
100
AcDbCircle
 10
6.682415707350172
 20
44.29227320217842
 30
0.0
 40
1.0
100
AcDbArc
 50
0.0
 51
125.3664836996517
  0
LINE
  5
75D0
330
7567
100
AcDbEntity
  8
Calque1
100
AcDbLine
 10
7.682415707350172
 20
44.29227320217842
 30
0.0
 11
7.682415707350172
 21
36.82541749452003
 31
0.0
  0
LINE
  5
75D1
330
7567
100
AcDbEntity
  8
Calque1
100
AcDbLine
 10
1.9996961567997
 20
39.43934911872385
 30
0.0
 11
1.9996961567997
 21
41.67834157797414
 31
0.0
  0
ARC
  5
75D2
330
7567
100
AcDbEntity
  8
Calque1
100
AcDbCircle
 10
2.9996961567997
 20
39.43934911872385
 30
0.0
 40
1.0
100
AcDbArc
 50
180.0
 51
234.6335163003482
  0
ARC
  5
75D3
330
7567
100
AcDbEntity
  8
Calque1
100
AcDbCircle
 10
2.9996961567997
 20
41.67834157797414
 30
0.0
 40
1.0
100
AcDbArc
 50
125.3664836996517
 51
180.0
  0
LINE
  5
75D4
330
7567
100
AcDbEntity
  8
Calque1
100
AcDbLine
 10
6.103611459231159
 20
36.00995097628675
 30
0.0
 11
2.420891908680686
 21
38.62388260049056
 31
0.0
  0
ARC
  5
75D5
330
7567
100
AcDbEntity
  8
Calque1
100
AcDbCircle
 10
6.682415707350172
 20
36.82541749452003
 30
0.0
 40
1.0
100
AcDbArc
 50
234.6335163003482
 51
0.0
  0
CIRCLE
  5
75D6
330
7567
100
AcDbEntity
  8
Cut
370
     0
100
AcDbCircle
 10
-46.5633854461373
 20
-17.39743991919977
 30
0.0
 40
2.250000000000131
  0
CIRCLE
  5
75D7
330
7567
100
AcDbEntity
  8
Calque1
100
AcDbCircle
 10
-51.02247495044321
 20
-16.79203031191901
 30
0.0
 40
1.0
  0
CIRCLE
  5
75D8
330
7567
100
AcDbEntity
  8
Calque1
100
AcDbCircle
 10
-42.10429594183165
 20
-18.00284952648326
 30
0.0
 40
1.0
  0
CIRCLE
  5
75D9
330
7567
100
AcDbEntity
  8
Calque1
100
AcDbCircle
 10
-47.16879505332736
 20
-21.85652942351817
 30
0.0
 40
0.9999999999999998
  0
CIRCLE
  5
75DA
330
7567
100
AcDbEntity
  8
Calque1
100
AcDbCircle
 10
-45.95797583894977
 20
-12.93835041488182
 30
0.0
 40
0.9999999999999998
  0
LWPOLYLINE
  5
75DB
330
7567
100
AcDbEntity
  8
Calque1
100
AcDbPolyline
 90
       71
 70
     0
 43
0.0
 10
0.0000000000459295
 20
72.07540826613605
 10
-3.022804080022297
 20
72.07677624469579
 42
0.0928435768533738
 10
-3.746684528817012
 20
71.9415602399972
 10
-6.955207214085247
 20
70.78648993206525
 10
-6.956115385425163
 20
68.93765682315552
 42
-1.021867348273252
 10
-6.998581138782127
 20
67.33164612295468
 10
-9.057056189558123
 20
67.338688640074
 42
-0.9999030474641815
 10
-9.056115132071226
 20
68.93868837087802
 10
-9.055928529366155
 20
69.31856961481797
 42
0.5196083169837095
 10
-9.725288481114148
 20
69.78925882729663
 10
-11.24548067079013
 20
69.2419886244993
 42
0.3161125358143195
 10
-11.90676049555736
 20
68.30165112425628
 10
-11.91731884957698
 20
49.09457216285909
 42
-0.1837596001191382
 10
-12.17046502593666
 20
48.43013345958434
 10
-13.66088466853466
 20
46.75623154045069
 42
0.1836568997869751
 10
-13.91403054748525
 20
46.09219022698925
 10
-13.92153726881656
 20
38.16619776024754
 42
-0.5963335945206736
 10
-17.01930307454313
 20
36.49629404855932
 10
-28.43995981169224
 20
43.99553578215317
 42
-0.0173581740602195
 10
-28.68307960692187
 20
44.16754261465166
 10
-32.96836659724228
 20
47.42830423465011
 42
-0.109594061716963
 10
-36.56893547340656
 20
51.6855156203669
 10
-38.24665021552664
 20
54.87912849107896
 42
0.1095940617166392
 10
-38.96676399075955
 20
55.73057076822033
 10
-47.59166411932461
 20
62.29343187392078
 42
0.1914404405763938
 10
-50.64439834392215
 20
63.14537072470965
 10
-56.42205136636562
 20
62.52973662821432
 42
0.4311811920311702
 10
-57.93347584950971
 20
60.54342532144437
 10
-56.98635893664686
 20
54.81077764852489
 42
0.1914404405761393
 10
-55.35132540917402
 20
52.09569912009238
 10
-46.72642528060872
 20
45.5328380143901
 42
0.1095940617167772
 10
-45.71380470252598
 20
45.06580764554473
 10
-42.18847901164486
 20
44.30032172322125
 42
-0.1095940617166939
 10
-37.12537612122947
 20
41.96516987899484
 10
-32.83973844198476
 20
38.70414141269657
 42
-0.0173068668104816
 10
-32.60979835966805
 20
38.51626402806551
 10
-23.41165952686038
 20
30.45417438284949
 42
-0.2160510611019898
 10
-20.68477631084807
 20
24.43800954281824
 10
-20.68477631084807
 20
11.62443629769177
 42
-0.2160510611019898
 10
-23.41165952686038
 20
5.608271457660521
 10
-32.60979835966805
 20
-2.453818187555498
 42
-0.0173068668104816
 10
-32.83973844198476
 20
-2.641695572186562
 10
-37.12537612122947
 20
-5.902724038484847
 42
-0.1095940617166939
 10
-42.18847901164486
 20
-8.237875882711248
 10
-45.71380470252598
 20
-9.003361805034726
 42
0.1095940617167772
 10
-46.72642528060872
 20
-9.470392173880098
 10
-55.35132540917402
 20
-16.03325327958237
 42
0.1914404405761393
 10
-56.98635893664686
 20
-18.74833180801488
 10
-57.93347584950971
 20
-24.48097948093437
 42
0.4311811920311702
 10
-56.42205136636562
 20
-26.46729078770432
 10
-50.64439834392215
 20
-27.08292488419966
 42
0.1914404405763938
 10
-47.59166411932461
 20
-26.23098603341077
 10
-38.96676399075955
 20
-19.66812492771032
 42
0.1095940617166392
 10
-38.24665021552664
 20
-18.81668265056896
 10
-36.56893547340656
 20
-15.6230697798569
 42
-0.109594061716963
 10
-32.96836659724228
 20
-11.3658583941401
 10
-28.68307960692187
 20
-8.105096774141657
 42
-0.0173581740602195
 10
-28.43995981169224
 20
-7.933089941643173
 10
-15.82392047682174
 20
0.3510859048274142
 42
-0.5967837192861423
 10
-12.72615391911427
 20
-1.321473640556632
 10
-12.72982299813748
 20
-10.95626668834166
 42
0.103774254868695
 10
-12.56156439360643
 20
-11.76019640074037
 10
-10.56926081338088
 20
-16.30518275684153
 42
0.2976451201785255
 10
-9.653881449492699
 20
-16.90370899319851
 10
-7.105917479989103
 20
-16.90496058688814
 42
-0.1758951040307703
 10
-6.464528780775026
 20
-17.13815529018075
 10
-3.216967022260178
 20
-19.85663544941008
 42
0.1758951040308064
 10
-2.575578323046328
 20
-20.08983015270223
 10
-0.0488642088471352
 20
-20.0910713081812
 10
-0.0007013504291535
 20
-20.09108454602119
 10
0.0000000000059117
 20
-20.09108458704895
  0
LINE
  5
75DC
330
7567
100
AcDbEntity
  8
Calque1
100
AcDbLine
 10
-55.09723413499137
 20
-23.10692194311014
 30
0.0
 11
-54.53688958605244
 21
-19.71530488836879
 31
0.0
  0
ARC
  5
75DD
330
7567
100
AcDbEntity
  8
Calque1
100
AcDbCircle
 10
-53.69025669005669
 20
-19.85518097713884
 30
0.0
 40
0.8581098885273911
100
AcDbArc
 50
64.0035320885825
 51
170.6186472646189
  0
LINE
  5
75DE
330
7567
100
AcDbEntity
  8
Calque1
100
AcDbLine
 10
-53.31413362065609
 20
-19.0838937300955
 30
0.0
 11
-50.93923749748069
 21
-20.24202673798163
 31
0.0
  0
LINE
  5
75DF
330
7567
100
AcDbEntity
  8
Calque1
100
AcDbLine
 10
-49.98870689548152
 20
-23.45416348402159
 30
0.0
 11
-50.47170987714594
 21
-20.85645068628583
 31
0.0
  0
ARC
  5
75E0
330
7567
100
AcDbEntity
  8
Calque1
100
AcDbCircle
 10
-50.83235758522143
 20
-23.6110267827612
 30
0.0
 40
0.8581098885273911
100
AcDbArc
 50
263.9178344618291
 51
10.53294963798135
  0
ARC
  5
75E1
330
7567
100
AcDbEntity
  8
Calque1
100
AcDbCircle
 10
-51.31536056688286
 20
-21.01331398502543
 30
0.0
 40
0.858109888527391
100
AcDbArc
 50
10.5329496378765
 51
64.0035320885825
  0
LINE
  5
75E2
330
7567
100
AcDbEntity
  8
Calque1
100
AcDbLine
 10
-54.34152189341808
 20
-24.10007759649398
 30
0.0
 11
-50.92327823964069
 21
-24.4643063473759
 31
0.0
  0
ARC
  5
75E3
330
7567
100
AcDbEntity
  8
Calque1
100
AcDbCircle
 10
-54.25060123899744
 20
-23.24679803188019
 30
0.0
 40
0.8581098885273911
100
AcDbArc
 50
170.6186472646703
 51
263.9178344617775
  0
CIRCLE
  5
75E4
330
7567
100
AcDbEntity
  8
Cut
370
     0
100
AcDbCircle
 10
46.56338544614913
 20
53.45988575970977
 30
0.0
 40
2.250000000000131
  0
CIRCLE
  5
75E5
330
7567
100
AcDbEntity
  8
Calque1
100
AcDbCircle
 10
51.02247495045503
 20
52.85447615242901
 30
0.0
 40
1.0
  0
CIRCLE
  5
75E6
330
7567
100
AcDbEntity
  8
Calque1
100
AcDbCircle
 10
42.10429594184346
 20
54.06529536699327
 30
0.0
 40
1.0
  0
CIRCLE
  5
75E7
330
7567
100
AcDbEntity
  8
Calque1
100
AcDbCircle
 10
47.16879505333917
 20
57.91897526402816
 30
0.0
 40
0.9999999999999998
  0
CIRCLE
  5
75E8
330
7567
100
AcDbEntity
  8
Calque1
100
AcDbCircle
 10
45.95797583896159
 20
49.00079625539182
 30
0.0
 40
0.9999999999999998
  0
LINE
  5
75E9
330
7567
100
AcDbEntity
  8
Calque1
100
AcDbLine
 10
55.09723413500318
 20
59.16936778362014
 30
0.0
 11
54.53688958606426
 21
55.77775072887879
 31
0.0
  0
ARC
  5
75EA
330
7567
100
AcDbEntity
  8
Calque1
100
AcDbCircle
 10
53.69025669006851
 20
55.91762681764885
 30
0.0
 40
0.8581098885273911
100
AcDbArc
 50
244.0035320885825
 51
350.6186472646188
  0
LINE
  5
75EB
330
7567
100
AcDbEntity
  8
Calque1
100
AcDbLine
 10
53.31413362066792
 20
55.14633957060549
 30
0.0
 11
50.93923749749251
 21
56.30447257849164
 31
0.0
  0
LINE
  5
75EC
330
7567
100
AcDbEntity
  8
Calque1
100
AcDbLine
 10
49.98870689549335
 20
59.5166093245316
 30
0.0
 11
50.47170987715777
 21
56.91889652679583
 31
0.0
  0
ARC
  5
75ED
330
7567
100
AcDbEntity
  8
Calque1
100
AcDbCircle
 10
50.83235758523324
 20
59.67347262327121
 30
0.0
 40
0.8581098885273911
100
AcDbArc
 50
83.9178344618292
 51
190.5329496379813
  0
ARC
  5
75EE
330
7567
100
AcDbEntity
  8
Calque1
100
AcDbCircle
 10
51.31536056689468
 20
57.07575982553544
 30
0.0
 40
0.858109888527391
100
AcDbArc
 50
190.5329496378764
 51
244.0035320885825
  0
LINE
  5
75EF
330
7567
100
AcDbEntity
  8
Calque1
100
AcDbLine
 10
54.3415218934299
 20
60.16252343700397
 30
0.0
 11
50.92327823965252
 21
60.52675218788589
 31
0.0
  0
ARC
  5
75F0
330
7567
100
AcDbEntity
  8
Calque1
100
AcDbCircle
 10
54.25060123900926
 20
59.3092438723902
 30
0.0
 40
0.8581098885273911
100
AcDbArc
 50
350.6186472646981
 51
83.91783446177738
  0
CIRCLE
  5
75F1
330
7567
100
AcDbEntity
  8
Cut
370
     0
100
AcDbCircle
 10
46.56338544614913
 20
-17.39743991919977
 30
0.0
 40
2.250000000000131
  0
CIRCLE
  5
75F2
330
7567
100
AcDbEntity
  8
Calque1
100
AcDbCircle
 10
51.02247495045503
 20
-16.79203031191901
 30
0.0
 40
1.0
  0
CIRCLE
  5
75F3
330
7567
100
AcDbEntity
  8
Calque1
100
AcDbCircle
 10
42.10429594184346
 20
-18.00284952648326
 30
0.0
 40
1.0
  0
CIRCLE
  5
75F4
330
7567
100
AcDbEntity
  8
Calque1
100
AcDbCircle
 10
47.16879505333917
 20
-21.85652942351817
 30
0.0
 40
0.9999999999999998
  0
CIRCLE
  5
75F5
330
7567
100
AcDbEntity
  8
Calque1
100
AcDbCircle
 10
45.95797583896159
 20
-12.93835041488182
 30
0.0
 40
0.9999999999999998
  0
LWPOLYLINE
  5
75F6
330
7567
100
AcDbEntity
  8
Calque1
100
AcDbPolyline
 90
       71
 70
     0
 43
0.0
 10
-0.0000000000341061
 20
72.07540826613605
 10
3.02280408003412
 20
72.07677624469579
 42
-0.0928435768533738
 10
3.746684528828836
 20
71.9415602399972
 10
6.955207214097072
 20
70.78648993206525
 10
6.956115385436987
 20
68.93765682315552
 42
1.021867348273252
 10
6.998581138793952
 20
67.33164612295468
 10
9.057056189569948
 20
67.338688640074
 42
0.9999030474641815
 10
9.05611513208305
 20
68.93868837087802
 10
9.055928529377979
 20
69.31856961481797
 42
-0.5196083169837095
 10
9.725288481125971
 20
69.78925882729663
 10
11.24548067080195
 20
69.2419886244993
 42
-0.3161125358143195
 10
11.90676049556919
 20
68.30165112425628
 10
11.91731884958881
 20
49.09457216285909
 42
0.1837596001191382
 10
12.17046502594849
 20
48.43013345958434
 10
13.66088466854648
 20
46.75623154045069
 42
-0.1836568997869751
 10
13.91403054749708
 20
46.09219022698925
 10
13.92153726882838
 20
38.16619776024754
 42
0.5963335945206736
 10
17.01930307455494
 20
36.49629404855932
 10
28.43995981170406
 20
43.99553578215317
 42
0.0173581740602195
 10
28.68307960693369
 20
44.16754261465166
 10
32.96836659725409
 20
47.42830423465011
 42
0.109594061716963
 10
36.56893547341839
 20
51.6855156203669
 10
38.24665021553847
 20
54.87912849107896
 42
-0.1095940617166392
 10
38.96676399077136
 20
55.73057076822033
 10
47.59166411933644
 20
62.29343187392078
 42
-0.1914404405763938
 10
50.64439834393397
 20
63.14537072470965
 10
56.42205136637745
 20
62.52973662821432
 42
-0.4311811920311702
 10
57.93347584952154
 20
60.54342532144437
 10
56.98635893665869
 20
54.81077764852489
 42
-0.1914404405761393
 10
55.35132540918585
 20
52.09569912009238
 10
46.72642528062056
 20
45.5328380143901
 42
-0.1095940617167772
 10
45.71380470253779
 20
45.06580764554473
 10
42.18847901165668
 20
44.30032172322125
 42
0.1095940617166939
 10
37.12537612124129
 20
41.96516987899484
 10
32.83973844199659
 20
38.70414141269657
 42
0.0173068668104816
 10
32.60979835967987
 20
38.51626402806551
 10
23.4116595268722
 20
30.45417438284949
 42
0.2160510611019898
 10
20.68477631085989
 20
24.43800954281824
 10
20.68477631085989
 20
11.62443629769177
 42
0.2160510611019898
 10
23.4116595268722
 20
5.608271457660521
 10
32.60979835967987
 20
-2.453818187555498
 42
0.0173068668104816
 10
32.83973844199659
 20
-2.641695572186562
 10
37.12537612124129
 20
-5.902724038484847
 42
0.1095940617166939
 10
42.18847901165668
 20
-8.237875882711248
 10
45.71380470253779
 20
-9.003361805034726
 42
-0.1095940617167772
 10
46.72642528062056
 20
-9.470392173880098
 10
55.35132540918585
 20
-16.03325327958237
 42
-0.1914404405761393
 10
56.98635893665869
 20
-18.74833180801488
 10
57.93347584952154
 20
-24.48097948093437
 42
-0.4311811920311702
 10
56.42205136637745
 20
-26.46729078770432
 10
50.64439834393397
 20
-27.08292488419966
 42
-0.1914404405763938
 10
47.59166411933644
 20
-26.23098603341077
 10
38.96676399077136
 20
-19.66812492771032
 42
-0.1095940617166392
 10
38.24665021553847
 20
-18.81668265056896
 10
36.56893547341839
 20
-15.6230697798569
 42
0.109594061716963
 10
32.96836659725409
 20
-11.3658583941401
 10
28.68307960693369
 20
-8.105096774141657
 42
0.0173581740602195
 10
28.43995981170406
 20
-7.933089941643173
 10
15.82392047683356
 20
0.3510859048274142
 42
0.5967837192861423
 10
12.72615391912609
 20
-1.321473640556632
 10
12.7298229981493
 20
-10.95626668834166
 42
-0.103774254868695
 10
12.56156439361825
 20
-11.76019640074037
 10
10.5692608133927
 20
-16.30518275684153
 42
-0.2976451201785255
 10
9.653881449504522
 20
-16.90370899319851
 10
7.105917480000925
 20
-16.90496058688814
 42
0.1758951040307703
 10
6.464528780786848
 20
-17.13815529018075
 10
3.216967022272001
 20
-19.85663544941008
 42
-0.1758951040308064
 10
2.575578323058151
 20
-20.08983015270223
 10
0.0488642088589586
 20
-20.0910713081812
 10
0.000701350440977
 20
-20.09108454602119
 10
0.0000000000059117
 20
-20.09108458704895
  0
LINE
  5
75F7
330
7567
100
AcDbEntity
  8
Calque1
100
AcDbLine
 10
55.09723413500318
 20
-23.10692194311014
 30
0.0
 11
54.53688958606426
 21
-19.71530488836879
 31
0.0
  0
ARC
  5
75F8
330
7567
100
AcDbEntity
  8
Calque1
100
AcDbCircle
 10
53.69025669006851
 20
-19.85518097713884
 30
0.0
 40
0.8581098885273911
100
AcDbArc
 50
9.381352735381099
 51
115.9964679114175
  0
LINE
  5
75F9
330
7567
100
AcDbEntity
  8
Calque1
100
AcDbLine
 10
53.31413362066792
 20
-19.0838937300955
 30
0.0
 11
50.93923749749251
 21
-20.24202673798163
 31
0.0
  0
LINE
  5
75FA
330
7567
100
AcDbEntity
  8
Calque1
100
AcDbLine
 10
49.98870689549335
 20
-23.45416348402159
 30
0.0
 11
50.47170987715777
 21
-20.85645068628583
 31
0.0
  0
ARC
  5
75FB
330
7567
100
AcDbEntity
  8
Calque1
100
AcDbCircle
 10
50.83235758523324
 20
-23.6110267827612
 30
0.0
 40
0.8581098885273911
100
AcDbArc
 50
169.4670503620186
 51
276.0821655381708
  0
ARC
  5
75FC
330
7567
100
AcDbEntity
  8
Calque1
100
AcDbCircle
 10
51.31536056689468
 20
-21.01331398502543
 30
0.0
 40
0.858109888527391
100
AcDbArc
 50
115.9964679114175
 51
169.4670503621235
  0
LINE
  5
75FD
330
7567
100
AcDbEntity
  8
Calque1
100
AcDbLine
 10
54.3415218934299
 20
-24.10007759649398
 30
0.0
 11
50.92327823965252
 21
-24.4643063473759
 31
0.0
  0
ARC
  5
75FE
330
7567
100
AcDbEntity
  8
Calque1
100
AcDbCircle
 10
54.25060123900926
 20
-23.24679803188019
 30
0.0
 40
0.8581098885273911
100
AcDbArc
 50
276.0821655382226
 51
9.381352735329684
  0
LINE
  5
75FF
330
7567
100
AcDbEntity
  8
Calque1
100
AcDbLine
 10
-12.26238716180273
 20
23.89977710792118
 30
0.0
 11
-8.759208948652712
 21
21.33847243152104
 31
0.0
  0
ARC
  5
7600
330
7567
100
AcDbEntity
  8
Calque1
100
AcDbCircle
 10
-12.85259748580688
 20
23.09252759665515
 30
0.0
 40
1.0
100
AcDbArc
 50
53.82806514972935
 51
143.0415226851144
  0
LWPOLYLINE
  5
7601
330
7567
100
AcDbEntity
  8
Cut
370
     0
100
AcDbPolyline
 90
       11
 70
   128
 43
0.0
 10
1.9996961567997
 20
11.49006790838666
 42
-0.6973196755187978
 10
3.760728475728455
 20
12.13878187428054
 10
8.644196736624053
 20
6.409789790870489
 42
-0.3010122909466801
 10
8.750912634281121
 20
5.533047741755581
 10
7.378220190940054
 20
2.787662855075268
 42
-0.1425925614729653
 10
6.998441549460948
 20
2.377475219834194
 10
4.59432780890438
 20
0.9344242827710331
 42
-0.2630472057865777
 10
3.610568966213122
 20
0.9086859249750888
 10
2.530585863629084
 20
1.482356493533643
 42
-0.2774346930662328
 10
1.9996961567997
 20
2.36549608207042
 10
1.9996961567997
 20
11.49006790838666
  0
LWPOLYLINE
  5
7602
330
7567
100
AcDbEntity
  8
Cut
370
     0
100
AcDbPolyline
 90
       10
 70
   129
 43
0.0
 10
-2.53058586361726
 20
1.482356493533643
 10
-3.610568966201526
 20
0.9086859249750888
 42
-0.2630472057865603
 10
-4.594327808892785
 20
0.9344242827705784
 10
-6.998441549449125
 20
2.377475219834194
 42
-0.1425925614729653
 10
-7.378220190928233
 20
2.787662855075268
 10
-8.750912634269297
 20
5.533047741755581
 42
-0.3010122909466801
 10
-8.644196736612228
 20
6.409789790870489
 10
-3.760728475716859
 20
12.13878187428054
 42
-0.6973196755187978
 10
-1.999696156787877
 20
11.49006790838666
 10
-1.999696156787877
 20
2.36549608207042
 42
-0.2774346930662478
  0
LINE
  5
7603
330
7567
100
AcDbEntity
  8
Calque1
100
AcDbLine
 10
-15.57884179975554
 20
21.1324590082213
 30
0.0
 11
-13.65166892599654
 21
23.69376368462145
 31
0.0
  0
LINE
  5
7604
330
7567
100
AcDbEntity
  8
Calque1
100
AcDbLine
 10
-14.77977035956587
 20
16.531222920255
 30
0.0
 11
-9.349419272656859
 21
16.531222920255
 31
0.0
  0
ARC
  5
7605
330
7567
100
AcDbEntity
  8
Calque1
100
AcDbCircle
 10
-14.77977035956587
 20
15.531222920255
 30
0.0
 40
1.0
100
AcDbArc
 50
90.0
 51
216.9584773149142
  0
ARC
  5
7606
330
7567
100
AcDbEntity
  8
Calque1
100
AcDbCircle
 10
-9.349419272656859
 20
15.531222920255
 30
0.0
 40
1.0
100
AcDbArc
 50
306.171934850286
 51
90.0
  0
LINE
  5
7607
330
7567
100
AcDbEntity
  8
Calque1
100
AcDbLine
 10
-12.26238716180273
 20
12.16266873258883
 30
0.0
 11
-8.759208948652712
 21
14.72397340898897
 31
0.0
  0
ARC
  5
7608
330
7567
100
AcDbEntity
  8
Calque1
100
AcDbCircle
 10
-12.85259748580688
 20
12.96991824385486
 30
0.0
 40
1.0
100
AcDbArc
 50
216.9584773149142
 51
306.171934850286
  0
LINE
  5
7609
330
7567
100
AcDbEntity
  8
Calque1
100
AcDbLine
 10
-15.57884179975554
 20
14.9299868322887
 30
0.0
 11
-13.65166892599654
 21
12.36868215588856
 31
0.0
  0
LINE
  5
760A
330
7567
100
AcDbEntity
  8
Calque1
100
AcDbLine
 10
14.7797703595777
 20
19.531222920255
 30
0.0
 11
9.349419272668683
 21
19.531222920255
 31
0.0
  0
ARC
  5
760B
330
7567
100
AcDbEntity
  8
Calque1
100
AcDbCircle
 10
14.7797703595777
 20
20.531222920255
 30
0.0
 40
1.0
100
AcDbArc
 50
270.0
 51
36.95847731490643
  0
ARC
  5
760C
330
7567
100
AcDbEntity
  8
Calque1
100
AcDbCircle
 10
9.349419272668683
 20
20.531222920255
 30
0.0
 40
1.0
100
AcDbArc
 50
126.1719348502706
 51
270.0
  0
LINE
  5
760D
330
7567
100
AcDbEntity
  8
Calque1
100
AcDbLine
 10
12.26238716181456
 20
23.89977710792118
 30
0.0
 11
8.759208948664536
 21
21.33847243152104
 31
0.0
  0
ARC
  5
760E
330
7567
100
AcDbEntity
  8
Calque1
100
AcDbCircle
 10
12.8525974858187
 20
23.09252759665515
 30
0.0
 40
1.0
100
AcDbArc
 50
36.95847731488561
 51
126.1719348502706
  0
LINE
  5
760F
330
7567
100
AcDbEntity
  8
Calque1
100
AcDbLine
 10
15.57884179976736
 20
21.1324590082213
 30
0.0
 11
13.65166892600837
 21
23.69376368462145
 31
0.0
  0
LINE
  5
7610
330
7567
100
AcDbEntity
  8
Calque1
100
AcDbLine
 10
14.7797703595777
 20
16.531222920255
 30
0.0
 11
9.349419272668683
 21
16.531222920255
 31
0.0
  0
ARC
  5
7611
330
7567
100
AcDbEntity
  8
Calque1
100
AcDbCircle
 10
14.7797703595777
 20
15.531222920255
 30
0.0
 40
1.0
100
AcDbArc
 50
323.0415226850857
 51
90.0
  0
ARC
  5
7612
330
7567
100
AcDbEntity
  8
Calque1
100
AcDbCircle
 10
9.349419272668683
 20
15.531222920255
 30
0.0
 40
1.0
100
AcDbArc
 50
90.0
 51
233.8280651497293
  0
LINE
  5
7613
330
7567
100
AcDbEntity
  8
Calque1
100
AcDbLine
 10
12.26238716181456
 20
12.16266873258883
 30
0.0
 11
8.759208948664536
 21
14.72397340898897
 31
0.0
  0
ARC
  5
7614
330
7567
100
AcDbEntity
  8
Calque1
100
AcDbCircle
 10
12.8525974858187
 20
12.96991824385486
 30
0.0
 40
1.0
100
AcDbArc
 50
233.8280651497293
 51
323.0415226850857
  0
LINE
  5
7615
330
7567
100
AcDbEntity
  8
Calque1
100
AcDbLine
 10
15.57884179976736
 20
14.9299868322887
 30
0.0
 11
13.65166892600837
 21
12.36868215588856
 31
0.0
  0
ENDBLK
  5
7618
330
7567
100
AcDbEntity
  8
0
100
AcDbBlockEnd
  0
BLOCK
  5
76D9
330
7635
100
AcDbEntity
  8
0
100
AcDbBlockBegin
  2
proto_V23
 70
     0
 10
0.0
 20
0.0
 30
0.0
  3
proto_V23
  1

  0
CIRCLE
  5
7636
330
7635
100
AcDbEntity
  8
Cut
370
     0
100
AcDbCircle
 10
-46.56338544614311
 20
35.42866283945477
 30
0.0
 40
2.250000000000131
  0
CIRCLE
  5
7637
330
7635
100
AcDbEntity
  8
Cut
370
     0
100
AcDbCircle
 10
0.0
 20
25.61938838461993
 30
0.0
 40
1.0
  0
CIRCLE
  5
7638
330
7635
100
AcDbEntity
  8
Cut
370
     0
100
AcDbCircle
 10
-0.0000000000050022
 20
18.0312229202591
 30
0.0
 40
1.0
  0
CIRCLE
  5
7639
330
7635
100
AcDbEntity
  8
Cut
370
     0
100
AcDbCircle
 10
-0.0000000000059117
 20
-18.031222920255
 30
0.0
 40
1.0
  0
LINE
  5
763A
330
7635
100
AcDbEntity
  8
Cut
370
     0
100
AcDbLine
 10
-3.272271543115948
 20
-33.89168382964135
 30
0.0
 11
-2.079152277923866
 21
-34.8894278702287
 31
0.0
  0
ARC
  5
763B
330
7635
100
AcDbEntity
  8
Cut
370
     0
100
AcDbCircle
 10
-2.630768372965006
 20
-33.12456344620296
 30
0.0
 40
1.0
100
AcDbArc
 50
140.1620047152404
 51
230.0960013508686
  0
LINE
  5
763C
330
7635
100
AcDbEntity
  8
Cut
370
     0
100
AcDbLine
 10
-1.437649107773494
 20
-35.1223074867903
 30
0.0
 11
-0.000000000005457
 21
-35.12230748679121
 31
0.0
  0
ARC
  5
763D
330
7635
100
AcDbEntity
  8
Cut
370
     0
100
AcDbCircle
 10
-1.437649107773039
 20
-34.12230748679031
 30
0.0
 40
1.0
100
AcDbArc
 50
230.0960013508686
 51
269.9999999999739
  0
ARC
  5
763E
330
7635
100
AcDbEntity
  8
Cut
370
     0
100
AcDbCircle
 10
-0.0000000000051159
 20
-29.97127154551845
 30
0.0
 40
0.9999999999992608
100
AcDbArc
 50
39.83799528473117
 51
140.1620047152688
  0
LINE
  5
763F
330
7635
100
AcDbEntity
  8
Cut
370
     0
100
AcDbLine
 10
-0.7678588705491621
 20
-29.33065250511663
 30
0.0
 11
-3.398627243509281
 21
-32.48394440580069
 31
0.0
  0
LWPOLYLINE
  5
7640
330
7635
100
AcDbEntity
  8
Cut
370
     0
100
AcDbPolyline
 90
        8
 70
     1
 43
0.0
 10
6.950000022711037
 20
43.7167034526592
 42
1.0
 10
6.950000000005047
 20
42.11670345265974
 10
6.950000000005047
 20
40.31670345265957
 42
1.0
 10
6.950000000005047
 20
38.71670345265966
 10
9.050000000004956
 20
38.71670345265966
 42
1.0
 10
9.050000000004956
 20
40.31670345265957
 10
9.050000000004956
 20
42.11670345265974
 42
1.0
 10
9.050000022710944
 20
43.7167034526592
  0
LWPOLYLINE
  5
7641
330
7635
100
AcDbEntity
  8
Cut
370
     0
100
AcDbPolyline
 90
        3
 70
   128
 43
0.0
 10
0.0000000000050022
 20
-37.6223074867903
 10
0.0003360507248544
 20
-37.6223074867903
 10
0.000672101183909
 20
-37.62230746713158
  0
LWPOLYLINE
  5
7642
330
7635
100
AcDbEntity
  8
Cut
370
     0
100
AcDbPolyline
 90
        8
 70
     1
 43
0.0
 10
-6.950000022690118
 20
43.71670345267012
 42
-1.0
 10
-6.949999999985947
 20
42.1167034526702
 10
-6.949999999987994
 20
40.31670345267001
 42
-1.0
 10
-6.949999999990041
 20
38.71670345267012
 10
-9.049999999990175
 20
38.71670345267285
 42
-1.0
 10
-9.049999999987903
 20
40.31670345267275
 10
-9.049999999986082
 20
42.11670345267247
 42
-1.0
 10
-9.050000022690026
 20
43.71670345267284
  0
CIRCLE
  5
7643
330
7635
100
AcDbEntity
  8
Calque1
100
AcDbCircle
 10
-18.0312229202641
 20
0.0
 30
0.0
 40
1.0
  0
LINE
  5
7644
330
7635
100
AcDbEntity
  8
Calque1
100
AcDbLine
 10
-0.7071067811448302
 20
37.87607078652718
 30
0.0
 11
-3.857234304868143
 21
41.02619831025093
 31
0.0
  0
ARC
  5
7645
330
7635
100
AcDbEntity
  8
Calque1
100
AcDbCircle
 10
-3.150127523681476
 20
41.73330509143761
 30
0.0
 40
1.0
100
AcDbArc
 50
180.0
 51
225.0
  0
LINE
  5
7646
330
7635
100
AcDbEntity
  8
Calque1
100
AcDbLine
 10
-2.37442552171285
 20
47.54834225104377
 30
0.0
 11
0.0000000000409273
 21
47.54834225104377
 31
0.0
  0
ARC
  5
7647
330
7635
100
AcDbEntity
  8
Calque1
100
AcDbCircle
 10
-2.37442552171285
 20
46.54834225104377
 30
0.0
 40
1.0
100
AcDbArc
 50
90.0
 51
134.1168318182061
  0
LINE
  5
7648
330
7635
100
AcDbEntity
  8
Calque1
100
AcDbLine
 10
-3.846251254668685
 20
46.51411454040863
 30
0.0
 11
-3.070549252700061
 21
47.26626407906997
 31
0.0
  0
ARC
  5
7649
330
7635
100
AcDbEntity
  8
Calque1
100
AcDbCircle
 10
-3.150127523681476
 20
45.79619271238242
 30
0.0
 40
1.0
100
AcDbArc
 50
134.1168318182061
 51
180.0
  0
ARC
  5
764A
330
7635
100
AcDbEntity
  8
Calque1
100
AcDbCircle
 10
0.0000000000418368
 20
38.58317756771386
 30
0.0
 40
1.0
100
AcDbArc
 50
225.0000000000046
 51
314.9999999999954
  0
LINE
  5
764B
330
7635
100
AcDbEntity
  8
Calque1
100
AcDbLine
 10
-4.150127523681476
 20
41.73330509143761
 30
0.0
 11
-4.150127523681476
 21
45.79619271238242
 31
0.0
  0
LINE
  5
764C
330
7635
100
AcDbEntity
  8
Calque1
100
AcDbLine
 10
-1.999696156793902
 20
28.99954509462259
 30
0.0
 11
-1.999696156793902
 21
35.26750404974337
 31
0.0
  0
ARC
  5
764D
330
7635
100
AcDbEntity
  8
Calque1
100
AcDbCircle
 10
-2.999696156793902
 20
28.99954509462259
 30
0.0
 40
1.0
100
AcDbArc
 50
234.6335163003482
 51
0.0
  0
ARC
  5
764E
330
7635
100
AcDbEntity
  8
Calque1
100
AcDbCircle
 10
-2.999696156793902
 20
35.26750404974337
 30
0.0
 40
1.0
100
AcDbArc
 50
0.0
 51
45.0000000000046
  0
LINE
  5
764F
330
7635
100
AcDbEntity
  8
Calque1
100
AcDbLine
 10
-2.292589375607234
 20
35.97461083093004
 30
0.0
 11
-3.769297423961461
 21
37.45131887928393
 31
0.0
  0
ARC
  5
7650
330
7635
100
AcDbEntity
  8
Calque1
100
AcDbCircle
 10
-4.4764042051479
 20
36.74421209809771
 30
0.0
 40
1.0
100
AcDbArc
 50
45.0000000000046
 51
124.2668358576509
  0
LINE
  5
7651
330
7635
100
AcDbEntity
  8
Calque1
100
AcDbLine
 10
-6.559082415078363
 20
30.29964493107991
 30
0.0
 11
-3.578500404912915
 21
28.18407857638977
 31
0.0
  0
LINE
  5
7652
330
7635
100
AcDbEntity
  8
Calque1
100
AcDbLine
 10
-5.039451994623505
 20
37.5706364362959
 30
0.0
 11
-6.543325956434955
 21
36.54603821149796
 31
0.0
  0
ARC
  5
7653
330
7635
100
AcDbEntity
  8
Calque1
100
AcDbCircle
 10
-5.980278166959351
 20
35.71961387329975
 30
0.0
 40
1.0
100
AcDbArc
 50
124.2668358576509
 51
180.0
  0
LINE
  5
7654
330
7635
100
AcDbEntity
  8
Calque1
100
AcDbLine
 10
-6.980278166959351
 20
35.71961387329975
 30
0.0
 11
-6.980278166959351
 21
31.11511144931319
 31
0.0
  0
ARC
  5
7655
330
7635
100
AcDbEntity
  8
Calque1
100
AcDbCircle
 10
-5.980278166959351
 20
31.11511144931319
 30
0.0
 40
1.0
100
AcDbArc
 50
180.0
 51
234.6335163003482
  0
LINE
  5
7656
330
7635
100
AcDbEntity
  8
Calque1
100
AcDbLine
 10
-5.685085984286048
 20
-29.79161228409248
 30
0.0
 11
-8.647107717467292
 21
-27.41713892861071
 31
0.0
  0
LINE
  5
7657
330
7635
100
AcDbEntity
  8
Calque1
100
AcDbLine
 10
-9.021633017643351
 20
-26.63689447981278
 30
0.0
 11
-9.021633017643351
 21
-19.25093007196483
 31
0.0
  0
ARC
  5
7658
330
7635
100
AcDbEntity
  8
Calque1
100
AcDbCircle
 10
-8.021633017643353
 20
-26.63689447981278
 30
0.0
 40
1.0
100
AcDbArc
 50
180.0
 51
231.2829623545326
  0
LINE
  5
7659
330
7635
100
AcDbEntity
  8
Calque1
100
AcDbLine
 10
-4.29175241391772
 20
-29.65198687569728
 30
0.0
 11
-2.732141144362572
 21
-27.78260542993712
 31
0.0
  0
ARC
  5
765A
330
7635
100
AcDbEntity
  8
Calque1
100
AcDbCircle
 10
-5.059611284462106
 20
-29.01136783529456
 30
0.0
 40
1.0
100
AcDbArc
 50
231.2829623545326
 51
320.1620047152405
  0
LINE
  5
765B
330
7635
100
AcDbEntity
  8
Calque1
100
AcDbLine
 10
-2.500000014907072
 20
-21.96500579624626
 30
0.0
 11
-2.500000014907072
 21
-27.1419863895344
 31
0.0
  0
ARC
  5
765C
330
7635
100
AcDbEntity
  8
Calque1
100
AcDbCircle
 10
-3.500000014907071
 20
-27.1419863895344
 30
0.0
 40
1.0
100
AcDbArc
 50
320.1620047152405
 51
0.0
  0
ARC
  5
765D
330
7635
100
AcDbEntity
  8
Calque1
100
AcDbCircle
 10
-3.500000014907071
 20
-21.96500579624626
 30
0.0
 40
1.0
100
AcDbArc
 50
0.0
 51
59.02603355892605
  0
LINE
  5
765E
330
7635
100
AcDbEntity
  8
Calque1
100
AcDbLine
 10
-2.985351465386429
 20
-21.10760456550543
 30
0.0
 11
-7.506984468122594
 21
-18.393528841224
 31
0.0
  0
ARC
  5
765F
330
7635
100
AcDbEntity
  8
Calque1
100
AcDbCircle
 10
-8.021633017643353
 20
-19.25093007196483
 30
0.0
 40
1.0
100
AcDbArc
 50
59.02603355892605
 51
180.0
  0
LINE
  5
7660
330
7635
100
AcDbEntity
  8
Calque1
100
AcDbLine
 10
0.7071067811448302
 20
37.87607078652718
 30
0.0
 11
3.857234304868028
 21
41.02619831025093
 31
0.0
  0
ARC
  5
7661
330
7635
100
AcDbEntity
  8
Calque1
100
AcDbCircle
 10
3.150127523681476
 20
41.73330509143761
 30
0.0
 40
1.0
100
AcDbArc
 50
315.0000000000184
 51
0.0
  0
LINE
  5
7662
330
7635
100
AcDbEntity
  8
Calque1
100
AcDbLine
 10
2.374425521712736
 20
47.54834225104377
 30
0.0
 11
-0.0000000000411546
 21
47.54834225104377
 31
0.0
  0
LINE
  5
7663
330
7635
100
AcDbEntity
  8
Calque1
100
AcDbLine
 10
3.846251254668572
 20
46.51411454040863
 30
0.0
 11
3.070549252699946
 21
47.26626407906997
 31
0.0
  0
ARC
  5
7664
330
7635
100
AcDbEntity
  8
Calque1
100
AcDbCircle
 10
2.374425521712736
 20
46.54834225104377
 30
0.0
 40
1.0
100
AcDbArc
 50
45.88316818179381
 51
90.0
  0
ARC
  5
7665
330
7635
100
AcDbEntity
  8
Calque1
100
AcDbCircle
 10
3.150127523681361
 20
45.79619271238242
 30
0.0
 40
1.0
100
AcDbArc
 50
0.0
 51
45.88316818179381
  0
LINE
  5
7666
330
7635
100
AcDbEntity
  8
Calque1
100
AcDbLine
 10
4.150127523681476
 20
41.73330509143761
 30
0.0
 11
4.150127523681361
 21
45.79619271238242
 31
0.0
  0
LINE
  5
7667
330
7635
100
AcDbEntity
  8
Calque1
100
AcDbLine
 10
1.999696156793902
 20
28.99954509462259
 30
0.0
 11
1.999696156793902
 21
35.26750404974337
 31
0.0
  0
ARC
  5
7668
330
7635
100
AcDbEntity
  8
Calque1
100
AcDbCircle
 10
2.999696156793902
 20
28.99954509462259
 30
0.0
 40
1.0
100
AcDbArc
 50
180.0
 51
305.3664836996517
  0
ARC
  5
7669
330
7635
100
AcDbEntity
  8
Calque1
100
AcDbCircle
 10
2.999696156793902
 20
35.26750404974337
 30
0.0
 40
1.0
100
AcDbArc
 50
134.9999999999954
 51
180.0
  0
LINE
  5
766A
330
7635
100
AcDbEntity
  8
Calque1
100
AcDbLine
 10
2.29258937560712
 20
35.97461083093004
 30
0.0
 11
3.769297423961346
 21
37.45131887928393
 31
0.0
  0
ARC
  5
766B
330
7635
100
AcDbEntity
  8
Calque1
100
AcDbCircle
 10
4.4764042051479
 20
36.74421209809771
 30
0.0
 40
1.0
100
AcDbArc
 50
55.73316414234902
 51
134.9999999999954
  0
LINE
  5
766C
330
7635
100
AcDbEntity
  8
Calque1
100
AcDbLine
 10
6.559082415078363
 20
30.29964493107991
 30
0.0
 11
3.578500404913028
 21
28.18407857638977
 31
0.0
  0
LINE
  5
766D
330
7635
100
AcDbEntity
  8
Calque1
100
AcDbLine
 10
5.039451994623505
 20
37.5706364362959
 30
0.0
 11
6.543325956434955
 21
36.54603821149796
 31
0.0
  0
ARC
  5
766E
330
7635
100
AcDbEntity
  8
Calque1
100
AcDbCircle
 10
5.980278166959351
 20
35.71961387329975
 30
0.0
 40
1.0
100
AcDbArc
 50
0.0
 51
55.73316414234902
  0
LINE
  5
766F
330
7635
100
AcDbEntity
  8
Calque1
100
AcDbLine
 10
6.980278166959351
 20
35.71961387329975
 30
0.0
 11
6.980278166959351
 21
31.11511144931319
 31
0.0
  0
ARC
  5
7670
330
7635
100
AcDbEntity
  8
Calque1
100
AcDbCircle
 10
5.980278166959351
 20
31.11511144931319
 30
0.0
 40
1.0
100
AcDbArc
 50
305.3664836996517
 51
0.0
  0
CIRCLE
  5
7671
330
7635
100
AcDbEntity
  8
Calque1
100
AcDbCircle
 10
-51.02247495044911
 20
34.82325323217401
 30
0.0
 40
1.0
  0
CIRCLE
  5
7672
330
7635
100
AcDbEntity
  8
Calque1
100
AcDbCircle
 10
-42.10429594183746
 20
36.03407244673827
 30
0.0
 40
1.0
  0
CIRCLE
  5
7673
330
7635
100
AcDbEntity
  8
Calque1
100
AcDbCircle
 10
-47.16879505333325
 20
39.88775234377317
 30
0.0
 40
0.9999999999999998
  0
CIRCLE
  5
7674
330
7635
100
AcDbEntity
  8
Calque1
100
AcDbCircle
 10
-45.95797583895557
 20
30.96957333513683
 30
0.0
 40
0.9999999999999998
  0
LINE
  5
7675
330
7635
100
AcDbEntity
  8
Calque1
100
AcDbLine
 10
-55.09723413499727
 20
41.13814486336514
 30
0.0
 11
-54.53688958605835
 21
37.7465278086238
 31
0.0
  0
ARC
  5
7676
330
7635
100
AcDbEntity
  8
Calque1
100
AcDbCircle
 10
-53.69025669006258
 20
37.88640389739385
 30
0.0
 40
0.8581098885273911
100
AcDbArc
 50
189.381352735381
 51
295.9964679114116
  0
LINE
  5
7677
330
7635
100
AcDbEntity
  8
Calque1
100
AcDbLine
 10
-53.314133620662
 20
37.1151166503505
 30
0.0
 11
-50.9392374974865
 21
38.27324965823665
 31
0.0
  0
LINE
  5
7678
330
7635
100
AcDbEntity
  8
Calque1
100
AcDbLine
 10
-49.98870689548732
 20
41.48538640427659
 30
0.0
 11
-50.47170987715185
 21
38.88767360654083
 31
0.0
  0
ARC
  5
7679
330
7635
100
AcDbEntity
  8
Calque1
100
AcDbCircle
 10
-50.83235758522732
 20
41.6422497030162
 30
0.0
 40
0.8581098885273911
100
AcDbArc
 50
349.4670503620187
 51
96.08216553817726
  0
ARC
  5
767A
330
7635
100
AcDbEntity
  8
Calque1
100
AcDbCircle
 10
-51.31536056688879
 20
39.04453690528044
 30
0.0
 40
0.858109888527391
100
AcDbArc
 50
295.9964679114116
 51
349.4670503621247
  0
LINE
  5
767B
330
7635
100
AcDbEntity
  8
Calque1
100
AcDbLine
 10
-54.3415218934241
 20
42.13130051674896
 30
0.0
 11
-50.9232782396466
 21
42.49552926763089
 31
0.0
  0
ARC
  5
767C
330
7635
100
AcDbEntity
  8
Calque1
100
AcDbCircle
 10
-54.25060123900323
 20
41.27802095213518
 30
0.0
 40
0.8581098885273911
100
AcDbArc
 50
96.08216553822908
 51
189.3813527353028
  0
CIRCLE
  5
767D
330
7635
100
AcDbEntity
  8
Calque1
100
AcDbCircle
 10
18.0312229202641
 20
0.0
 30
0.0
 40
1.0
  0
CIRCLE
  5
767E
330
7635
100
AcDbEntity
  8
Cut
370
     0
100
AcDbCircle
 10
-8.500346865065013
 20
-32.24117451707753
 30
0.0
 40
1.0
  0
CIRCLE
  5
767F
330
7635
100
AcDbEntity
  8
Cut
370
     0
100
AcDbCircle
 10
8.500346865065013
 20
-32.24117451707753
 30
0.0
 40
1.0
  0
LINE
  5
7680
330
7635
100
AcDbEntity
  8
Calque1
100
AcDbLine
 10
5.685085984286048
 20
-29.79161228409248
 30
0.0
 11
8.647107717467292
 21
-27.41713892861071
 31
0.0
  0
ARC
  5
7681
330
7635
100
AcDbEntity
  8
Calque1
100
AcDbCircle
 10
5.059611284462106
 20
-29.01136783529456
 30
0.0
 40
1.0
100
AcDbArc
 50
219.8379952847595
 51
308.7170376454674
  0
LINE
  5
7682
330
7635
100
AcDbEntity
  8
Calque1
100
AcDbLine
 10
9.021633017643351
 20
-26.63689447981278
 30
0.0
 11
9.021633017643351
 21
-19.25093007196483
 31
0.0
  0
ARC
  5
7683
330
7635
100
AcDbEntity
  8
Calque1
100
AcDbCircle
 10
8.021633017643353
 20
-19.25093007196483
 30
0.0
 40
1.0
100
AcDbArc
 50
0.0
 51
120.9739664410929
  0
ARC
  5
7684
330
7635
100
AcDbEntity
  8
Calque1
100
AcDbCircle
 10
8.021633017643353
 20
-26.63689447981278
 30
0.0
 40
1.0
100
AcDbArc
 50
308.7170376454674
 51
0.0
  0
LINE
  5
7685
330
7635
100
AcDbEntity
  8
Calque1
100
AcDbLine
 10
4.29175241391772
 20
-29.65198687569728
 30
0.0
 11
2.732141144362572
 21
-27.78260542993712
 31
0.0
  0
LINE
  5
7686
330
7635
100
AcDbEntity
  8
Calque1
100
AcDbLine
 10
2.500000014907072
 20
-21.96500579624626
 30
0.0
 11
2.500000014907072
 21
-27.1419863895344
 31
0.0
  0
ARC
  5
7687
330
7635
100
AcDbEntity
  8
Calque1
100
AcDbCircle
 10
3.500000014907071
 20
-27.1419863895344
 30
0.0
 40
1.0
100
AcDbArc
 50
180.0
 51
219.8379952847595
  0
LINE
  5
7688
330
7635
100
AcDbEntity
  8
Calque1
100
AcDbLine
 10
2.985351465386429
 20
-21.10760456550543
 30
0.0
 11
7.506984468122594
 21
-18.393528841224
 31
0.0
  0
ARC
  5
7689
330
7635
100
AcDbEntity
  8
Calque1
100
AcDbCircle
 10
3.500000014907071
 20
-21.96500579624626
 30
0.0
 40
1.0
100
AcDbArc
 50
120.9739664410739
 51
180.0
  0
LINE
  5
768A
330
7635
100
AcDbEntity
  8
Cut
370
     0
100
AcDbLine
 10
3.272271543116175
 20
-33.8916838296409
 30
0.0
 11
2.079152277924321
 21
-34.88942787022825
 31
0.0
  0
ARC
  5
768B
330
7635
100
AcDbEntity
  8
Cut
370
     0
100
AcDbCircle
 10
2.630768372965234
 20
-33.1245634462025
 30
0.0
 40
1.0
100
AcDbArc
 50
309.9039986491363
 51
39.83799528475952
  0
LINE
  5
768C
330
7635
100
AcDbEntity
  8
Cut
370
     0
100
AcDbLine
 10
1.43764910777395
 20
-35.1223074867903
 30
0.0
 11
0.0000000000059117
 21
-35.12230748679121
 31
0.0
  0
ARC
  5
768D
330
7635
100
AcDbEntity
  8
Cut
370
     0
100
AcDbCircle
 10
1.43764910777338
 20
-34.12230748679031
 30
0.0
 40
1.0
100
AcDbArc
 50
270.0000000000391
 51
309.9039986491582
  0
LINE
  5
768E
330
7635
100
AcDbEntity
  8
Cut
370
     0
100
AcDbLine
 10
0.767858870548821
 20
-29.33065250511663
 30
0.0
 11
3.398627243509281
 21
-32.48394440580023
 31
0.0
  0
LINE
  5
768F
330
7635
100
AcDbEntity
  8
Calque1
100
AcDbLine
 10
-6.103611459225247
 20
27.0765168001567
 30
0.0
 11
-2.420891908674889
 21
24.46258517595288
 31
0.0
  0
ARC
  5
7690
330
7635
100
AcDbEntity
  8
Calque1
100
AcDbCircle
 10
-6.682415707344262
 20
26.26105028192343
 30
0.0
 40
1.0
100
AcDbArc
 50
54.63351630034821
 51
180.0
  0
LINE
  5
7691
330
7635
100
AcDbEntity
  8
Calque1
100
AcDbLine
 10
-7.682415707344262
 20
26.26105028192343
 30
0.0
 11
-7.682415707344262
 21
18.79419457426502
 31
0.0
  0
LINE
  5
7692
330
7635
100
AcDbEntity
  8
Calque1
100
AcDbLine
 10
-1.999696156793902
 20
21.40812619846883
 30
0.0
 11
-1.999696156793902
 21
23.64711865771915
 31
0.0
  0
ARC
  5
7693
330
7635
100
AcDbEntity
  8
Calque1
100
AcDbCircle
 10
-2.999696156793902
 20
21.40812619846883
 30
0.0
 40
1.0
100
AcDbArc
 50
305.3664836996464
 51
0.0
  0
ARC
  5
7694
330
7635
100
AcDbEntity
  8
Calque1
100
AcDbCircle
 10
-2.999696156793902
 20
23.64711865771915
 30
0.0
 40
1.0
100
AcDbArc
 50
0.0
 51
54.63351630034821
  0
LWPOLYLINE
  5
7695
330
7635
100
AcDbEntity
  8
Calque1
100
AcDbPolyline
 90
        6
 70
     1
 43
0.0
 10
-3.578500404913028
 20
16.1050144032115
 10
-8.224677059994062
 20
12.80723733285549
 42
0.4404180050514875
 10
-8.406905130803806
 20
11.34305684872834
 10
-3.760728475722658
 20
5.892441045974464
 42
0.6973196755187404
 10
-1.999696156793902
 20
6.541155011868339
 10
-1.999696156793902
 20
15.28954788497822
 42
0.6090049327341935
  0
LWPOLYLINE
  5
7696
330
7635
100
AcDbEntity
  8
Calque1
100
AcDbPolyline
 90
        8
 70
     0
 43
0.0
 10
1.999696156793788
 20
5.000000074505352
 10
2.630726861043057
 20
5.000000074505352
 42
0.219659751541061
 10
3.239552716186153
 20
5.281028901790249
 10
8.406905130825746
 20
11.3430568487538
 42
0.4404180050528645
 10
8.224677060012709
 20
12.80723733288368
 10
3.578500404909617
 20
16.10501440322741
 42
0.6090049327328702
 10
1.999696156793788
 20
15.28954788499186
 10
1.999696156793788
 20
5.000000074505352
  0
LINE
  5
7697
330
7635
100
AcDbEntity
  8
Calque1
100
AcDbLine
 10
-6.103611459225247
 20
17.97872805603174
 30
0.0
 11
-2.420891908674889
 21
20.59265968023556
 31
0.0
  0
ARC
  5
7698
330
7635
100
AcDbEntity
  8
Calque1
100
AcDbCircle
 10
-6.682415707344262
 20
18.79419457426502
 30
0.0
 40
1.0
100
AcDbArc
 50
180.0
 51
305.3664836996464
  0
LINE
  5
7699
330
7635
100
AcDbEntity
  8
Calque1
100
AcDbLine
 10
6.103611459225247
 20
27.0765168001567
 30
0.0
 11
2.420891908674889
 21
24.46258517595288
 31
0.0
  0
ARC
  5
769A
330
7635
100
AcDbEntity
  8
Calque1
100
AcDbCircle
 10
6.682415707344262
 20
26.26105028192343
 30
0.0
 40
1.0
100
AcDbArc
 50
0.0
 51
125.3664836996517
  0
LINE
  5
769B
330
7635
100
AcDbEntity
  8
Calque1
100
AcDbLine
 10
7.682415707344262
 20
26.26105028192343
 30
0.0
 11
7.682415707344262
 21
18.79419457426502
 31
0.0
  0
LINE
  5
769C
330
7635
100
AcDbEntity
  8
Calque1
100
AcDbLine
 10
1.999696156793902
 20
21.40812619846883
 30
0.0
 11
1.999696156793902
 21
23.64711865771915
 31
0.0
  0
ARC
  5
769D
330
7635
100
AcDbEntity
  8
Calque1
100
AcDbCircle
 10
2.999696156793902
 20
21.40812619846883
 30
0.0
 40
1.0
100
AcDbArc
 50
180.0
 51
234.6335163003535
  0
ARC
  5
769E
330
7635
100
AcDbEntity
  8
Calque1
100
AcDbCircle
 10
2.999696156793902
 20
23.64711865771915
 30
0.0
 40
1.0
100
AcDbArc
 50
125.3664836996517
 51
180.0
  0
LINE
  5
769F
330
7635
100
AcDbEntity
  8
Calque1
100
AcDbLine
 10
6.103611459225247
 20
17.97872805603174
 30
0.0
 11
2.420891908674889
 21
20.59265968023556
 31
0.0
  0
ARC
  5
76A0
330
7635
100
AcDbEntity
  8
Calque1
100
AcDbCircle
 10
6.682415707344262
 20
18.79419457426502
 30
0.0
 40
1.0
100
AcDbArc
 50
234.6335163003535
 51
0.0
  0
CIRCLE
  5
76A1
330
7635
100
AcDbEntity
  8
Cut
370
     0
100
AcDbCircle
 10
-46.56338544614311
 20
-35.42866283945477
 30
0.0
 40
2.250000000000131
  0
CIRCLE
  5
76A2
330
7635
100
AcDbEntity
  8
Calque1
100
AcDbCircle
 10
-51.02247495044911
 20
-34.82325323217401
 30
0.0
 40
1.0
  0
CIRCLE
  5
76A3
330
7635
100
AcDbEntity
  8
Calque1
100
AcDbCircle
 10
-42.10429594183746
 20
-36.03407244673827
 30
0.0
 40
1.0
  0
CIRCLE
  5
76A4
330
7635
100
AcDbEntity
  8
Calque1
100
AcDbCircle
 10
-47.16879505333325
 20
-39.88775234377317
 30
0.0
 40
0.9999999999999998
  0
CIRCLE
  5
76A5
330
7635
100
AcDbEntity
  8
Calque1
100
AcDbCircle
 10
-45.95797583895557
 20
-30.96957333513683
 30
0.0
 40
0.9999999999999998
  0
LWPOLYLINE
  5
76A6
330
7635
100
AcDbEntity
  8
Calque1
100
AcDbPolyline
 90
       71
 70
     0
 43
0.0
 10
0.0000000000400178
 20
54.04418534588103
 10
-3.022804080028207
 20
54.04555332444078
 42
0.0928435768533738
 10
-3.746684528822925
 20
53.91033731974221
 10
-6.95520721409116
 20
52.75526701181025
 10
-6.956115385431075
 20
50.9064339029005
 42
-1.021867348273252
 10
-6.998581138788039
 20
49.30042320269969
 10
-9.057056189564036
 20
49.30746571981899
 42
-0.9999030474641815
 10
-9.056115132077136
 20
50.90746545062303
 10
-9.055928529372069
 20
51.28734669456298
 42
0.5196083169837095
 10
-9.72528848112006
 20
51.75803590704163
 10
-11.24548067079604
 20
51.21076570424428
 42
0.3161125358143195
 10
-11.90676049556316
 20
50.27042820400129
 10
-11.9173188495829
 20
31.06334924260409
 42
-0.1837596001191382
 10
-12.17046502594257
 20
30.39891053932934
 10
-13.66088466854057
 20
28.7250086201957
 42
0.1836568997869751
 10
-13.91403054749116
 20
28.06096730673426
 10
-13.92153726882236
 20
20.13497483999254
 42
-0.5963335945206736
 10
-17.01930307454904
 20
18.46507112830432
 10
-28.43995981169803
 20
25.96431286189818
 42
-0.0173581740602195
 10
-28.68307960692778
 20
26.13631969439666
 10
-32.96836659724818
 20
29.39708131439511
 42
-0.109594061716963
 10
-36.56893547341258
 20
33.65429270011191
 10
-38.24665021553256
 20
36.84790557082397
 42
0.1095940617166392
 10
-38.96676399076535
 20
37.69934784796533
 10
-47.5916641193305
 20
44.26220895366578
 42
0.1914404405763938
 10
-50.64439834392806
 20
45.11414780445465
 10
-56.42205136637152
 20
44.49851370795932
 42
0.4311811920311702
 10
-57.93347584951561
 20
42.51220240118936
 10
-56.98635893665279
 20
36.77955472826989
 42
0.1914404405761393
 10
-55.35132540917993
 20
34.06447619983737
 10
-46.72642528061476
 20
27.50161509413511
 42
0.1095940617167772
 10
-45.71380470253187
 20
27.03458472528974
 10
-42.18847901165077
 20
26.26909880296626
 42
-0.1095940617166939
 10
-37.12537612123549
 20
23.93394695873985
 10
-32.83973844199079
 20
20.67291849244157
 42
-0.0173068668104816
 10
-32.60979835967385
 20
20.4850411078105
 10
-23.41165952686617
 20
12.42295146259448
 42
-0.2160510611019898
 10
-20.68477631085398
 20
6.40678662256323
 10
-20.68477631085398
 20
-6.40678662256323
 42
-0.2160510611019898
 10
-23.41165952686617
 20
-12.42295146259448
 10
-32.60979835967385
 20
-20.4850411078105
 42
-0.0173068668104816
 10
-32.83973844199079
 20
-20.67291849244157
 10
-37.12537612123549
 20
-23.93394695873985
 42
-0.1095940617166939
 10
-42.18847901165077
 20
-26.26909880296626
 10
-45.71380470253187
 20
-27.03458472528974
 42
0.1095940617167772
 10
-46.72642528061476
 20
-27.50161509413511
 10
-55.35132540917993
 20
-34.06447619983737
 42
0.1914404405761393
 10
-56.98635893665279
 20
-36.77955472826989
 10
-57.93347584951561
 20
-42.51220240118936
 42
0.4311811920311702
 10
-56.42205136637152
 20
-44.49851370795932
 10
-50.64439834392806
 20
-45.11414780445465
 42
0.1914404405763938
 10
-47.5916641193305
 20
-44.26220895366578
 10
-38.96676399076535
 20
-37.69934784796533
 42
0.1095940617166392
 10
-38.24665021553256
 20
-36.84790557082397
 10
-36.56893547341258
 20
-33.65429270011191
 42
-0.109594061716963
 10
-32.96836659724818
 20
-29.39708131439511
 10
-28.68307960692778
 20
-26.13631969439666
 42
-0.0173581740602195
 10
-28.43995981169803
 20
-25.96431286189818
 10
-15.82392047682754
 20
-17.68013701542759
 42
-0.5967837192861423
 10
-12.72615391912018
 20
-19.35269656081164
 10
-12.72982299814339
 20
-28.98748960859666
 42
0.103774254868695
 10
-12.56156439361246
 20
-29.79141932099537
 10
-10.56926081338679
 20
-34.33640567709654
 42
0.2976451201785255
 10
-9.653881449498726
 20
-34.93493191345351
 10
-7.105917479995013
 20
-34.93618350714314
 42
-0.1758951040307703
 10
-6.464528780780937
 20
-35.16937821043575
 10
-3.216967022266088
 20
-37.88785836966508
 42
0.1758951040308064
 10
-2.57557832305224
 20
-38.12105307295725
 10
-0.0488642088530469
 20
-38.1222942284362
 10
-0.0007013504350653
 20
-38.12230746627621
 10
0.0
 20
-38.12230750730396
  0
LINE
  5
76A7
330
7635
100
AcDbEntity
  8
Calque1
100
AcDbLine
 10
-55.09723413499727
 20
-41.13814486336514
 30
0.0
 11
-54.53688958605835
 21
-37.7465278086238
 31
0.0
  0
ARC
  5
76A8
330
7635
100
AcDbEntity
  8
Calque1
100
AcDbCircle
 10
-53.69025669006258
 20
-37.88640389739385
 30
0.0
 40
0.8581098885273911
100
AcDbArc
 50
64.0035320885825
 51
170.6186472646178
  0
LINE
  5
76A9
330
7635
100
AcDbEntity
  8
Calque1
100
AcDbLine
 10
-53.314133620662
 20
-37.1151166503505
 30
0.0
 11
-50.9392374974865
 21
-38.27324965823665
 31
0.0
  0
LINE
  5
76AA
330
7635
100
AcDbEntity
  8
Calque1
100
AcDbLine
 10
-49.98870689548732
 20
-41.48538640427659
 30
0.0
 11
-50.47170987715185
 21
-38.88767360654083
 31
0.0
  0
ARC
  5
76AB
330
7635
100
AcDbEntity
  8
Calque1
100
AcDbCircle
 10
-50.83235758522732
 20
-41.6422497030162
 30
0.0
 40
0.8581098885273911
100
AcDbArc
 50
263.9178344618291
 51
10.53294963798135
  0
ARC
  5
76AC
330
7635
100
AcDbEntity
  8
Calque1
100
AcDbCircle
 10
-51.31536056688879
 20
-39.04453690528044
 30
0.0
 40
0.858109888527391
100
AcDbArc
 50
10.53294963787531
 51
64.0035320885825
  0
LINE
  5
76AD
330
7635
100
AcDbEntity
  8
Calque1
100
AcDbLine
 10
-54.3415218934241
 20
-42.13130051674896
 30
0.0
 11
-50.9232782396466
 21
-42.49552926763089
 31
0.0
  0
ARC
  5
76AE
330
7635
100
AcDbEntity
  8
Calque1
100
AcDbCircle
 10
-54.25060123900323
 20
-41.27802095213518
 30
0.0
 40
0.8581098885273911
100
AcDbArc
 50
170.6186472646713
 51
263.917834461771
  0
CIRCLE
  5
76AF
330
7635
100
AcDbEntity
  8
Cut
370
     0
100
AcDbCircle
 10
46.56338544614311
 20
35.42866283945477
 30
0.0
 40
2.250000000000131
  0
CIRCLE
  5
76B0
330
7635
100
AcDbEntity
  8
Calque1
100
AcDbCircle
 10
51.02247495044911
 20
34.82325323217401
 30
0.0
 40
1.0
  0
CIRCLE
  5
76B1
330
7635
100
AcDbEntity
  8
Calque1
100
AcDbCircle
 10
42.10429594183746
 20
36.03407244673827
 30
0.0
 40
1.0
  0
CIRCLE
  5
76B2
330
7635
100
AcDbEntity
  8
Calque1
100
AcDbCircle
 10
47.16879505333325
 20
39.88775234377317
 30
0.0
 40
0.9999999999999998
  0
CIRCLE
  5
76B3
330
7635
100
AcDbEntity
  8
Calque1
100
AcDbCircle
 10
45.95797583895557
 20
30.96957333513683
 30
0.0
 40
0.9999999999999998
  0
LINE
  5
76B4
330
7635
100
AcDbEntity
  8
Calque1
100
AcDbLine
 10
55.09723413499727
 20
41.13814486336514
 30
0.0
 11
54.53688958605835
 21
37.7465278086238
 31
0.0
  0
ARC
  5
76B5
330
7635
100
AcDbEntity
  8
Calque1
100
AcDbCircle
 10
53.69025669006258
 20
37.88640389739385
 30
0.0
 40
0.8581098885273911
100
AcDbArc
 50
244.0035320885825
 51
350.6186472646188
  0
LINE
  5
76B6
330
7635
100
AcDbEntity
  8
Calque1
100
AcDbLine
 10
53.314133620662
 20
37.1151166503505
 30
0.0
 11
50.9392374974865
 21
38.27324965823665
 31
0.0
  0
LINE
  5
76B7
330
7635
100
AcDbEntity
  8
Calque1
100
AcDbLine
 10
49.98870689548732
 20
41.48538640427659
 30
0.0
 11
50.47170987715185
 21
38.88767360654083
 31
0.0
  0
ARC
  5
76B8
330
7635
100
AcDbEntity
  8
Calque1
100
AcDbCircle
 10
50.83235758522732
 20
41.6422497030162
 30
0.0
 40
0.8581098885273911
100
AcDbArc
 50
83.9178344618292
 51
190.5329496379813
  0
ARC
  5
76B9
330
7635
100
AcDbEntity
  8
Calque1
100
AcDbCircle
 10
51.31536056688879
 20
39.04453690528044
 30
0.0
 40
0.858109888527391
100
AcDbArc
 50
190.5329496378753
 51
244.0035320885825
  0
LINE
  5
76BA
330
7635
100
AcDbEntity
  8
Calque1
100
AcDbLine
 10
54.3415218934241
 20
42.13130051674896
 30
0.0
 11
50.9232782396466
 21
42.49552926763089
 31
0.0
  0
ARC
  5
76BB
330
7635
100
AcDbEntity
  8
Calque1
100
AcDbCircle
 10
54.25060123900323
 20
41.27802095213518
 30
0.0
 40
0.8581098885273911
100
AcDbArc
 50
350.6186472646971
 51
83.91783446177738
  0
CIRCLE
  5
76BC
330
7635
100
AcDbEntity
  8
Cut
370
     0
100
AcDbCircle
 10
46.56338544614311
 20
-35.42866283945477
 30
0.0
 40
2.250000000000131
  0
CIRCLE
  5
76BD
330
7635
100
AcDbEntity
  8
Calque1
100
AcDbCircle
 10
51.02247495044911
 20
-34.82325323217401
 30
0.0
 40
1.0
  0
CIRCLE
  5
76BE
330
7635
100
AcDbEntity
  8
Calque1
100
AcDbCircle
 10
42.10429594183746
 20
-36.03407244673827
 30
0.0
 40
1.0
  0
CIRCLE
  5
76BF
330
7635
100
AcDbEntity
  8
Calque1
100
AcDbCircle
 10
47.16879505333325
 20
-39.88775234377317
 30
0.0
 40
0.9999999999999998
  0
CIRCLE
  5
76C0
330
7635
100
AcDbEntity
  8
Calque1
100
AcDbCircle
 10
45.95797583895557
 20
-30.96957333513683
 30
0.0
 40
0.9999999999999998
  0
LWPOLYLINE
  5
76C1
330
7635
100
AcDbEntity
  8
Calque1
100
AcDbPolyline
 90
       71
 70
     0
 43
0.0
 10
-0.0000000000400178
 20
54.04418534588103
 10
3.022804080028207
 20
54.04555332444078
 42
-0.0928435768533738
 10
3.746684528822925
 20
53.91033731974221
 10
6.95520721409116
 20
52.75526701181025
 10
6.956115385431075
 20
50.9064339029005
 42
1.021867348273252
 10
6.998581138788039
 20
49.30042320269969
 10
9.057056189564036
 20
49.30746571981899
 42
0.9999030474641815
 10
9.056115132077136
 20
50.90746545062303
 10
9.055928529372069
 20
51.28734669456298
 42
-0.5196083169837095
 10
9.72528848112006
 20
51.75803590704163
 10
11.24548067079604
 20
51.21076570424428
 42
-0.3161125358143195
 10
11.90676049556316
 20
50.27042820400129
 10
11.9173188495829
 20
31.06334924260409
 42
0.1837596001191382
 10
12.17046502594257
 20
30.39891053932934
 10
13.66088466854057
 20
28.7250086201957
 42
-0.1836568997869751
 10
13.91403054749116
 20
28.06096730673426
 10
13.92153726882236
 20
20.13497483999254
 42
0.5963335945206736
 10
17.01930307454904
 20
18.46507112830432
 10
28.43995981169803
 20
25.96431286189818
 42
0.0173581740602195
 10
28.68307960692778
 20
26.13631969439666
 10
32.96836659724818
 20
29.39708131439511
 42
0.109594061716963
 10
36.56893547341258
 20
33.65429270011191
 10
38.24665021553256
 20
36.84790557082397
 42
-0.1095940617166392
 10
38.96676399076535
 20
37.69934784796533
 10
47.5916641193305
 20
44.26220895366578
 42
-0.1914404405763938
 10
50.64439834392806
 20
45.11414780445465
 10
56.42205136637152
 20
44.49851370795932
 42
-0.4311811920311702
 10
57.93347584951561
 20
42.51220240118936
 10
56.98635893665279
 20
36.77955472826989
 42
-0.1914404405761393
 10
55.35132540917993
 20
34.06447619983737
 10
46.72642528061476
 20
27.50161509413511
 42
-0.1095940617167772
 10
45.71380470253187
 20
27.03458472528974
 10
42.18847901165077
 20
26.26909880296626
 42
0.1095940617166939
 10
37.12537612123549
 20
23.93394695873985
 10
32.83973844199079
 20
20.67291849244157
 42
0.0173068668104816
 10
32.60979835967385
 20
20.4850411078105
 10
23.41165952686617
 20
12.42295146259448
 42
0.2160510611019898
 10
20.68477631085398
 20
6.40678662256323
 10
20.68477631085398
 20
-6.40678662256323
 42
0.2160510611019898
 10
23.41165952686617
 20
-12.42295146259448
 10
32.60979835967385
 20
-20.4850411078105
 42
0.0173068668104816
 10
32.83973844199079
 20
-20.67291849244157
 10
37.12537612123549
 20
-23.93394695873985
 42
0.1095940617166939
 10
42.18847901165077
 20
-26.26909880296626
 10
45.71380470253187
 20
-27.03458472528974
 42
-0.1095940617167772
 10
46.72642528061476
 20
-27.50161509413511
 10
55.35132540917993
 20
-34.06447619983737
 42
-0.1914404405761393
 10
56.98635893665279
 20
-36.77955472826989
 10
57.93347584951561
 20
-42.51220240118936
 42
-0.4311811920311702
 10
56.42205136637152
 20
-44.49851370795932
 10
50.64439834392806
 20
-45.11414780445465
 42
-0.1914404405763938
 10
47.5916641193305
 20
-44.26220895366578
 10
38.96676399076535
 20
-37.69934784796533
 42
-0.1095940617166392
 10
38.24665021553256
 20
-36.84790557082397
 10
36.56893547341258
 20
-33.65429270011191
 42
0.109594061716963
 10
32.96836659724818
 20
-29.39708131439511
 10
28.68307960692778
 20
-26.13631969439666
 42
0.0173581740602195
 10
28.43995981169803
 20
-25.96431286189818
 10
15.82392047682754
 20
-17.68013701542759
 42
0.5967837192861423
 10
12.72615391912018
 20
-19.35269656081164
 10
12.72982299814339
 20
-28.98748960859666
 42
-0.103774254868695
 10
12.56156439361246
 20
-29.79141932099537
 10
10.56926081338679
 20
-34.33640567709654
 42
-0.2976451201785255
 10
9.653881449498726
 20
-34.93493191345351
 10
7.105917479995013
 20
-34.93618350714314
 42
0.1758951040307703
 10
6.464528780780937
 20
-35.16937821043575
 10
3.216967022266088
 20
-37.88785836966508
 42
-0.1758951040308064
 10
2.57557832305224
 20
-38.12105307295725
 10
0.0488642088530469
 20
-38.1222942284362
 10
0.0007013504350653
 20
-38.12230746627621
 10
0.0
 20
-38.12230750730396
  0
LINE
  5
76C2
330
7635
100
AcDbEntity
  8
Calque1
100
AcDbLine
 10
55.09723413499727
 20
-41.13814486336514
 30
0.0
 11
54.53688958605835
 21
-37.7465278086238
 31
0.0
  0
ARC
  5
76C3
330
7635
100
AcDbEntity
  8
Calque1
100
AcDbCircle
 10
53.69025669006258
 20
-37.88640389739385
 30
0.0
 40
0.8581098885273911
100
AcDbArc
 50
9.38135273538216
 51
115.9964679114175
  0
LINE
  5
76C4
330
7635
100
AcDbEntity
  8
Calque1
100
AcDbLine
 10
53.314133620662
 20
-37.1151166503505
 30
0.0
 11
50.9392374974865
 21
-38.27324965823665
 31
0.0
  0
LINE
  5
76C5
330
7635
100
AcDbEntity
  8
Calque1
100
AcDbLine
 10
49.98870689548732
 20
-41.48538640427659
 30
0.0
 11
50.47170987715185
 21
-38.88767360654083
 31
0.0
  0
ARC
  5
76C6
330
7635
100
AcDbEntity
  8
Calque1
100
AcDbCircle
 10
50.83235758522732
 20
-41.6422497030162
 30
0.0
 40
0.8581098885273911
100
AcDbArc
 50
169.4670503620186
 51
276.0821655381708
  0
ARC
  5
76C7
330
7635
100
AcDbEntity
  8
Calque1
100
AcDbCircle
 10
51.31536056688879
 20
-39.04453690528044
 30
0.0
 40
0.858109888527391
100
AcDbArc
 50
115.9964679114175
 51
169.4670503621247
  0
LINE
  5
76C8
330
7635
100
AcDbEntity
  8
Calque1
100
AcDbLine
 10
54.3415218934241
 20
-42.13130051674896
 30
0.0
 11
50.9232782396466
 21
-42.49552926763089
 31
0.0
  0
ARC
  5
76C9
330
7635
100
AcDbEntity
  8
Calque1
100
AcDbCircle
 10
54.25060123900323
 20
-41.27802095213518
 30
0.0
 40
0.8581098885273911
100
AcDbArc
 50
276.0821655382226
 51
9.381352735328622
  0
LINE
  5
76CA
330
7635
100
AcDbEntity
  8
Calque1
100
AcDbLine
 10
-14.44101259625836
 20
7.461428764367609
 30
0.0
 11
-6.443980039317692
 21
1.614499022532071
 31
0.0
  0
ARC
  5
76CB
330
7635
100
AcDbEntity
  8
Calque1
100
AcDbCircle
 10
-15.03122292026228
 20
6.654179253101574
 30
0.0
 40
1.0
100
AcDbArc
 50
53.82806514973461
 51
180.0
  0
LINE
  5
76CC
330
7635
100
AcDbEntity
  8
Calque1
100
AcDbLine
 10
-14.44101259625836
 20
-7.461428764367155
 30
0.0
 11
-6.443980039317692
 21
-1.614499022531616
 31
0.0
  0
ARC
  5
76CD
330
7635
100
AcDbEntity
  8
Calque1
100
AcDbCircle
 10
-15.03122292026228
 20
-6.654179253101574
 30
0.0
 40
1.0
100
AcDbArc
 50
180.0
 51
306.1719348502653
  0
ARC
  5
76CE
330
7635
100
AcDbEntity
  8
Calque1
100
AcDbCircle
 10
-7.62440068732576
 20
0.0
 30
0.0
 40
2.0
100
AcDbArc
 50
306.1719348502653
 51
53.82806514973461
  0
LINE
  5
76CF
330
7635
100
AcDbEntity
  8
Calque1
100
AcDbLine
 10
-16.03122292026228
 20
-6.654179253101574
 30
0.0
 11
-16.03122292026228
 21
6.654179253101574
 31
0.0
  0
LINE
  5
76D0
330
7635
100
AcDbEntity
  8
Calque1
100
AcDbLine
 10
14.44101259625824
 20
7.461428764367609
 30
0.0
 11
6.44398003931758
 21
1.614499022532071
 31
0.0
  0
ARC
  5
76D1
330
7635
100
AcDbEntity
  8
Calque1
100
AcDbCircle
 10
15.03122292026228
 20
6.654179253101574
 30
0.0
 40
1.0
100
AcDbArc
 50
0.0
 51
126.1719348502654
  0
LINE
  5
76D2
330
7635
100
AcDbEntity
  8
Calque1
100
AcDbLine
 10
14.44101259625824
 20
-7.461428764367155
 30
0.0
 11
6.44398003931758
 21
-1.614499022531616
 31
0.0
  0
ARC
  5
76D3
330
7635
100
AcDbEntity
  8
Calque1
100
AcDbCircle
 10
15.03122292026228
 20
-6.654179253101574
 30
0.0
 40
1.0
100
AcDbArc
 50
233.8280651497346
 51
0.0
  0
ARC
  5
76D4
330
7635
100
AcDbEntity
  8
Calque1
100
AcDbCircle
 10
7.624400687325646
 20
0.0
 30
0.0
 40
2.0
100
AcDbArc
 50
126.1719348502654
 51
233.8280651497346
  0
LINE
  5
76D5
330
7635
100
AcDbEntity
  8
Calque1
100
AcDbLine
 10
16.03122292026228
 20
-6.654179253101574
 30
0.0
 11
16.03122292026228
 21
6.654179253101574
 31
0.0
  0
LWPOLYLINE
  5
76D6
330
7635
100
AcDbEntity
  8
Cut
370
     0
100
AcDbPolyline
 90
       11
 70
   128
 43
0.0
 10
1.999696156793788
 20
-6.541155011868339
 42
-0.6973196755187978
 10
3.760728475722544
 20
-5.892441045974464
 10
8.644196736618141
 20
-11.62143312938451
 42
-0.3010122909466801
 10
8.750912634275207
 20
-12.49817517849942
 10
7.378220190934142
 20
-15.24356006517973
 42
-0.1425925614729653
 10
6.998441549455036
 20
-15.65374770042081
 10
4.594327808898468
 20
-17.09679863748397
 42
-0.2630472057865777
 10
3.61056896620721
 20
-17.12253699527991
 10
2.530585863623173
 20
-16.54886642672136
 42
-0.2774346930662328
 10
1.999696156793788
 20
-15.66572683818458
 10
1.999696156793788
 20
-6.541155011868339
  0
LWPOLYLINE
  5
76D7
330
7635
100
AcDbEntity
  8
Cut
370
     0
100
AcDbPolyline
 90
       10
 70
   129
 43
0.0
 10
-2.530585863623173
 20
-16.54886642672136
 10
-3.610568966207438
 20
-17.12253699527991
 42
-0.2630472057865603
 10
-4.594327808898697
 20
-17.09679863748442
 10
-6.998441549455036
 20
-15.65374770042081
 42
-0.1425925614729653
 10
-7.378220190934142
 20
-15.24356006517973
 10
-8.750912634275207
 20
-12.49817517849942
 42
-0.3010122909466801
 10
-8.644196736618141
 20
-11.62143312938451
 10
-3.760728475722771
 20
-5.892441045974464
 42
-0.6973196755187978
 10
-1.999696156793902
 20
-6.541155011868339
 10
-1.999696156793788
 20
-15.66572683818458
 42
-0.2774346930662478
  0
ENDBLK
  5
76DA
330
7635
100
AcDbEntity
  8
0
100
AcDbBlockEnd
  0
BLOCK
  5
7CA7
330
7CA6
100
AcDbEntity
  8
0
100
AcDbBlockBegin
  2
cam plate rail v2.1
 70
     0
 10
0.0
 20
0.0
 30
0.0
  3
cam plate rail v2.1
  1

  0
LINE
  5
7CA8
330
7CA6
100
AcDbEntity
  8
Cut
100
AcDbLine
 10
4.318391666977504
 20
6.009035000249241
 30
0.0
 11
2.686295488664882
 21
10.49318239653485
 31
0.0
  0
LINE
  5
7CA9
330
7CA6
100
AcDbEntity
  8
Cut
100
AcDbLine
 10
-1.827379213140375
 20
-7.17061318403239
 30
0.0
 11
-6.311526609430529
 21
-8.802709362343193
 31
0.0
  0
LINE
  5
7CAA
330
7CA6
100
AcDbEntity
  8
Cut
100
AcDbLine
 10
1.057682402262798
 20
2.268207231352789
 30
0.0
 11
-1.057682402262798
 21
-2.268207231352789
 31
0.0
  0
LINE
  5
7CAB
330
7CA6
100
AcDbEntity
  8
chamfered
100
AcDbLine
 10
3.062846095372606
 20
3.018992273252024
 30
0.0
 11
-0.3439227342612412
 21
-4.286847058471266
 31
0.0
  0
LINE
  5
7CAC
330
7CA6
100
AcDbEntity
  8
Cut
100
AcDbLine
 10
2.883977721073279
 20
2.93292436638103
 30
0.0
 11
1.057682402262344
 21
2.268207231352789
 31
0.0
  0
ARC
  5
7CAD
330
7CA6
100
AcDbEntity
  8
Cut
100
AcDbCircle
 10
3.378699046191741
 20
5.667014856923287
 30
0.0
 40
1.0
100
AcDbArc
 50
334.9999999999947
 51
20.00000000001818
  0
LINE
  5
7CAE
330
7CA6
100
AcDbEntity
  8
Cut
100
AcDbLine
 10
-0.3929652672356951
 20
-4.094502550164179
 30
0.0
 11
-1.057682402262798
 21
-2.268207231352789
 31
0.0
  0
ARC
  5
7CAF
330
7CA6
100
AcDbEntity
  8
Cut
100
AcDbCircle
 10
-1.332657888021685
 20
-4.436522693489678
 30
0.0
 40
1.0
100
AcDbArc
 50
334.9999999999947
 51
19.99999999998924
  0
ARC
  5
7CB0
330
7CA6
100
AcDbEntity
  8
Cut
100
AcDbCircle
 10
-2.169399356466101
 20
-6.230920563246399
 30
0.0
 40
1.0
100
AcDbArc
 50
289.9999999999892
 51
334.9999999999947
  0
LINE
  5
7CB1
330
7CA6
100
AcDbEntity
  8
Cut
100
AcDbLine
 10
4.285006833228635
 20
5.244396595182934
 30
0.0
 11
3.448265364783992
 21
3.449998725425757
 31
0.0
  0
ARC
  5
7CB2
330
7CA6
100
AcDbEntity
  8
Cut
100
AcDbCircle
 10
2.541957577747098
 20
3.872616987166566
 30
0.0
 40
1.0
100
AcDbArc
 50
290.0000000000349
 51
334.9999999999947
  0
LINE
  5
7CB3
330
7CA6
100
AcDbEntity
  8
Cut
100
AcDbLine
 10
-0.4263501009847915
 20
-4.859140955230486
 30
0.0
 11
-1.263091569429661
 21
-6.653538824987663
 31
0.0
  0
LINE
  5
7CB4
330
7CA6
100
AcDbEntity
  8
Calque1
100
AcDbLine
 10
6.88047255775632
 20
-4.311833305877826
 30
0.0
 11
15.03790365933446
 21
-8.113979781619491
 31
0.0
  0
LINE
  5
7CB5
330
7CA6
100
AcDbEntity
  8
Calque1
100
AcDbLine
 10
7.725393996811362
 20
-2.499070838860461
 30
0.0
 11
15.8828250983895
 21
-6.301217314603036
 31
0.0
  0
ARC
  5
7CB6
330
7CA6
100
AcDbEntity
  8
Calque1
100
AcDbCircle
 10
7.302933277287138
 20
-3.405452072366188
 30
0.0
 40
1.000000000001718
100
AcDbArc
 50
65.00995924165302
 51
245.009959241653
  0
ARC
  5
7CB7
330
7CA6
100
AcDbEntity
  8
Calque1
100
AcDbCircle
 10
15.46036437886278
 20
-7.207598548110127
 30
0.0
 40
1.000000000001718
100
AcDbArc
 50
245.009959241653
 51
65.00995924165302
  0
CIRCLE
  5
7CB8
330
7CA6
100
AcDbEntity
  8
Calque1
100
AcDbCircle
 10
-4.360322503835504
 20
-10.64938198291975
 30
0.0
 40
1.0
  0
CIRCLE
  5
7CB9
330
7CA6
100
AcDbEntity
  8
Calque1
100
AcDbCircle
 10
5.370586461364837
 20
10.30348564712312
 30
0.0
 40
1.0
  0
LINE
  5
7CBA
330
7CA6
100
AcDbEntity
  8
Calque1
100
AcDbLine
 10
9.220725440182604
 20
3.4222695792796
 30
0.0
 11
17.37815654176074
 21
-0.3798768964620649
 31
0.0
  0
LINE
  5
7CBB
330
7CA6
100
AcDbEntity
  8
Calque1
100
AcDbLine
 10
10.06564687923765
 20
5.235032046296964
 30
0.0
 11
18.22307798081579
 21
1.43288557055439
 31
0.0
  0
ARC
  5
7CBC
330
7CA6
100
AcDbEntity
  8
Calque1
100
AcDbCircle
 10
9.643186159713422
 20
4.328650812791238
 30
0.0
 40
1.000000000001718
100
AcDbArc
 50
65.00995924165302
 51
245.009959241653
  0
ARC
  5
7CBD
330
7CA6
100
AcDbEntity
  8
Calque1
100
AcDbCircle
 10
17.80061726128906
 20
0.5265043370472995
 30
0.0
 40
1.000000000001718
100
AcDbArc
 50
245.009959241653
 51
65.00995924165302
  0
LINE
  5
7CBE
330
7CA6
100
AcDbEntity
  8
Calque1
100
AcDbLine
 10
3.30560531581068
 20
-9.263530161706967
 30
0.0
 11
11.46202110933404
 21
-13.06785410711791
 31
0.0
  0
LINE
  5
7CBF
330
7CA6
100
AcDbEntity
  8
Calque1
100
AcDbLine
 10
2.460139509340933
 20
-11.076038801712
 30
0.0
 11
10.61655530286475
 21
-14.88036274712203
 31
0.0
  0
ARC
  5
7CC0
330
7CA6
100
AcDbEntity
  8
Calque1
100
AcDbCircle
 10
2.882872412576034
 20
-10.16978448171403
 30
0.0
 40
1.000000000001717
100
AcDbArc
 50
64.99275227716852
 51
244.9927522771685
  0
ARC
  5
7CC1
330
7CA6
100
AcDbEntity
  8
Calque1
100
AcDbCircle
 10
11.0392882060994
 20
-13.97410842712133
 30
0.0
 40
1.000000000001717
100
AcDbArc
 50
244.9927522771685
 51
64.99275227716852
  0
ENDBLK
  5
7CC2
330
7CA6
100
AcDbEntity
  8
0
100
AcDbBlockEnd
  0
ENDSEC
  0
SECTION
  2
ENTITIES
  0
LINE
  5
2AF
330
1F
100
AcDbEntity
  8
Calque2
100
AcDbLine
 10
0.0
 20
405.3739044418253
 30
0.0
 11
400.231840642824
 21
405.3739044418253
 31
0.0
  0
LINE
  5
2B0
330
1F
100
AcDbEntity
  8
Calque2
100
AcDbLine
 10
0.0
 20
521.713610894185
 30
0.0
 11
770.9355123116377
 21
521.5573813508681
 31
0.0
  0
LINE
  5
2B3
330
1F
100
AcDbEntity
  8
Calque2
100
AcDbLine
 10
0.0
 20
0.0
 30
0.0
 11
405.231840642824
 21
0.0
 31
0.0
  0
MTEXT
  5
EBA
102
{ACAD_XDICTIONARY
360
EBB
102
}
330
1F
100
AcDbEntity
  8
0
  6
JIS_09_08
100
AcDbMText
 10
-53.84567542593868
 20
278.7445806496785
 30
0.0
 40
10.0
 41
327.7561439170822
 46
0.0
 71
     1
 72
     5
  1
\pi139.37807;{\fISOCPEUR|b0|i0|c0|p34;3mm (x1)\P\pi121.87807;carbon at 45°}
 73
     1
 44
1.0
1001
ACAD
1000
ACAD_MTEXT_COLUMN_INFO_BEGIN
1070
    75
1070
     2
1070
    79
1070
     0
1070
    76
1070
     1
1070
    78
1070
     0
1070
    48
1040
327.7561439170822
1070
    49
1040
12.5
1070
    50
1070
     1
1040
0.0
1000
ACAD_MTEXT_COLUMN_INFO_END
  0
MTEXT
  5
EBC
102
{ACAD_XDICTIONARY
360
EBD
102
}
330
1F
100
AcDbEntity
  8
0
  6
JIS_09_08
100
AcDbMText
 10
76.65311393284719
 20
298.5789840211032
 30
0.0
 40
10.0
 41
327.7561439170822
 46
0.0
 71
     1
 72
     5
  1
{\fISOCPEUR|b0|i0|c0|p34;BOTTOM 2.5"}
 73
     1
 44
1.0
1001
ACAD
1000
ACAD_MTEXT_COLUMN_INFO_BEGIN
1070
    75
1070
     2
1070
    79
1070
     0
1070
    76
1070
     1
1070
    78
1070
     0
1070
    48
1040
327.7561439170822
1070
    49
1040
12.5
1070
    50
1070
     1
1040
0.0
1000
ACAD_MTEXT_COLUMN_INFO_END
  0
MTEXT
  5
1008
102
{ACAD_XDICTIONARY
360
1009
102
}
330
1F
100
AcDbEntity
  8
chamfered
  6
JIS_09_08
100
AcDbMText
 10
-44.26647887934996
 20
77.34077726556248
 30
0.0
 40
10.0
 41
327.7561439170822
 46
0.0
 71
     1
 72
     5
  1
\pi133.87807;{\fISOCPEUR|b0|i0|c0|p34;chamfered\P\pi116.87807;(2 sides: 0.7mm)}
 73
     1
 44
1.0
1001
ACAD
1000
ACAD_MTEXT_COLUMN_INFO_BEGIN
1070
    75
1070
     2
1070
    79
1070
     0
1070
    76
1070
     1
1070
    78
1070
     0
1070
    48
1040
327.7561439170822
1070
    49
1040
12.5
1070
    50
1070
     1
1040
0.0
1000
ACAD_MTEXT_COLUMN_INFO_END
  0
MTEXT
  5
1081
102
{ACAD_XDICTIONARY
360
1082
102
}
330
1F
100
AcDbEntity
  8
0
  6
JIS_09_08
100
AcDbMText
 10
151.6580427496519
 20
278.7445806496785
 30
0.0
 40
10.0
 41
327.7561439170822
 46
0.0
 71
     1
 72
     5
  1
\pi139.37807;{\fISOCPEUR|b0|i0|c0|p34;2mm (x1)}
 73
     1
 44
1.0
1001
ACAD
1000
ACAD_MTEXT_COLUMN_INFO_BEGIN
1070
    75
1070
     2
1070
    79
1070
     0
1070
    76
1070
     1
1070
    78
1070
     0
1070
    48
1040
327.7561439170822
1070
    49
1040
12.5
1070
    50
1070
     1
1040
0.0
1000
ACAD_MTEXT_COLUMN_INFO_END
  0
MTEXT
  5
1083
102
{ACAD_XDICTIONARY
360
1084
102
}
330
1F
100
AcDbEntity
  8
0
  6
JIS_09_08
100
AcDbMText
 10
147.0357802005656
 20
296.9249139017502
 30
0.0
 40
10.0
 41
327.7561439170822
 46
0.0
 71
     1
 72
     5
  1
\pi152.87807;{\fISOCPEUR|b0|i0|c0|p34;TOP}
 73
     1
 44
1.0
1001
ACAD
1000
ACAD_MTEXT_COLUMN_INFO_BEGIN
1070
    75
1070
     2
1070
    79
1070
     0
1070
    76
1070
     1
1070
    78
1070
     0
1070
    48
1040
327.7561439170822
1070
    49
1040
12.5
1070
    50
1070
     1
1040
0.0
1000
ACAD_MTEXT_COLUMN_INFO_END
  0
MTEXT
  5
1103
102
{ACAD_XDICTIONARY
360
1104
102
}
330
1F
100
AcDbEntity
  8
pocket
100
AcDbMText
 10
823.1602725302586
 20
463.2128334049444
 30
0.0
 40
10.0
 41
327.756144
 46
0.0
 71
     3
 72
     5
  1
{\fISOCPEUR|b0|i0|c0|p34;pocket or V cutter }
 73
     1
 44
1.0
1001
ACAD
1000
ACAD_MTEXT_COLUMN_INFO_BEGIN
1070
    75
1070
     2
1070
    79
1070
     0
1070
    76
1070
     1
1070
    78
1070
     0
1070
    48
1040
327.756144
1070
    49
1040
12.5
1070
    50
1070
     1
1040
0.0
1000
ACAD_MTEXT_COLUMN_INFO_END
  0
LINE
  5
1105
330
1F
100
AcDbEntity
  8
pocket
100
AcDbLine
 10
724.3308707294982
 20
456.3702290250084
 30
0.0
 11
759.474194560762
 21
456.4748401449096
 31
0.0
  0
MTEXT
  5
1106
102
{ACAD_XDICTIONARY
360
1107
102
}
330
1F
100
AcDbEntity
  8
chamfered
100
AcDbMText
 10
845.5961360592578
 20
483.2685291520098
 30
0.0
 40
10.0
 41
327.756144
 46
0.0
 71
     3
 72
     5
  1
{\fISOCPEUR|b0|i0|c0|p34;chamfer }
 73
     1
 44
1.0
1001
ACAD
1000
ACAD_MTEXT_COLUMN_INFO_BEGIN
1070
    75
1070
     2
1070
    79
1070
     0
1070
    76
1070
     1
1070
    78
1070
     0
1070
    48
1040
327.756144
1070
    49
1040
12.5
1070
    50
1070
     1
1040
0.0
1000
ACAD_MTEXT_COLUMN_INFO_END
  0
LINE
  5
1108
330
1F
100
AcDbEntity
  8
chamfered
100
AcDbLine
 10
724.3308579370859
 20
477.1578049000518
 30
0.0
 11
759.4741817683498
 21
477.2624160199529
 31
0.0
  0
MTEXT
  5
1109
102
{ACAD_XDICTIONARY
360
110A
102
}
330
1F
100
AcDbEntity
  8
countersunk
100
AcDbMText
 10
845.5961360592578
 20
443.5249163217928
 30
0.0
 40
10.0
 41
327.756144
 46
0.0
 71
     3
 72
     5
  1
{\fISOCPEUR|b0|i0|c0|p34;countersunk }
 73
     1
 44
1.0
1001
ACAD
1000
ACAD_MTEXT_COLUMN_INFO_BEGIN
1070
    75
1070
     2
1070
    79
1070
     0
1070
    76
1070
     1
1070
    78
1070
     0
1070
    48
1040
327.756144
1070
    49
1040
12.5
1070
    50
1070
     1
1040
0.0
1000
ACAD_MTEXT_COLUMN_INFO_END
  0
LINE
  5
110B
330
1F
100
AcDbEntity
  8
countersunk
100
AcDbLine
 10
724.3308707294982
 20
436.6823119418577
 30
0.0
 11
759.474194560762
 21
436.7869230617588
 31
0.0
  0
MTEXT
  5
1214
102
{ACAD_XDICTIONARY
360
1215
102
}
330
1F
100
AcDbEntity
  8
0
  6
JIS_09_08
100
AcDbMText
 10
498.6138222529489
 20
307.1307518748203
 30
0.0
 40
10.0
 41
327.7561439170822
 46
0.0
 71
     1
 72
     5
  1
\pi138.37807;{\fISOCPEUR|b0|i0|c0|p34;2mm (x2)}
 73
     1
 44
1.0
1001
ACAD
1000
ACAD_MTEXT_COLUMN_INFO_BEGIN
1070
    75
1070
     2
1070
    79
1070
     0
1070
    76
1070
     1
1070
    78
1070
     0
1070
    48
1040
327.7561439170822
1070
    49
1040
12.5
1070
    50
1070
     1
1040
0.0
1000
ACAD_MTEXT_COLUMN_INFO_END
  0
MTEXT
  5
1216
102
{ACAD_XDICTIONARY
360
1217
102
}
330
1F
100
AcDbEntity
  8
0
  6
JIS_09_08
100
AcDbMText
 10
497.7103158720137
 20
327.4067800481653
 30
0.0
 40
10.0
 41
327.7561439170822
 46
0.0
 71
     1
 72
     5
  1
\pi91.37807;{\fISOCPEUR|b0|i0|c0|p34;Side plate freestyle M2}
 73
     1
 44
1.0
1001
ACAD
1000
ACAD_MTEXT_COLUMN_INFO_BEGIN
1070
    75
1070
     2
1070
    79
1070
     0
1070
    76
1070
     1
1070
    78
1070
     0
1070
    48
1040
327.7561439170822
1070
    49
1040
12.5
1070
    50
1070
     1
1040
0.0
1000
ACAD_MTEXT_COLUMN_INFO_END
  0
MTEXT
  5
1270
102
{ACAD_XDICTIONARY
360
1271
102
}
330
1F
100
AcDbEntity
  8
0
  6
JIS_09_08
100
AcDbMText
 10
-692.3613472524229
 20
500.3214992706302
 30
0.0
 40
100.0
 41
1168.095676321075
 46
0.0
 71
     1
 72
     5
  1
{\fISOCPEUR|b0|i0|c0|p34;2.5"\PV2.1.0}
 73
     1
 44
1.0
1001
ACAD
1000
ACAD_MTEXT_COLUMN_INFO_BEGIN
1070
    75
1070
     2
1070
    79
1070
     0
1070
    76
1070
     1
1070
    78
1070
     0
1070
    48
1040
1168.095676321075
1070
    49
1040
12.5
1070
    50
1070
     1
1040
0.0
1000
ACAD_MTEXT_COLUMN_INFO_END
  0
MTEXT
  5
1272
102
{ACAD_XDICTIONARY
360
1273
102
}
330
1F
100
AcDbEntity
  8
0
  6
JIS_09_08
100
AcDbMText
 10
36.942726
 20
490.5743690363679
 30
0.0
 40
20.0
 41
689.506779511229
 46
0.0
 71
     1
 72
     5
  1
{\fISOCPEUR|b0|i0|c0|p34;FRAME JeNo 2.5" POCKET v2.1.0_all versions}
 73
     1
 44
1.0
1001
ACAD
1000
ACAD_MTEXT_COLUMN_INFO_BEGIN
1070
    75
1070
     2
1070
    79
1070
     0
1070
    76
1070
     1
1070
    78
1070
     0
1070
    48
1040
689.506779511229
1070
    49
1040
12.5
1070
    50
1070
     1
1040
0.0
1000
ACAD_MTEXT_COLUMN_INFO_END
  0
MTEXT
  5
1B2F
102
{ACAD_XDICTIONARY
360
1B30
102
}
330
1F
100
AcDbEntity
  8
0
  6
JIS_09_08
100
AcDbMText
 10
31.17123802838751
 20
389.5086123690258
 30
0.0
 40
30.0
 41
327.756144
 46
0.0
 71
     1
 72
     5
  1
{\fISOCPEUR|b0|i0|c0|p34;BOTTOM}
 73
     1
 44
1.0
1001
ACAD
1000
ACAD_MTEXT_COLUMN_INFO_BEGIN
1070
    75
1070
     2
1070
    79
1070
     0
1070
    76
1070
     1
1070
    78
1070
     0
1070
    48
1040
327.756144
1070
    49
1040
12.5
1070
    50
1070
     1
1040
0.0
1000
ACAD_MTEXT_COLUMN_INFO_END
  0
MTEXT
  5
1B31
102
{ACAD_XDICTIONARY
360
1B32
102
}
330
1F
100
AcDbEntity
  8
0
  6
JIS_09_08
100
AcDbMText
 10
269.671696497237
 20
392.9812631385553
 30
0.0
 40
30.0
 41
327.756144
 46
0.0
 71
     1
 72
     5
  1
{\fISOCPEUR|b0|i0|c0|p34;TOP}
 73
     1
 44
1.0
1001
ACAD
1000
ACAD_MTEXT_COLUMN_INFO_BEGIN
1070
    75
1070
     2
1070
    79
1070
     0
1070
    76
1070
     1
1070
    78
1070
     0
1070
    48
1040
327.756144
1070
    49
1040
12.5
1070
    50
1070
     1
1040
0.0
1000
ACAD_MTEXT_COLUMN_INFO_END
  0
MTEXT
  5
1B35
102
{ACAD_XDICTIONARY
360
1B36
102
}
330
1F
100
AcDbEntity
  8
0
  6
JIS_09_08
100
AcDbMText
 10
563.5887843098116
 20
388.3367659485098
 30
0.0
 40
30.0
 41
327.756144
 46
0.0
 71
     1
 72
     5
  1
{\fISOCPEUR|b0|i0|c0|p34;CAM PLATES}
 73
     1
 44
1.0
1001
ACAD
1000
ACAD_MTEXT_COLUMN_INFO_BEGIN
1070
    75
1070
     2
1070
    79
1070
     0
1070
    76
1070
     1
1070
    78
1070
     0
1070
    48
1040
327.756144
1070
    49
1040
12.5
1070
    50
1070
     1
1040
0.0
1000
ACAD_MTEXT_COLUMN_INFO_END
  0
LINE
  5
1B37
330
1F
100
AcDbEntity
  8
Calque2
100
AcDbLine
 10
0.0
 20
345.5493782176564
 30
0.0
 11
405.231840642824
 21
345.5493782176564
 31
0.0
  0
LINE
  5
1B38
330
1F
100
AcDbEntity
  8
Calque2
100
AcDbLine
 10
443.0399834787729
 20
345.5493782176565
 30
0.0
 11
943.7603507110251
 21
345.5493782176566
 31
0.0
  0
MTEXT
  5
1B39
102
{ACAD_XDICTIONARY
360
1B3A
102
}
330
1F
100
AcDbEntity
  8
0
  6
JIS_09_08
100
AcDbMText
 10
-59.05870909480109
 20
64.41893829801256
 30
0.0
 40
30.0
 41
327.756144
 46
0.0
 71
     1
 72
     5
  1
{\fISOCPEUR|b0|i0|c0|p34;2.5" X-Core}
 11
0.0000000000000001
 21
1.0
 31
0.0
 73
     1
 44
1.0
1001
ACAD
1000
ACAD_MTEXT_COLUMN_INFO_BEGIN
1070
    75
1070
     2
1070
    79
1070
     0
1070
    76
1070
     1
1070
    78
1070
     0
1070
    48
1040
327.756144
1070
    49
1040
12.5
1070
    50
1070
     1
1040
0.0
1000
ACAD_MTEXT_COLUMN_INFO_END
  0
LINE
  5
1EDC
330
1F
100
AcDbEntity
  8
Calque2
100
AcDbLine
 10
0.0
 20
-345.5493782176564
 30
0.0
 11
405.231840642824
 21
-345.5493782176564
 31
0.0
  0
LINE
  5
27A2
330
1F
100
AcDbEntity
  8
Calque2
100
AcDbLine
 10
443.0399834787729
 20
405.3739044418255
 30
0.0
 11
943.7603507110251
 21
405.3739044418254
 31
0.0
  0
LINE
  5
28C3
330
1F
100
AcDbEntity
  8
Calque2
100
AcDbLine
 10
443.0399834787728
 20
-12.47851929008612
 30
0.0
 11
943.7603507110251
 21
-12.47851929008613
 31
0.0
  0
LINE
  5
2A4A
330
1F
100
AcDbEntity
  8
Calque2
100
AcDbLine
 10
443.0399834787729
 20
405.3739044418255
 30
0.0
 11
443.0399834787728
 21
-437.7633471031712
 31
0.0
  0
LINE
  5
2A4D
330
1F
100
AcDbEntity
  8
Calque2
100
AcDbLine
 10
943.7603507110251
 20
405.3739044418255
 30
0.0
 11
943.7603507110251
 21
-437.7633471031713
 31
0.0
  0
LINE
  5
2E65
330
1F
100
AcDbEntity
  8
Calque2
100
AcDbLine
 10
234.5303079317619
 20
405.3739044418253
 30
0.0
 11
234.5303079317619
 21
-691.0987564353127
 31
0.0
  0
LINE
  5
2E67
330
1F
100
AcDbEntity
  8
Calque2
100
AcDbLine
 10
405.231840642824
 20
400.3739044418252
 30
0.0
 11
405.231840642824
 21
-691.0987564353127
 31
0.0
  0
LINE
  5
2E6B
330
1F
100
AcDbEntity
  8
Calque2
100
AcDbLine
 10
0.0
 20
405.3739044418253
 30
0.0
 11
0.0
 21
-691.0987564353127
 31
0.0
  0
MTEXT
  5
2FD2
102
{ACAD_XDICTIONARY
360
2FD3
102
}
330
1F
100
AcDbEntity
  8
Calque1
100
AcDbMText
 10
845.5961360592578
 20
504.6754733111098
 30
0.0
 40
10.0
 41
327.756144
 46
0.0
 71
     3
 72
     5
  1
{\fISOCPEUR|b0|i0|c0|p34;cut}
 73
     1
 44
1.0
1001
ACAD
1000
ACAD_MTEXT_COLUMN_INFO_BEGIN
1070
    75
1070
     2
1070
    79
1070
     0
1070
    76
1070
     1
1070
    78
1070
     0
1070
    48
1040
327.756144
1070
    49
1040
12.5
1070
    50
1070
     1
1040
0.0
1000
ACAD_MTEXT_COLUMN_INFO_END
  0
LINE
  5
2FD4
330
1F
100
AcDbEntity
  8
Calque1
100
AcDbLine
 10
724.3308579370859
 20
498.5647490591518
 30
0.0
 11
759.4741817683498
 21
498.669360179053
 31
0.0
  0
MTEXT
  5
39A2
102
{ACAD_XDICTIONARY
360
39A3
102
}
330
1F
100
AcDbEntity
  8
chamfered
  6
JIS_09_08
100
AcDbMText
 10
155.57563555864
 20
77.34077726556248
 30
0.0
 40
10.0
 41
327.7561439170822
 46
0.0
 71
     1
 72
     5
  1
\pi133.87807;{\fISOCPEUR|b0|i0|c0|p34;chamfered\P\pi113.87807;(2 sides : 0.5mm)}
 73
     1
 44
1.0
1001
ACAD
1000
ACAD_MTEXT_COLUMN_INFO_BEGIN
1070
    75
1070
     2
1070
    79
1070
     0
1070
    76
1070
     1
1070
    78
1070
     0
1070
    48
1040
327.7561439170822
1070
    49
1040
12.5
1070
    50
1070
     1
1040
0.0
1000
ACAD_MTEXT_COLUMN_INFO_END
  0
ARC
  5
39A4
330
1F
100
AcDbEntity
  8
Calque2
100
AcDbCircle
 10
400.231840642824
 20
400.3739044418252
 30
0.0
 40
5.0
100
AcDbArc
 50
0.0
 51
90.0
  0
MTEXT
  5
4E28
102
{ACAD_XDICTIONARY
360
4E29
102
}
330
1F
100
AcDbEntity
  8
0
  6
JIS_09_08
100
AcDbMText
 10
720.6906406555808
 20
236.3010671111201
 30
0.0
 40
15.0
 41
40.63077035965856
 46
0.0
 71
     1
 72
     5
  1
{\fISOCPEUR|b0|i0|c0|p34;25°}
 73
     1
 44
1.0
1001
ACAD
1000
ACAD_MTEXT_COLUMN_INFO_BEGIN
1070
    75
1070
     2
1070
    79
1070
     0
1070
    76
1070
     1
1070
    78
1070
     0
1070
    48
1040
40.63077035965856
1070
    49
1040
12.5
1070
    50
1070
     1
1040
0.0
1000
ACAD_MTEXT_COLUMN_INFO_END
  0
MTEXT
  5
4E2C
102
{ACAD_XDICTIONARY
360
4E2D
102
}
330
1F
100
AcDbEntity
  8
0
  6
JIS_09_08
100
AcDbMText
 10
802.0459680070889
 20
236.3010671111201
 30
0.0
 40
15.0
 41
40.63077035965856
 46
0.0
 71
     1
 72
     5
  1
{\fISOCPEUR|b0|i0|c0|p34;30°}
 73
     1
 44
1.0
1001
ACAD
1000
ACAD_MTEXT_COLUMN_INFO_BEGIN
1070
    75
1070
     2
1070
    79
1070
     0
1070
    76
1070
     1
1070
    78
1070
     0
1070
    48
1040
40.63077035965856
1070
    49
1040
12.5
1070
    50
1070
     1
1040
0.0
1000
ACAD_MTEXT_COLUMN_INFO_END
  0
MTEXT
  5
4E2E
102
{ACAD_XDICTIONARY
360
4E2F
102
}
330
1F
100
AcDbEntity
  8
0
  6
JIS_09_08
100
AcDbMText
 10
893.3181919279723
 20
236.3010671111201
 30
0.0
 40
15.0
 41
40.63077035965856
 46
0.0
 71
     1
 72
     5
  1
{\fISOCPEUR|b0|i0|c0|p34;35°}
 73
     1
 44
1.0
1001
ACAD
1000
ACAD_MTEXT_COLUMN_INFO_BEGIN
1070
    75
1070
     2
1070
    79
1070
     0
1070
    76
1070
     1
1070
    78
1070
     0
1070
    48
1040
40.63077035965856
1070
    49
1040
12.5
1070
    50
1070
     1
1040
0.0
1000
ACAD_MTEXT_COLUMN_INFO_END
  0
MTEXT
  5
4FA2
102
{ACAD_XDICTIONARY
360
4FA3
102
}
330
1F
100
AcDbEntity
  8
0
  6
JIS_09_08
100
AcDbMText
 10
634.4207552214011
 20
236.3010671111201
 30
0.0
 40
15.0
 41
40.63077035965856
 46
0.0
 71
     1
 72
     5
  1
{\fISOCPEUR|b0|i0|c0|p34;20°}
 73
     1
 44
1.0
1001
ACAD
1000
ACAD_MTEXT_COLUMN_INFO_BEGIN
1070
    75
1070
     2
1070
    79
1070
     0
1070
    76
1070
     1
1070
    78
1070
     0
1070
    48
1040
40.63077035965856
1070
    49
1040
12.5
1070
    50
1070
     1
1040
0.0
1000
ACAD_MTEXT_COLUMN_INFO_END
  0
MTEXT
  5
5050
102
{ACAD_XDICTIONARY
360
5051
102
}
330
1F
100
AcDbEntity
  8
0
  6
JIS_09_08
100
AcDbMText
 10
555.8929682268844
 20
236.3010671111201
 30
0.0
 40
15.0
 41
40.63077035965856
 46
0.0
 71
     1
 72
     5
  1
{\fISOCPEUR|b0|i0|c0|p34;15°}
 73
     1
 44
1.0
1001
ACAD
1000
ACAD_MTEXT_COLUMN_INFO_BEGIN
1070
    75
1070
     2
1070
    79
1070
     0
1070
    76
1070
     1
1070
    78
1070
     0
1070
    48
1040
40.63077035965856
1070
    49
1040
12.5
1070
    50
1070
     1
1040
0.0
1000
ACAD_MTEXT_COLUMN_INFO_END
  0
LINE
  5
5120
330
1F
100
AcDbEntity
  8
Calque2
100
AcDbLine
 10
536.1638559959465
 20
281.5839567106132
 30
0.0
 11
536.1638559959465
 21
-12.47851929008612
 31
0.0
  0
LINE
  5
5121
330
1F
100
AcDbEntity
  8
Calque2
100
AcDbLine
 10
608.3656357562831
 20
247.9159463641854
 30
0.0
 11
608.3656357562831
 21
-12.47851929008612
 31
0.0
  0
LINE
  5
5122
330
1F
100
AcDbEntity
  8
Calque2
100
AcDbLine
 10
689.4413943612562
 20
247.9159463641854
 30
0.0
 11
689.4413943612562
 21
-12.47851929008613
 31
0.0
  0
LINE
  5
5123
330
1F
100
AcDbEntity
  8
Calque2
100
AcDbLine
 10
770.9204987656012
 20
247.9159463641854
 30
0.0
 11
770.920498765601
 21
-12.47851929008613
 31
0.0
  0
LINE
  5
5124
330
1F
100
AcDbEntity
  8
Calque2
100
AcDbLine
 10
856.4332379534063
 20
247.9159463641854
 30
0.0
 11
856.4332379534063
 21
-12.47851929008613
 31
0.0
  0
LINE
  5
5125
330
1F
100
AcDbEntity
  8
Calque2
100
AcDbLine
 10
478.1413224008065
 20
160.0308603589965
 30
0.0
 11
943.7603507110251
 21
160.0308603589965
 31
0.0
  0
MTEXT
  5
5126
102
{ACAD_XDICTIONARY
360
5127
102
}
330
1F
100
AcDbEntity
  8
0
  6
JIS_09_08
100
AcDbMText
 10
483.3023217471509
 20
194.5682031162064
 30
0.0
 40
15.0
 41
40.63077035965856
 46
0.0
 71
     1
 72
     5
  1
{\fISOCPEUR|b0|i0|c0|p34;14mm}
 73
     1
 44
1.0
1001
ACAD
1000
ACAD_MTEXT_COLUMN_INFO_BEGIN
1070
    75
1070
     2
1070
    79
1070
     0
1070
    76
1070
     1
1070
    78
1070
     0
1070
    48
1040
40.63077035965856
1070
    49
1040
12.5
1070
    50
1070
     1
1040
0.0
1000
ACAD_MTEXT_COLUMN_INFO_END
  0
MTEXT
  5
512C
102
{ACAD_XDICTIONARY
360
512D
102
}
330
1F
100
AcDbEntity
  8
0
  6
JIS_09_08
100
AcDbMText
 10
483.3023217471509
 20
139.5343835085164
 30
0.0
 40
15.0
 41
40.63077035965856
 46
0.0
 71
     1
 72
     5
  1
{\fISOCPEUR|b0|i0|c0|p34;16mm}
 73
     1
 44
1.0
1001
ACAD
1000
ACAD_MTEXT_COLUMN_INFO_BEGIN
1070
    75
1070
     2
1070
    79
1070
     0
1070
    76
1070
     1
1070
    78
1070
     0
1070
    48
1040
40.63077035965856
1070
    49
1040
12.5
1070
    50
1070
     1
1040
0.0
1000
ACAD_MTEXT_COLUMN_INFO_END
  0
LINE
  5
5224
330
1F
100
AcDbEntity
  8
Calque2
100
AcDbLine
 10
478.1413224008065
 20
102.983125017261
 30
0.0
 11
943.7603507110251
 21
102.983125017261
 31
0.0
  0
MTEXT
  5
5225
102
{ACAD_XDICTIONARY
360
5226
102
}
330
1F
100
AcDbEntity
  8
0
  6
JIS_09_08
100
AcDbMText
 10
483.3023217471509
 20
82.10429014846113
 30
0.0
 40
15.0
 41
40.63077035965856
 46
0.0
 71
     1
 72
     5
  1
{\fISOCPEUR|b0|i0|c0|p34;18mm}
 73
     1
 44
1.0
1001
ACAD
1000
ACAD_MTEXT_COLUMN_INFO_BEGIN
1070
    75
1070
     2
1070
    79
1070
     0
1070
    76
1070
     1
1070
    78
1070
     0
1070
    48
1040
40.63077035965856
1070
    49
1040
12.5
1070
    50
1070
     1
1040
0.0
1000
ACAD_MTEXT_COLUMN_INFO_END
  0
LINE
  5
5311
330
1F
100
AcDbEntity
  8
Calque2
100
AcDbLine
 10
478.1413224008065
 20
45.93538967552558
 30
0.0
 11
943.7603507110251
 21
45.93538967552558
 31
0.0
  0
MTEXT
  5
5312
102
{ACAD_XDICTIONARY
360
5313
102
}
330
1F
100
AcDbEntity
  8
0
  6
JIS_09_08
100
AcDbMText
 10
483.3023217471509
 20
27.73303953873028
 30
0.0
 40
15.0
 41
40.63077035965856
 46
0.0
 71
     1
 72
     5
  1
{\fISOCPEUR|b0|i0|c0|p34;20mm}
 73
     1
 44
1.0
1001
ACAD
1000
ACAD_MTEXT_COLUMN_INFO_BEGIN
1070
    75
1070
     2
1070
    79
1070
     0
1070
    76
1070
     1
1070
    78
1070
     0
1070
    48
1040
40.63077035965856
1070
    49
1040
12.5
1070
    50
1070
     1
1040
0.0
1000
ACAD_MTEXT_COLUMN_INFO_END
  0
LINE
  5
53EF
330
1F
100
AcDbEntity
  8
Calque2
100
AcDbLine
 10
443.0399834787729
 20
213.4804861879157
 30
0.0
 11
943.7603507110251
 21
213.4804861879156
 31
0.0
  0
CIRCLE
  5
5986
330
1F
100
AcDbEntity
  8
Cut
100
AcDbCircle
 10
68.95931325093108
 20
211.8606572330068
 30
0.0
 40
2.250000000000131
  0
CIRCLE
  5
5987
330
1F
100
AcDbEntity
  8
Cut
100
AcDbCircle
 10
68.95931325093108
 20
143.7721903392012
 30
0.0
 40
2.250000000000131
  0
CIRCLE
  5
5988
330
1F
100
AcDbEntity
  8
Cut
100
AcDbCircle
 10
115.5226986970742
 20
203.4358121707237
 30
0.0
 40
1.0
  0
CIRCLE
  5
5989
330
1F
100
AcDbEntity
  8
Cut
100
AcDbCircle
 10
115.5226986970692
 20
195.8476467063628
 30
0.0
 40
1.0
  0
CIRCLE
  5
598A
330
1F
100
AcDbEntity
  8
Cut
100
AcDbCircle
 10
115.5226986970683
 20
159.7852008658487
 30
0.0
 40
1.0
  0
LWPOLYLINE
  5
598D
330
1F
100
AcDbEntity
  8
Cut
100
AcDbPolyline
 90
        8
 70
     1
 43
0.0
 10
122.4726987197852
 20
221.533127238763
 42
1.0
 10
122.4726986970792
 20
219.9331272387635
 10
122.4726986970792
 20
218.1331272387633
 42
1.0
 10
122.4726986970792
 20
216.5331272387634
 10
124.5726986970791
 20
216.5331272387634
 42
1.0
 10
124.5726986970791
 20
218.1331272387633
 10
124.5726986970791
 20
219.9331272387635
 42
1.0
 10
124.5726987197851
 20
221.533127238763
  0
LWPOLYLINE
  5
598F
330
1F
100
AcDbEntity
  8
Cut
100
AcDbPolyline
 90
        8
 70
     1
 43
0.0
 10
108.5726986743841
 20
221.5331272387739
 42
-1.0
 10
108.5726986970882
 20
219.933127238774
 10
108.5726986970862
 20
218.1331272387738
 42
-1.0
 10
108.5726986970841
 20
216.5331272387739
 10
106.472698697084
 20
216.5331272387766
 42
-1.0
 10
106.4726986970863
 20
218.1331272387765
 10
106.4726986970881
 20
219.9331272387762
 42
-1.0
 10
106.4726986743841
 20
221.5331272387766
  0
CIRCLE
  5
5990
330
1F
100
AcDbEntity
  8
Cut
100
AcDbCircle
 10
162.0860841432281
 20
211.860657232939
 30
0.0
 40
2.250000000000131
  0
CIRCLE
  5
5991
330
1F
100
AcDbEntity
  8
Cut
100
AcDbCircle
 10
162.0860841431283
 20
143.7721903391325
 30
0.0
 40
2.250000000000131
  0
LWPOLYLINE
  5
5992
330
1F
100
AcDbEntity
  8
Cut
100
AcDbPolyline
 90
       21
 70
   129
 43
0.0
 10
114.1153678175623
 20
161.8642132920813
 10
111.9121297308668
 20
160.6938867908238
 42
-0.2630472057865603
 10
110.9283708881755
 20
160.7196251486193
 10
108.5242571476192
 20
162.1626760856829
 42
-0.1425925614729653
 10
108.1444785061401
 20
162.572863720924
 10
106.771786062799
 20
165.3182486076043
 42
-0.3010122909466801
 10
106.878501960456
 20
166.1949906567192
 10
112.283145980888
 20
172.5353948843135
 42
-0.219659751541061
 10
112.8919718360311
 20
172.8164237115984
 10
113.7226986821651
 20
172.8164237115984
 10
115.5226986970742
 20
172.8164237115984
 10
117.3226987119832
 20
172.8164237115984
 10
118.1534255581172
 20
172.8164237115984
 42
-0.219659751541061
 10
118.7622514132603
 20
172.5353948843135
 10
124.1668954336923
 20
166.1949906567192
 42
-0.3010122909466801
 10
124.2736113313494
 20
165.3182486076043
 10
122.9009188880082
 20
162.572863720924
 42
-0.1425925614729653
 10
122.5211402465292
 20
162.1626760856829
 10
120.1170265059726
 20
160.7196251486198
 42
-0.2630472057865777
 10
119.1332676632813
 20
160.6938867908238
 10
116.930029576586
 20
161.8642132920813
 42
0.249110738272505
  0
CIRCLE
  5
5995
330
1F
100
AcDbEntity
  8
Cut
100
AcDbCircle
 10
97.49147577681009
 20
177.8164237861038
 30
0.0
 40
1.0
  0
LINE
  5
5996
330
1F
100
AcDbEntity
  8
Cut
100
AcDbLine
 10
101.0816861008159
 20
185.2778525504714
 30
0.0
 11
109.0787186577565
 21
179.4309228086358
 31
0.0
  0
ARC
  5
5997
330
1F
100
AcDbEntity
  8
Cut
100
AcDbCircle
 10
100.4914757768119
 20
184.4706030392053
 30
0.0
 40
1.0
100
AcDbArc
 50
53.82806514972815
 51
180.0
  0
LINE
  5
5998
330
1F
100
AcDbEntity
  8
Cut
100
AcDbLine
 10
114.8155919159293
 20
215.6924945726309
 30
0.0
 11
111.6654643922061
 21
218.8426220963547
 31
0.0
  0
ARC
  5
5999
330
1F
100
AcDbEntity
  8
Cut
100
AcDbCircle
 10
112.3725711733927
 20
219.5497288775414
 30
0.0
 40
1.0
100
AcDbArc
 50
180.0
 51
224.9999999999908
  0
LINE
  5
599A
330
1F
100
AcDbEntity
  8
Cut
100
AcDbLine
 10
113.1482731753613
 20
225.3647660371476
 30
0.0
 11
115.5226986971151
 21
225.3647660371476
 31
0.0
  0
ARC
  5
599B
330
1F
100
AcDbEntity
  8
Cut
100
AcDbCircle
 10
113.1482731753613
 20
224.3647660371475
 30
0.0
 40
1.0
100
AcDbArc
 50
90.0
 51
134.1168318182061
  0
LINE
  5
599C
330
1F
100
AcDbEntity
  8
Cut
100
AcDbLine
 10
111.6764474424055
 20
224.3305383265124
 30
0.0
 11
112.4521494443741
 21
225.0826878651738
 31
0.0
  0
ARC
  5
599D
330
1F
100
AcDbEntity
  8
Cut
100
AcDbCircle
 10
112.3725711733927
 20
223.6126164984862
 30
0.0
 40
1.0
100
AcDbArc
 50
134.1168318182061
 51
180.0
  0
ARC
  5
599E
330
1F
100
AcDbEntity
  8
Cut
100
AcDbCircle
 10
115.522698697116
 20
216.3996013538176
 30
0.0
 40
1.0
100
AcDbArc
 50
224.9999999999931
 51
314.9999999999977
  0
LINE
  5
599F
330
1F
100
AcDbEntity
  8
Cut
100
AcDbLine
 10
111.3725711733927
 20
219.5497288775414
 30
0.0
 11
111.3725711733927
 21
223.6126164984862
 31
0.0
  0
LINE
  5
59A0
330
1F
100
AcDbEntity
  8
Cut
100
AcDbLine
 10
101.0816861008158
 20
170.3549950217366
 30
0.0
 11
109.0787186577565
 21
176.2019247635721
 31
0.0
  0
ARC
  5
59A1
330
1F
100
AcDbEntity
  8
Cut
100
AcDbCircle
 10
100.4914757768118
 20
171.1622445330022
 30
0.0
 40
1.0
100
AcDbArc
 50
180.0
 51
306.1719348502718
  0
ARC
  5
59A2
330
1F
100
AcDbEntity
  8
Cut
100
AcDbCircle
 10
107.8982980097485
 20
177.8164237861038
 30
0.0
 40
2.0
100
AcDbArc
 50
306.1719348502718
 51
53.82806514972815
  0
LINE
  5
59A3
330
1F
100
AcDbEntity
  8
Cut
100
AcDbLine
 10
113.5230025402803
 20
206.8159688807264
 30
0.0
 11
113.5230025402803
 21
213.0839278358471
 31
0.0
  0
ARC
  5
59A4
330
1F
100
AcDbEntity
  8
Cut
100
AcDbCircle
 10
112.5230025402803
 20
206.8159688807264
 30
0.0
 40
1.0
100
AcDbArc
 50
234.6335163003509
 51
0.0
  0
ARC
  5
59A5
330
1F
100
AcDbEntity
  8
Cut
100
AcDbCircle
 10
112.5230025402803
 20
213.0839278358471
 30
0.0
 40
1.0
100
AcDbArc
 50
0.0
 51
45.0000000000023
  0
LINE
  5
59A6
330
1F
100
AcDbEntity
  8
Cut
100
AcDbLine
 10
113.2301093214669
 20
213.7910346170338
 30
0.0
 11
111.7534012731128
 21
215.2677426653877
 31
0.0
  0
ARC
  5
59A7
330
1F
100
AcDbEntity
  8
Cut
100
AcDbCircle
 10
111.0462944919263
 20
214.5606358842015
 30
0.0
 40
1.0
100
AcDbArc
 50
44.99999999999309
 51
124.2668358576436
  0
LINE
  5
59A8
330
1F
100
AcDbEntity
  8
Cut
100
AcDbLine
 10
108.9636162819958
 20
208.1160687171837
 30
0.0
 11
111.9441982921612
 21
206.0005023624935
 31
0.0
  0
LINE
  5
59A9
330
1F
100
AcDbEntity
  8
Cut
100
AcDbLine
 10
110.4832467024506
 20
215.3870602223997
 30
0.0
 11
108.9793727406392
 21
214.3624619976017
 31
0.0
  0
ARC
  5
59AA
330
1F
100
AcDbEntity
  8
Cut
100
AcDbCircle
 10
109.5424205301148
 20
213.5360376594035
 30
0.0
 40
1.0
100
AcDbArc
 50
124.2668358576436
 51
180.0
  0
LINE
  5
59AB
330
1F
100
AcDbEntity
  8
Cut
100
AcDbLine
 10
108.5424205301148
 20
213.5360376594035
 30
0.0
 11
108.5424205301148
 21
208.9315352354169
 31
0.0
  0
ARC
  5
59AC
330
1F
100
AcDbEntity
  8
Cut
100
AcDbCircle
 10
109.5424205301148
 20
208.9315352354169
 30
0.0
 40
1.0
100
AcDbArc
 50
180.0
 51
234.6335163003509
  0
LINE
  5
59AE
330
1F
100
AcDbEntity
  8
Cut
100
AcDbLine
 10
109.419087237849
 20
204.8929405862605
 30
0.0
 11
113.1018067883993
 21
202.2790089620567
 31
0.0
  0
ARC
  5
59AF
330
1F
100
AcDbEntity
  8
Cut
100
AcDbCircle
 10
108.8402829897299
 20
204.0774740680272
 30
0.0
 40
1.0
100
AcDbArc
 50
54.63351630035088
 51
180.0
  0
LINE
  5
59B0
330
1F
100
AcDbEntity
  8
Cut
100
AcDbLine
 10
107.8402829897299
 20
204.0774740680272
 30
0.0
 11
107.8402829897299
 21
201.4159516823788
 31
0.0
  0
LINE
  5
59B1
330
1F
100
AcDbEntity
  8
Cut
100
AcDbLine
 10
109.8376127127881
 20
148.0248115020113
 30
0.0
 11
106.8755909796069
 21
150.399284857493
 31
0.0
  0
LINE
  5
59B2
330
1F
100
AcDbEntity
  8
Cut
100
AcDbLine
 10
106.5010656794308
 20
151.179529306291
 30
0.0
 11
106.5010656794308
 21
158.5654937141389
 31
0.0
  0
ARC
  5
59B3
330
1F
100
AcDbEntity
  8
Cut
100
AcDbCircle
 10
107.5010656794308
 20
151.179529306291
 30
0.0
 40
1.0
100
AcDbArc
 50
180.0
 51
231.2829623545342
  0
LINE
  5
59B4
330
1F
100
AcDbEntity
  8
Cut
100
AcDbLine
 10
111.2309462831564
 20
148.1644369104065
 30
0.0
 11
112.7905575527116
 21
150.0338183561666
 31
0.0
  0
ARC
  5
59B5
330
1F
100
AcDbEntity
  8
Cut
100
AcDbCircle
 10
110.463087412612
 20
148.8050559508092
 30
0.0
 40
1.0
100
AcDbArc
 50
231.2829623545342
 51
320.1620047152526
  0
LINE
  5
59B6
330
1F
100
AcDbEntity
  8
Cut
100
AcDbLine
 10
113.0226986821671
 20
155.8514179898575
 30
0.0
 11
113.0226986821671
 21
150.6744373965694
 31
0.0
  0
ARC
  5
59B7
330
1F
100
AcDbEntity
  8
Cut
100
AcDbCircle
 10
112.0226986821671
 20
150.6744373965694
 30
0.0
 40
1.0
100
AcDbArc
 50
320.1620047152526
 51
0.0
  0
ARC
  5
59B8
330
1F
100
AcDbEntity
  8
Cut
100
AcDbCircle
 10
112.0226986821671
 20
155.8514179898575
 30
0.0
 40
1.0
100
AcDbArc
 50
0.0
 51
59.02603355891935
  0
LINE
  5
59B9
330
1F
100
AcDbEntity
  8
Cut
100
AcDbLine
 10
112.5373472316878
 20
156.7088192205983
 30
0.0
 11
108.0157142289516
 21
159.4228949448798
 31
0.0
  0
ARC
  5
59BA
330
1F
100
AcDbEntity
  8
Cut
100
AcDbCircle
 10
107.5010656794308
 20
158.5654937141389
 30
0.0
 40
1.0
100
AcDbArc
 50
59.02603355891935
 51
180.0
  0
LINE
  5
59BB
330
1F
100
AcDbEntity
  8
Cut
100
AcDbLine
 10
116.2298054782189
 20
215.6924945726309
 30
0.0
 11
119.3799330019422
 21
218.8426220963547
 31
0.0
  0
ARC
  5
59BC
330
1F
100
AcDbEntity
  8
Cut
100
AcDbCircle
 10
118.6728262207556
 20
219.5497288775414
 30
0.0
 40
1.0
100
AcDbArc
 50
315.0000000000092
 51
0.0
  0
LINE
  5
59BD
330
1F
100
AcDbEntity
  8
Cut
100
AcDbLine
 10
117.8971242187869
 20
225.3647660371476
 30
0.0
 11
115.5226986970331
 21
225.3647660371476
 31
0.0
  0
LINE
  5
59BE
330
1F
100
AcDbEntity
  8
Cut
100
AcDbLine
 10
119.3689499517427
 20
224.3305383265124
 30
0.0
 11
118.5932479497741
 21
225.0826878651738
 31
0.0
  0
ARC
  5
59BF
330
1F
100
AcDbEntity
  8
Cut
100
AcDbCircle
 10
117.8971242187869
 20
224.3647660371475
 30
0.0
 40
1.0
100
AcDbArc
 50
45.88316818179381
 51
90.0
  0
ARC
  5
59C0
330
1F
100
AcDbEntity
  8
Cut
100
AcDbCircle
 10
118.6728262207555
 20
223.6126164984862
 30
0.0
 40
1.0
100
AcDbArc
 50
0.0
 51
45.88316818179381
  0
LINE
  5
59C1
330
1F
100
AcDbEntity
  8
Cut
100
AcDbLine
 10
119.6728262207556
 20
219.5497288775414
 30
0.0
 11
119.6728262207555
 21
223.6126164984862
 31
0.0
  0
LINE
  5
59C2
330
1F
100
AcDbEntity
  8
Cut
100
AcDbLine
 10
117.5223948538681
 20
206.8159688807264
 30
0.0
 11
117.5223948538681
 21
213.0839278358471
 31
0.0
  0
ARC
  5
59C3
330
1F
100
AcDbEntity
  8
Cut
100
AcDbCircle
 10
118.5223948538681
 20
206.8159688807264
 30
0.0
 40
1.0
100
AcDbArc
 50
180.0
 51
305.3664836996491
  0
ARC
  5
59C4
330
1F
100
AcDbEntity
  8
Cut
100
AcDbCircle
 10
118.5223948538681
 20
213.0839278358471
 30
0.0
 40
1.0
100
AcDbArc
 50
135.0000000000069
 51
180.0
  0
LINE
  5
59C5
330
1F
100
AcDbEntity
  8
Cut
100
AcDbLine
 10
117.8152880726814
 20
213.7910346170338
 30
0.0
 11
119.2919961210355
 21
215.2677426653877
 31
0.0
  0
ARC
  5
59C6
330
1F
100
AcDbEntity
  8
Cut
100
AcDbCircle
 10
119.999102902222
 20
214.5606358842015
 30
0.0
 40
1.0
100
AcDbArc
 50
55.73316414235636
 51
135.0000000000069
  0
LINE
  5
59C7
330
1F
100
AcDbEntity
  8
Cut
100
AcDbLine
 10
122.0817811121525
 20
208.1160687171837
 30
0.0
 11
119.1011991019871
 21
206.0005023624935
 31
0.0
  0
LINE
  5
59C8
330
1F
100
AcDbEntity
  8
Cut
100
AcDbLine
 10
120.5621506916977
 20
215.3870602223997
 30
0.0
 11
122.0660246535091
 21
214.3624619976017
 31
0.0
  0
ARC
  5
59C9
330
1F
100
AcDbEntity
  8
Cut
100
AcDbCircle
 10
121.5029768640335
 20
213.5360376594035
 30
0.0
 40
1.0
100
AcDbArc
 50
0.0
 51
55.73316414235636
  0
LINE
  5
59CA
330
1F
100
AcDbEntity
  8
Cut
100
AcDbLine
 10
122.5029768640335
 20
213.5360376594035
 30
0.0
 11
122.5029768640335
 21
208.9315352354169
 31
0.0
  0
ARC
  5
59CB
330
1F
100
AcDbEntity
  8
Cut
100
AcDbCircle
 10
121.5029768640335
 20
208.9315352354169
 30
0.0
 40
1.0
100
AcDbArc
 50
305.3664836996491
 51
0.0
  0
CIRCLE
  5
59CE
330
1F
100
AcDbEntity
  8
Cut
100
AcDbCircle
 10
64.51262328413259
 20
211.1700427680753
 30
0.0
 40
1.0
  0
CIRCLE
  5
59CF
330
1F
100
AcDbEntity
  8
Cut
100
AcDbCircle
 10
73.40600321772928
 20
212.5512716979411
 30
0.0
 40
1.0
  0
CIRCLE
  5
59D0
330
1F
100
AcDbEntity
  8
Cut
100
AcDbCircle
 10
68.26869878608994
 20
216.3073471998195
 30
0.0
 40
0.9999999999999998
  0
CIRCLE
  5
59D1
330
1F
100
AcDbEntity
  8
Cut
100
AcDbCircle
 10
69.6499277157697
 20
207.413967266194
 30
0.0
 40
0.9999999999999998
  0
CIRCLE
  5
59D2
330
1F
100
AcDbEntity
  8
Cut
100
AcDbCircle
 10
64.51262328413259
 20
144.4628048041313
 30
0.0
 40
1.0
  0
CIRCLE
  5
59D3
330
1F
100
AcDbEntity
  8
Cut
100
AcDbCircle
 10
73.40600321772928
 20
143.0815758742656
 30
0.0
 40
1.0
  0
CIRCLE
  5
59D4
330
1F
100
AcDbEntity
  8
Cut
100
AcDbCircle
 10
68.26869878608994
 20
139.3255003723866
 30
0.0
 40
0.9999999999999998
  0
CIRCLE
  5
59D5
330
1F
100
AcDbEntity
  8
Cut
100
AcDbCircle
 10
69.6499277157697
 20
148.2188803060125
 30
0.0
 40
0.9999999999999998
  0
CIRCLE
  5
59D6
330
1F
100
AcDbEntity
  8
Cut
100
AcDbCircle
 10
166.5327741100158
 20
211.1700427680753
 30
0.0
 40
1.0
  0
CIRCLE
  5
59D7
330
1F
100
AcDbEntity
  8
Cut
100
AcDbCircle
 10
157.6393941764191
 20
212.5512716979411
 30
0.0
 40
1.0
  0
CIRCLE
  5
59D8
330
1F
100
AcDbEntity
  8
Cut
100
AcDbCircle
 10
162.7766986080584
 20
216.3073471998195
 30
0.0
 40
0.9999999999999998
  0
CIRCLE
  5
59D9
330
1F
100
AcDbEntity
  8
Cut
100
AcDbCircle
 10
161.3954696783786
 20
207.413967266194
 30
0.0
 40
0.9999999999999998
  0
CIRCLE
  5
59DA
330
1F
100
AcDbEntity
  8
Cut
100
AcDbCircle
 10
166.5327741100158
 20
144.4628048041313
 30
0.0
 40
1.0
  0
CIRCLE
  5
59DB
330
1F
100
AcDbEntity
  8
Cut
100
AcDbCircle
 10
157.6393941764191
 20
143.0815758742656
 30
0.0
 40
1.0
  0
CIRCLE
  5
59DC
330
1F
100
AcDbEntity
  8
Cut
100
AcDbCircle
 10
162.7766986080584
 20
139.3255003723866
 30
0.0
 40
0.9999999999999998
  0
CIRCLE
  5
59DD
330
1F
100
AcDbEntity
  8
Cut
100
AcDbCircle
 10
161.3954696783786
 20
148.2188803060125
 30
0.0
 40
0.9999999999999998
  0
LINE
  5
59DF
330
1F
100
AcDbEntity
  8
Cut
100
AcDbLine
 10
60.31778728549619
 20
217.4058161499652
 30
0.0
 11
60.94292101017817
 21
214.0255410005429
 31
0.0
  0
ARC
  5
59E0
330
1F
100
AcDbEntity
  8
Cut
100
AcDbCircle
 10
61.78672268142435
 20
214.1815900966435
 30
0.0
 40
0.8581098885273911
100
AcDbArc
 50
190.4776587483222
 51
297.0927739243723
  0
LINE
  5
59E1
330
1F
100
AcDbEntity
  8
Cut
100
AcDbLine
 10
62.17753392566755
 20
213.417640391388
 30
0.0
 11
64.52983678075492
 21
214.6210002452044
 31
0.0
  0
LINE
  5
59E2
330
1F
100
AcDbEntity
  8
Cut
100
AcDbLine
 10
65.41873563142536
 20
217.8507354872754
 30
0.0
 11
64.9855230567585
 21
215.2442569193663
 31
0.0
  0
ARC
  5
59E3
330
1F
100
AcDbEntity
  8
Cut
100
AcDbCircle
 10
64.57223811117393
 20
217.9914285183691
 30
0.0
 40
0.8581098885273911
100
AcDbArc
 50
350.5633563749786
 51
97.17847155113503
  0
ARC
  5
59E4
330
1F
100
AcDbEntity
  8
Cut
100
AcDbCircle
 10
64.13902553651013
 20
215.3849499504604
 30
0.0
 40
0.858109888527391
100
AcDbArc
 50
297.0927739243723
 51
350.5633563750846
  0
LINE
  5
59E5
330
1F
100
AcDbEntity
  8
Cut
100
AcDbLine
 10
61.05435916299569
 20
218.4132490326874
 30
0.0
 11
64.46500831743043
 21
218.8428123049907
 31
0.0
  0
ARC
  5
59E6
330
1F
100
AcDbEntity
  8
Cut
100
AcDbCircle
 10
61.16158895674079
 20
217.5618652460662
 30
0.0
 40
0.8581098885273911
100
AcDbArc
 50
97.17847155118754
 51
190.4776587482691
  0
LINE
  5
59E7
330
1F
100
AcDbEntity
  8
Cut
100
AcDbLine
 10
99.49147577681186
 20
171.1622445330022
 30
0.0
 11
99.49147577681191
 21
184.4706030392053
 31
0.0
  0
LINE
  5
59E8
330
1F
100
AcDbEntity
  8
Cut
100
AcDbLine
 10
60.31778728549619
 20
138.2270314222433
 30
0.0
 11
60.94292101017817
 21
141.6073065716646
 31
0.0
  0
ARC
  5
59E9
330
1F
100
AcDbEntity
  8
Cut
100
AcDbCircle
 10
61.78672268142435
 20
141.4512574755645
 30
0.0
 40
0.8581098885273911
100
AcDbArc
 50
62.90722607563353
 51
169.5223412516778
  0
LINE
  5
59EA
330
1F
100
AcDbEntity
  8
Cut
100
AcDbLine
 10
62.17753392566755
 20
142.2152071808195
 30
0.0
 11
64.52983678075492
 21
141.0118473270036
 31
0.0
  0
LINE
  5
59EB
330
1F
100
AcDbEntity
  8
Cut
100
AcDbLine
 10
65.41873563142536
 20
137.782112084933
 30
0.0
 11
64.9855230567585
 21
140.3885906528412
 31
0.0
  0
ARC
  5
59EC
330
1F
100
AcDbEntity
  8
Cut
100
AcDbCircle
 10
64.57223811117393
 20
137.6414190538389
 30
0.0
 40
0.8581098885273911
100
AcDbArc
 50
262.821528448865
 51
9.436643625021339
  0
ARC
  5
59ED
330
1F
100
AcDbEntity
  8
Cut
100
AcDbCircle
 10
64.13902553651013
 20
140.2478976217476
 30
0.0
 40
0.858109888527391
100
AcDbArc
 50
9.436643624915324
 51
62.90722607563353
  0
LINE
  5
59EE
330
1F
100
AcDbEntity
  8
Cut
100
AcDbLine
 10
61.05435916299569
 20
137.2195985395205
 30
0.0
 11
64.46500831743043
 21
136.7900352672177
 31
0.0
  0
ARC
  5
59EF
330
1F
100
AcDbEntity
  8
Cut
100
AcDbCircle
 10
61.16158895674079
 20
138.0709823261422
 30
0.0
 40
0.8581098885273911
100
AcDbArc
 50
169.5223412517308
 51
262.8215284488125
  0
LWPOLYLINE
  5
59F0
330
1F
100
AcDbEntity
  8
Cut
100
AcDbPolyline
 90
       10
 70
   128
 43
0.0
 10
115.5226986970742
 20
193.4180530457379
 42
-0.1226807405682734
 10
114.1153678175623
 20
193.7686342801271
 10
110.5826430047173
 20
195.6451638731332
 42
0.4214476686908196
 10
109.2191055205468
 20
195.2092378800962
 10
106.771786062799
 20
190.3145989646036
 42
0.3010122909466801
 10
106.878501960456
 20
189.4378569154887
 10
112.283145980888
 20
183.0974526878945
 42
0.219659751541061
 10
112.8919718360311
 20
182.8164238606096
 10
113.7226986821651
 20
182.8164238606096
 10
115.5226986970742
 20
182.8164238606096
  0
LWPOLYLINE
  5
59F1
330
1F
100
AcDbEntity
  8
Cut
100
AcDbPolyline
 90
       10
 70
   128
 43
0.0
 10
115.5226986970742
 20
193.4180530457379
 42
0.1226807405682734
 10
116.9300295765861
 20
193.7686342801271
 10
120.4627543894311
 20
195.6451638731332
 42
-0.4214476686908196
 10
121.8262918736016
 20
195.2092378800962
 10
124.2736113313494
 20
190.3145989646036
 42
-0.3010122909466801
 10
124.1668954336923
 20
189.4378569154887
 10
118.7622514132603
 20
183.0974526878945
 42
-0.219659751541061
 10
118.1534255581172
 20
182.8164238606096
 10
117.3226987119832
 20
182.8164238606096
 10
115.5226986970742
 20
182.8164238606096
  0
LINE
  5
59F2
330
1F
100
AcDbEntity
  8
Cut
100
AcDbLine
 10
108.2924866003437
 20
200.5793399948106
 30
0.0
 11
111.9752061508941
 21
198.1679698180714
 31
0.0
  0
ARC
  5
59F3
330
1F
100
AcDbEntity
  8
Cut
100
AcDbCircle
 10
108.8402829897299
 20
201.4159516823788
 30
0.0
 40
1.0
100
AcDbArc
 50
180.0
 51
236.7840329710368
  0
LINE
  5
59F4
330
1F
100
AcDbEntity
  8
Cut
100
AcDbLine
 10
113.5230025402803
 20
199.0045815056396
 30
0.0
 11
113.5230025402803
 21
201.4635424438229
 31
0.0
  0
ARC
  5
59F5
330
1F
100
AcDbEntity
  8
Cut
100
AcDbCircle
 10
112.5230025402803
 20
201.4635424438229
 30
0.0
 40
1.0
100
AcDbArc
 50
0.0
 51
54.63351630035088
  0
ARC
  5
59F6
330
1F
100
AcDbEntity
  8
Cut
100
AcDbCircle
 10
112.5230025402803
 20
199.0045815056396
 30
0.0
 40
1.0
100
AcDbArc
 50
236.7840329710368
 51
0.0
  0
CIRCLE
  5
59F7
330
1F
100
AcDbEntity
  8
Cut
100
AcDbCircle
 10
133.5539216173382
 20
177.8164237861038
 30
0.0
 40
1.0
  0
LINE
  5
59F8
330
1F
100
AcDbEntity
  8
Cut
100
AcDbLine
 10
129.9637112933324
 20
185.2778525504714
 30
0.0
 11
121.9666787363917
 21
179.4309228086358
 31
0.0
  0
ARC
  5
59F9
330
1F
100
AcDbEntity
  8
Cut
100
AcDbCircle
 10
130.5539216173364
 20
184.4706030392053
 30
0.0
 40
1.0
100
AcDbArc
 50
0.0
 51
126.1719348502718
  0
LINE
  5
59FA
330
1F
100
AcDbEntity
  8
Cut
100
AcDbLine
 10
129.9637112933324
 20
170.3549950217366
 30
0.0
 11
121.9666787363917
 21
176.2019247635721
 31
0.0
  0
ARC
  5
59FB
330
1F
100
AcDbEntity
  8
Cut
100
AcDbCircle
 10
130.5539216173364
 20
171.1622445330022
 30
0.0
 40
1.0
100
AcDbArc
 50
233.8280651497281
 51
0.0
  0
ARC
  5
59FC
330
1F
100
AcDbEntity
  8
Cut
100
AcDbCircle
 10
123.1470993843998
 20
177.8164237861038
 30
0.0
 40
2.0
100
AcDbArc
 50
126.1719348502718
 51
233.8280651497281
  0
LINE
  5
59FD
330
1F
100
AcDbEntity
  8
Cut
100
AcDbLine
 10
131.5539216173364
 20
171.1622445330022
 30
0.0
 11
131.5539216173364
 21
184.4706030392053
 31
0.0
  0
LINE
  5
59FE
330
1F
100
AcDbEntity
  8
Cut
100
AcDbLine
 10
170.7276101086522
 20
217.4058161499652
 30
0.0
 11
170.1024763839702
 21
214.0255410005429
 31
0.0
  0
ARC
  5
59FF
330
1F
100
AcDbEntity
  8
Cut
100
AcDbCircle
 10
169.258674712724
 20
214.1815900966435
 30
0.0
 40
0.8581098885273911
100
AcDbArc
 50
242.9072260756277
 51
349.5223412516645
  0
LINE
  5
5A00
330
1F
100
AcDbEntity
  8
Cut
100
AcDbLine
 10
168.8678634684808
 20
213.417640391388
 30
0.0
 11
166.5155606133934
 21
214.6210002452044
 31
0.0
  0
LINE
  5
5A01
330
1F
100
AcDbEntity
  8
Cut
100
AcDbLine
 10
165.626661762723
 20
217.8507354872754
 30
0.0
 11
166.0598743373899
 21
215.2442569193663
 31
0.0
  0
ARC
  5
5A02
330
1F
100
AcDbEntity
  8
Cut
100
AcDbCircle
 10
166.4731592829744
 20
217.9914285183691
 30
0.0
 40
0.8581098885273911
100
AcDbArc
 50
82.821528448865
 51
189.4366436250213
  0
ARC
  5
5A03
330
1F
100
AcDbEntity
  8
Cut
100
AcDbCircle
 10
166.9063718576382
 20
215.3849499504604
 30
0.0
 40
0.858109888527391
100
AcDbArc
 50
189.4366436249153
 51
242.9072260756277
  0
LINE
  5
5A04
330
1F
100
AcDbEntity
  8
Cut
100
AcDbLine
 10
169.9910382311527
 20
218.4132490326874
 30
0.0
 11
166.5803890767179
 21
218.8428123049907
 31
0.0
  0
ARC
  5
5A05
330
1F
100
AcDbEntity
  8
Cut
100
AcDbCircle
 10
169.8838084374076
 20
217.5618652460662
 30
0.0
 40
0.8581098885273911
100
AcDbArc
 50
349.5223412517308
 51
82.82152844881247
  0
LINE
  5
5A06
330
1F
100
AcDbEntity
  8
Cut
100
AcDbLine
 10
170.7276101086522
 20
138.2270314222433
 30
0.0
 11
170.1024763839702
 21
141.6073065716646
 31
0.0
  0
ARC
  5
5A07
330
1F
100
AcDbEntity
  8
Cut
100
AcDbCircle
 10
169.258674712724
 20
141.4512574755645
 30
0.0
 40
0.8581098885273911
100
AcDbArc
 50
10.47765874832219
 51
117.0927739243665
  0
LINE
  5
5A08
330
1F
100
AcDbEntity
  8
Cut
100
AcDbLine
 10
168.8678634684808
 20
142.2152071808195
 30
0.0
 11
166.5155606133934
 21
141.0118473270036
 31
0.0
  0
LINE
  5
5A09
330
1F
100
AcDbEntity
  8
Cut
100
AcDbLine
 10
165.626661762723
 20
137.782112084933
 30
0.0
 11
166.0598743373899
 21
140.3885906528412
 31
0.0
  0
ARC
  5
5A0A
330
1F
100
AcDbEntity
  8
Cut
100
AcDbCircle
 10
166.4731592829744
 20
137.6414190538389
 30
0.0
 40
0.8581098885273911
100
AcDbArc
 50
170.5633563749787
 51
277.178471551135
  0
ARC
  5
5A0B
330
1F
100
AcDbEntity
  8
Cut
100
AcDbCircle
 10
166.9063718576382
 20
140.2478976217476
 30
0.0
 40
0.858109888527391
100
AcDbArc
 50
117.0927739243665
 51
170.5633563750847
  0
LINE
  5
5A0C
330
1F
100
AcDbEntity
  8
Cut
100
AcDbLine
 10
169.9910382311527
 20
137.2195985395205
 30
0.0
 11
166.5803890767179
 21
136.7900352672177
 31
0.0
  0
ARC
  5
5A0D
330
1F
100
AcDbEntity
  8
Cut
100
AcDbCircle
 10
169.8838084374076
 20
138.0709823261422
 30
0.0
 40
0.8581098885273911
100
AcDbArc
 50
277.1784715511875
 51
10.47765874826917
  0
CIRCLE
  5
5A0E
330
1F
100
AcDbEntity
  8
Cut
100
AcDbCircle
 10
313.5126036346605
 20
208.2134704569976
 30
0.0
 40
1.0
  0
LWPOLYLINE
  5
5A0F
330
1F
100
AcDbEntity
  8
Cut
100
AcDbPolyline
 90
        8
 70
     1
 43
0.0
 10
322.5626035303517
 20
206.2966099899227
 10
322.5626035303517
 20
203.4966099899225
 42
-1.0
 10
322.5626035303517
 20
201.8966099899221
 10
320.4626036346606
 20
201.8966099899221
 42
-1.0
 10
320.4626036346606
 20
203.4966099899225
 10
320.4626036346606
 20
206.2966099899227
 42
-1.0
 10
320.4626036346606
 20
207.8966099899221
 10
322.5626035303517
 20
207.8966099899221
 42
-1.0
  0
LWPOLYLINE
  5
5A10
330
1F
100
AcDbEntity
  8
Cut
100
AcDbPolyline
 90
       67
 70
   129
 43
0.0
 10
314.280462505205
 20
154.2638382451173
 42
0.4680299640774991
 10
312.744744764116
 20
154.2638382451173
 10
307.7038008365537
 20
148.2216614339763
 42
-0.2224363999815613
 10
306.1680830954656
 20
147.5028995147809
 10
304.1625469253741
 20
147.5028995147809
 42
-0.4141136240756063
 10
302.1625470418072
 20
149.502217069301
 10
302.157528003481
 20
164.2111958335781
 42
0.2428796981616382
 10
301.7363323622901
 20
165.0261918390902
 10
301.079214532125
 20
165.4926028849272
 42
-0.2430042688561865
 10
300.4474209043049
 20
166.7158026622755
 10
300.4474209043049
 20
168.3287799774944
 42
-0.2430042688564727
 10
301.079214532125
 20
169.5519797548436
 10
301.74101889433
 20
170.0217172213165
 42
0.2430059171593061
 10
302.1622146461921
 20
170.8371899651306
 10
302.162102805068
 20
198.4788128836103
 42
0.1989113158294729
 10
301.8692095862626
 20
199.1859156186842
 10
300.5326993403937
 20
200.522425864553
 42
-0.1989123673796956
 10
300.2398061215806
 20
201.2295326457393
 10
300.2406882524137
 20
213.4051505009779
 42
-0.1880176681474144
 10
300.5326993403937
 20
214.0702634312779
 10
301.969710468005
 20
215.50727455889
 42
-0.1989123673796859
 10
302.6768172491917
 20
215.8001677777033
 10
304.0626037389686
 20
215.8001677777033
 42
-0.4142135623730534
 10
304.4626037389687
 20
215.4001677777037
 10
304.4626037389678
 20
214.8669677777034
 42
0.9999999999999642
 10
304.4626037389687
 20
213.2669677777035
 10
306.5626036346607
 20
213.2669677777035
 42
0.9999999999999998
 10
306.5626036346607
 20
214.8669677777034
 10
306.5626036346607
 20
215.8001677777033
 10
308.0586693496499
 20
215.8001677777033
 42
-0.2539340380393453
 10
308.8972711288683
 20
215.3449127234271
 10
310.7306714288511
 20
212.5225042446432
 42
0.1754435817465023
 10
311.8168207302428
 20
211.7013254402595
 10
313.2670765061389
 20
211.2526972442679
 42
0.0625780914076493
 10
313.5126036346605
 20
211.209282374411
 42
0.0625780914076493
 10
313.7581307631822
 20
211.2526972442679
 10
315.2083865390782
 20
211.7013254402595
 42
0.1754435817465023
 10
316.29453584047
 20
212.5225042446432
 10
318.1279361404528
 20
215.3449127234271
 42
-0.2539340380393453
 10
318.9665379196712
 20
215.8001677777033
 10
320.4626036346604
 20
215.8001677777033
 10
320.4626036346604
 20
214.8669677777034
 42
0.9999999999999998
 10
320.4626036346604
 20
213.2669677777035
 10
322.5626035303524
 20
213.2669677777035
 42
0.9999999999999642
 10
322.5626035303533
 20
214.8669677777034
 10
322.5626035303524
 20
215.4001677777037
 42
-0.4142135623730534
 10
322.9626035303525
 20
215.8001677777033
 10
324.3483900201294
 20
215.8001677777033
 42
-0.1989123673796859
 10
325.055496801316
 20
215.50727455889
 10
326.4925079289274
 20
214.0702634312779
 42
-0.1880176681474144
 10
326.7845190169073
 20
213.4051505009779
 10
326.7854011477405
 20
201.2295326457393
 42
-0.1989123673796956
 10
326.4925079289274
 20
200.522425864553
 10
325.1559976830497
 20
199.1859156186756
 42
0.1989123673797007
 10
324.8631044642361
 20
198.4788088374889
 10
324.862992623129
 20
170.8371899651306
 42
0.2430059171593061
 10
325.2841883749911
 20
170.0217172213165
 10
325.9459927371961
 20
169.5519797548436
 42
-0.2430042688564727
 10
326.5777863650162
 20
168.3287799774944
 10
326.5777863650162
 20
166.7158026622755
 42
-0.2430042688561865
 10
325.9459927371961
 20
165.4926028849272
 10
325.288874907031
 20
165.0261918390902
 42
0.2428796981616382
 10
324.86767926584
 20
164.2111958335781
 10
324.8626602275138
 20
149.502217069301
 42
-0.4141136240756063
 10
322.8626603439469
 20
147.5028995147809
 10
320.8571241738555
 20
147.5028995147809
 42
-0.2224363999815613
 10
319.3214064327674
 20
148.2216614339763
  0
CIRCLE
  5
5A11
330
1F
100
AcDbEntity
  8
Cut
100
AcDbCircle
 10
305.0122567695955
 20
150.3528995147803
 30
0.0
 40
1.0
  0
LWPOLYLINE
  5
5A12
330
1F
100
AcDbEntity
  8
Cut
100
AcDbPolyline
 90
       10
 70
     1
 43
0.0
 10
304.8099873082497
 20
155.4389086109904
 10
305.9009910325967
 20
154.2632915792278
 42
0.4488862063157069
 10
307.3950777927128
 20
154.2948866946194
 10
311.9872181287387
 20
159.6831500986304
 42
0.3544913669361938
 10
312.0180231200095
 20
160.9424434963289
 10
309.6330766156525
 20
164.0352642848461
 42
0.2325386853085913
 10
308.8411775025227
 20
164.424612342555
 10
306.301229500314
 20
164.424612342555
 42
0.3842363985479271
 10
305.3065727642775
 20
163.5278498234288
 10
304.5483232104742
 20
156.2223826626659
 42
0.2161517593759058
  0
LWPOLYLINE
  5
5A14
330
1F
100
AcDbEntity
  8
Cut
100
AcDbPolyline
 90
        8
 70
     1
 43
0.0
 10
304.4626037389687
 20
206.2966099899227
 10
304.4626037389687
 20
203.4966099899225
 42
1.0
 10
304.4626037389687
 20
201.8966099899221
 10
306.5626036346607
 20
201.8966099899221
 42
1.0
 10
306.5626036346607
 20
203.4966099899225
 10
306.5626036346607
 20
206.2966099899227
 42
1.0
 10
306.5626036346607
 20
207.8966099899221
 10
304.4626037389687
 20
207.8966099899221
 42
1.0
  0
CIRCLE
  5
5A15
330
1F
100
AcDbEntity
  8
countersunk
100
AcDbCircle
 10
305.0122567695955
 20
150.3528995147803
 30
0.0
 40
1.85
  0
CIRCLE
  5
5A16
330
1F
100
AcDbEntity
  8
countersunk
100
AcDbCircle
 10
313.5126036346605
 20
208.2134704569976
 30
0.0
 40
1.85
  0
LWPOLYLINE
  5
5A1A
330
1F
100
AcDbEntity
  8
Cut
100
AcDbPolyline
 90
       10
 70
     1
 43
0.0
 10
322.2152199611161
 20
155.4389086109904
 10
321.124216236769
 20
154.2632915792278
 42
-0.4488862063157069
 10
319.630129476653
 20
154.2948866946194
 10
315.037989140627
 20
159.6831500986304
 42
-0.3544913669361938
 10
315.0071841493562
 20
160.9424434963289
 10
317.3921306537133
 20
164.0352642848461
 42
-0.2325386853085913
 10
318.1840297668431
 20
164.424612342555
 10
320.7239777690519
 20
164.424612342555
 42
-0.3842363985479271
 10
321.7186345050883
 20
163.5278498234288
 10
322.4768840588915
 20
156.2223826626659
 42
-0.2161517593759058
  0
LWPOLYLINE
  5
5A1B
330
1F
100
AcDbEntity
  8
Calque1_pocket
100
AcDbPolyline
 90
        5
 70
     0
 43
0.0
 10
316.0910509767386
 20
191.6880777516594
 10
312.7048023689272
 20
191.6880777516594
 42
-0.2450663637303342
 10
311.766696265619
 20
192.1772529024088
 42
-0.113398850918212
 10
311.5355525867185
 20
192.7498952755209
 42
-0.0371575522549479
 10
311.4384023644666
 20
193.9102479557564
 42
-0.049183095109329
  0
LWPOLYLINE
  5
5A1C
330
1F
100
AcDbEntity
  8
Calque1_pocket
100
AcDbPolyline
 90
        5
 70
     0
 43
0.0
 10
316.0910509767386
 20
192.7280777516584
 10
312.7048023689272
 20
192.7280777516584
 42
-0.2450663637312717
 10
312.6194417910451
 20
192.7725889998078
 42
-0.1133988509190671
 10
312.5626292226038
 20
192.913338183042
 42
-0.037157552254976
 10
312.4783578819793
 20
193.9198667703536
  0
LINE
  5
5A1D
330
1F
100
AcDbEntity
  8
Calque1_pocket
100
AcDbLine
 10
311.5735185491126
 20
184.7107578663113
 30
0.0
 11
315.5175863338822
 21
184.7107578663113
 31
0.0
  0
LINE
  5
5A1E
330
1F
100
AcDbEntity
  8
Calque1_pocket
100
AcDbLine
 10
315.9122045756808
 20
183.8521187616002
 30
0.0
 11
312.7049724130125
 21
180.1147112990061
 31
0.0
  0
ARC
  5
5A1F
330
1F
100
AcDbEntity
  8
Calque1_pocket
100
AcDbCircle
 10
315.5175863338822
 20
184.1907578663117
 30
0.0
 40
0.5200000000000001
100
AcDbArc
 50
319.3656689924385
 51
90.0
  0
LWPOLYLINE
  5
5A20
330
1F
100
AcDbEntity
  8
Calque1_pocket
100
AcDbPolyline
 90
        5
 70
     0
 43
0.0
 10
311.5735185491126
 20
183.6707578663122
 10
314.3861324699806
 20
183.6707578663122
 10
311.1789003073141
 20
179.9333504037172
 42
0.6409682668034211
 10
311.5735185491126
 20
179.0747112990043
 10
315.5175863338822
 20
179.0747112990088
  0
LINE
  5
5A21
330
1F
100
AcDbEntity
  8
Calque1_pocket
100
AcDbLine
 10
312.7049724130152
 20
180.1147112990061
 30
0.0
 11
315.5175863338822
 21
180.1147112990079
 31
0.0
  0
LINE
  5
5A22
330
1F
100
AcDbEntity
  8
Calque1_pocket
100
AcDbLine
 10
315.5995634004489
 20
176.6461393844506
 30
0.0
 11
315.5995634004489
 21
174.3835192160463
 31
0.0
  0
ARC
  5
5A23
330
1F
100
AcDbEntity
  8
Calque1_pocket
100
AcDbCircle
 10
314.2995634004488
 20
176.6461393844506
 30
0.0
 40
1.3
100
AcDbArc
 50
0.0
 51
90.0
  0
LINE
  5
5A24
330
1F
100
AcDbEntity
  8
Calque1_pocket
100
AcDbLine
 10
314.2995634004488
 20
173.0835192160461
 30
0.0
 11
312.7256438688724
 21
173.0835192160461
 31
0.0
  0
ARC
  5
5A25
330
1F
100
AcDbEntity
  8
Calque1_pocket
100
AcDbCircle
 10
314.2995634004488
 20
174.3835192160463
 30
0.0
 40
1.3
100
AcDbArc
 50
270.0
 51
0.0
  0
LINE
  5
5A26
330
1F
100
AcDbEntity
  8
Calque1_pocket
100
AcDbLine
 10
314.2995634004488
 20
177.9461393844508
 30
0.0
 11
312.7256438688724
 21
177.9461393844508
 31
0.0
  0
ARC
  5
5A27
330
1F
100
AcDbEntity
  8
Calque1_pocket
100
AcDbCircle
 10
312.7256438688724
 20
176.6461393844506
 30
0.0
 40
1.3
100
AcDbArc
 50
90.0
 51
180.0
  0
ARC
  5
5A28
330
1F
100
AcDbEntity
  8
Calque1_pocket
100
AcDbCircle
 10
314.2995634004515
 20
187.022987066111
 30
0.0
 40
1.3
100
AcDbArc
 50
270.0
 51
0.0
  0
LINE
  5
5A29
330
1F
100
AcDbEntity
  8
Calque1_pocket
100
AcDbLine
 10
314.2995634004515
 20
190.6658173479049
 30
0.0
 11
312.7412067971477
 21
190.6658173479049
 31
0.0
  0
ARC
  5
5A2A
330
1F
100
AcDbEntity
  8
Calque1_pocket
100
AcDbCircle
 10
312.7412067971477
 20
189.3658173479048
 30
0.0
 40
1.3
100
AcDbArc
 50
90.0
 51
180.0
  0
ARC
  5
5A2B
330
1F
100
AcDbEntity
  8
Calque1_pocket
100
AcDbCircle
 10
312.7412067971477
 20
189.3658173479048
 30
0.0
 40
0.26
100
AcDbArc
 50
90.0
 51
180.0
  0
ARC
  5
5A2C
330
1F
100
AcDbEntity
  8
Calque1_pocket
100
AcDbCircle
 10
314.2995634004515
 20
189.3658173479048
 30
0.0
 40
1.3
100
AcDbArc
 50
0.0
 51
90.0
  0
LWPOLYLINE
  5
5A2D
330
1F
100
AcDbEntity
  8
Calque1_pocket
100
AcDbPolyline
 90
        5
 70
     0
 43
0.0
 10
312.7412067971477
 20
189.6258173479059
 10
312.958197407032
 20
189.6258173479059
 10
312.9581974070484
 20
186.2429870661076
 42
0.4142135623714801
 10
313.4781974070479
 20
185.7229870661108
 10
314.2995634004515
 20
185.7229870661108
  0
LINE
  5
5A2E
330
1F
100
AcDbEntity
  8
Calque1_pocket
100
AcDbLine
 10
311.4412067971475
 20
189.3658173479048
 30
0.0
 11
311.4412067971475
 21
187.2614383491759
 31
0.0
  0
LINE
  5
5A2F
330
1F
100
AcDbEntity
  8
Calque1_pocket
100
AcDbLine
 10
312.4812067971466
 20
189.3658173479048
 30
0.0
 11
312.4812067971466
 21
187.2614383491759
 31
0.0
  0
LINE
  5
5A30
330
1F
100
AcDbEntity
  8
Calque1_pocket
100
AcDbLine
 10
315.5995634004516
 20
189.3658173479048
 30
0.0
 11
315.5995634004516
 21
187.022987066111
 31
0.0
  0
ARC
  5
5A31
330
1F
100
AcDbEntity
  8
Calque1_pocket
100
AcDbCircle
 10
312.7256438688724
 20
174.3835192160463
 30
0.0
 40
1.3
100
AcDbArc
 50
180.0
 51
270.0
  0
LINE
  5
5A32
330
1F
100
AcDbEntity
  8
Calque1_pocket
100
AcDbLine
 10
311.4256438688721
 20
176.6461393844506
 30
0.0
 11
311.4256438688721
 21
174.3835192160463
 31
0.0
  0
LINE
  5
5A33
330
1F
100
AcDbEntity
  8
Calque1_pocket
100
AcDbLine
 10
311.4577558251299
 20
187.2614383491759
 30
0.0
 11
311.4412067971475
 21
187.2614383491759
 31
0.0
  0
ARC
  5
5A34
330
1F
100
AcDbEntity
  8
Calque1_pocket
100
AcDbCircle
 10
311.9583801232225
 20
193.9150573630536
 30
0.0
 40
0.5199999999999406
100
AcDbArc
 50
0.5299282095855113
 51
180.5299282095855
  0
ARC
  5
5A35
330
1F
100
AcDbEntity
  8
Calque1_pocket
100
AcDbCircle
 10
316.0910509767386
 20
192.2080777516589
 30
0.0
 40
0.5199999999995271
100
AcDbArc
 50
270.0
 51
90.0
  0
ARC
  5
5A36
330
1F
100
AcDbEntity
  8
Calque1_pocket
100
AcDbCircle
 10
315.5175863338822
 20
179.5947112990084
 30
0.0
 40
0.5199999999995271
100
AcDbArc
 50
270.0
 51
90.0
  0
ARC
  5
5A37
330
1F
100
AcDbEntity
  8
Calque1_pocket
100
AcDbCircle
 10
311.5735185491126
 20
184.1907578663117
 30
0.0
 40
0.5199999999995271
100
AcDbArc
 50
90.0
 51
270.0
  0
ARC
  5
5A38
330
1F
100
AcDbEntity
  8
Calque1_pocket
100
AcDbCircle
 10
311.9694813111387
 20
187.2614383491759
 30
0.0
 40
0.5117254860095045
100
AcDbArc
 50
180.0
 51
0.0
  0
LINE
  5
5A39
330
1F
100
AcDbEntity
  8
Calque1_pocket
100
AcDbLine
 10
314.5595634004499
 20
176.6461393844506
 30
0.0
 11
314.5595634004499
 21
174.3835192160463
 31
0.0
  0
ARC
  5
5A3A
330
1F
100
AcDbEntity
  8
Calque1_pocket
100
AcDbCircle
 10
314.2995634004488
 20
176.6461393844506
 30
0.0
 40
0.26
100
AcDbArc
 50
0.0
 51
90.0
  0
LINE
  5
5A3B
330
1F
100
AcDbEntity
  8
Calque1_pocket
100
AcDbLine
 10
314.2995634004488
 20
174.1235192160452
 30
0.0
 11
312.7256438688724
 21
174.1235192160452
 31
0.0
  0
ARC
  5
5A3C
330
1F
100
AcDbEntity
  8
Calque1_pocket
100
AcDbCircle
 10
314.2995634004488
 20
174.3835192160463
 30
0.0
 40
0.26
100
AcDbArc
 50
270.0
 51
0.0
  0
LINE
  5
5A3D
330
1F
100
AcDbEntity
  8
Calque1_pocket
100
AcDbLine
 10
314.2995634004488
 20
176.9061393844517
 30
0.0
 11
312.7256438688724
 21
176.9061393844517
 31
0.0
  0
ARC
  5
5A3E
330
1F
100
AcDbEntity
  8
Calque1_pocket
100
AcDbCircle
 10
312.7256438688724
 20
176.6461393844506
 30
0.0
 40
0.26
100
AcDbArc
 50
90.0
 51
180.0
  0
ARC
  5
5A3F
330
1F
100
AcDbEntity
  8
Calque1_pocket
100
AcDbCircle
 10
312.7256438688724
 20
174.3835192160463
 30
0.0
 40
0.26
100
AcDbArc
 50
180.0
 51
270.0
  0
LINE
  5
5A40
330
1F
100
AcDbEntity
  8
Calque1_pocket
100
AcDbLine
 10
312.4656438688712
 20
176.6461393844506
 30
0.0
 11
312.4656438688712
 21
174.3835192160463
 31
0.0
  0
ARC
  5
5A41
330
1F
100
AcDbEntity
  8
Calque1_pocket
100
AcDbCircle
 10
314.2995634004515
 20
187.022987066111
 30
0.0
 40
0.26
100
AcDbArc
 50
270.0
 51
0.0
  0
ARC
  5
5A42
330
1F
100
AcDbEntity
  8
Calque1_pocket
100
AcDbCircle
 10
314.2995634004515
 20
189.3658173479048
 30
0.0
 40
0.26
100
AcDbArc
 50
0.0
 51
90.0
  0
LWPOLYLINE
  5
5A43
330
1F
100
AcDbEntity
  8
Calque1_pocket
100
AcDbPolyline
 90
        4
 70
     0
 43
0.0
 10
314.2995634004515
 20
189.6258173479059
 10
313.9981974070311
 20
189.6258173479059
 10
313.9981974070456
 20
186.7629870661098
 10
314.2995634004515
 20
186.7629870661098
  0
LINE
  5
5A44
330
1F
100
AcDbEntity
  8
Calque1_pocket
100
AcDbLine
 10
314.5595634004526
 20
189.3658173479048
 30
0.0
 11
314.5595634004526
 21
187.022987066111
 31
0.0
  0
CIRCLE
  5
5A45
330
1F
100
AcDbEntity
  8
Cut
100
AcDbCircle
 10
107.0223518320092
 20
145.5752492690262
 30
0.0
 40
1.0
  0
CIRCLE
  5
5A46
330
1F
100
AcDbEntity
  8
Cut
100
AcDbCircle
 10
322.0129504997256
 20
150.3528995147803
 30
0.0
 40
1.0
  0
CIRCLE
  5
5A47
330
1F
100
AcDbEntity
  8
countersunk
100
AcDbCircle
 10
322.0129504997256
 20
150.3528995147803
 30
0.0
 40
1.85
  0
CIRCLE
  5
5A48
330
1F
100
AcDbEntity
  8
Cut
100
AcDbCircle
 10
124.0230455621392
 20
145.5752492690262
 30
0.0
 40
1.0
  0
LINE
  5
5A4A
330
1F
100
AcDbEntity
  8
Cut
100
AcDbLine
 10
121.2077846813602
 20
148.0248115020113
 30
0.0
 11
124.1698064145415
 21
150.399284857493
 31
0.0
  0
ARC
  5
5A4B
330
1F
100
AcDbEntity
  8
Cut
100
AcDbCircle
 10
120.5823099815363
 20
148.8050559508092
 30
0.0
 40
1.0
100
AcDbArc
 50
219.8379952847474
 51
308.7170376454658
  0
LINE
  5
5A4C
330
1F
100
AcDbEntity
  8
Cut
100
AcDbLine
 10
124.5443317147175
 20
151.179529306291
 30
0.0
 11
124.5443317147175
 21
158.5654937141389
 31
0.0
  0
ARC
  5
5A4D
330
1F
100
AcDbEntity
  8
Cut
100
AcDbCircle
 10
123.5443317147175
 20
158.5654937141389
 30
0.0
 40
1.0
100
AcDbArc
 50
0.0
 51
120.9739664410862
  0
ARC
  5
5A4E
330
1F
100
AcDbEntity
  8
Cut
100
AcDbCircle
 10
123.5443317147175
 20
151.179529306291
 30
0.0
 40
1.0
100
AcDbArc
 50
308.7170376454658
 51
0.0
  0
LINE
  5
5A4F
330
1F
100
AcDbEntity
  8
Cut
100
AcDbLine
 10
119.8144511109919
 20
148.1644369104065
 30
0.0
 11
118.2548398414367
 21
150.0338183561666
 31
0.0
  0
LINE
  5
5A50
330
1F
100
AcDbEntity
  8
Cut
100
AcDbLine
 10
118.0226987119812
 20
155.8514179898575
 30
0.0
 11
118.0226987119812
 21
150.6744373965694
 31
0.0
  0
ARC
  5
5A51
330
1F
100
AcDbEntity
  8
Cut
100
AcDbCircle
 10
119.0226987119812
 20
150.6744373965694
 30
0.0
 40
1.0
100
AcDbArc
 50
180.0
 51
219.8379952847474
  0
LINE
  5
5A52
330
1F
100
AcDbEntity
  8
Cut
100
AcDbLine
 10
118.5080501624605
 20
156.7088192205983
 30
0.0
 11
123.0296831651968
 21
159.4228949448798
 31
0.0
  0
ARC
  5
5A53
330
1F
100
AcDbEntity
  8
Cut
100
AcDbCircle
 10
119.0226987119812
 20
155.8514179898575
 30
0.0
 40
1.0
100
AcDbArc
 50
120.9739664410806
 51
180.0
  0
LINE
  5
5A54
330
1F
100
AcDbEntity
  8
Cut
100
AcDbLine
 10
121.6263101562995
 20
204.89294058626
 30
0.0
 11
117.9435906057491
 21
202.2790089620567
 31
0.0
  0
ARC
  5
5A55
330
1F
100
AcDbEntity
  8
Cut
100
AcDbCircle
 10
122.2051144044185
 20
204.0774740680272
 30
0.0
 40
1.0
100
AcDbArc
 50
0.0
 51
125.3664836996491
  0
LINE
  5
5A56
330
1F
100
AcDbEntity
  8
Cut
100
AcDbLine
 10
123.2051144044185
 20
204.0774740680272
 30
0.0
 11
123.2051144044184
 21
201.4159516823784
 31
0.0
  0
LINE
  5
5A57
330
1F
100
AcDbEntity
  8
Cut
100
AcDbLine
 10
122.7529107938046
 20
200.5793399948106
 30
0.0
 11
119.0701912432542
 21
198.1679698180714
 31
0.0
  0
ARC
  5
5A58
330
1F
100
AcDbEntity
  8
Cut
100
AcDbCircle
 10
122.2051144044184
 20
201.4159516823784
 30
0.0
 40
1.0
100
AcDbArc
 50
303.2159670289632
 51
0.0
  0
LINE
  5
5A59
330
1F
100
AcDbEntity
  8
Cut
100
AcDbLine
 10
117.522394853868
 20
199.0045815056396
 30
0.0
 11
117.5223948538681
 21
201.4635424438229
 31
0.0
  0
ARC
  5
5A5A
330
1F
100
AcDbEntity
  8
Cut
100
AcDbCircle
 10
118.5223948538681
 20
201.4635424438229
 30
0.0
 40
1.0
100
AcDbArc
 50
125.3664836996491
 51
180.0
  0
ARC
  5
5A5B
330
1F
100
AcDbEntity
  8
Cut
100
AcDbCircle
 10
118.522394853868
 20
199.0045815056396
 30
0.0
 40
1.0
100
AcDbArc
 50
180.0
 51
303.2159670289632
  0
ARC
  5
5A64
330
1F
100
AcDbEntity
  8
Cut
100
AcDbCircle
 10
115.5226986970691
 20
147.8451522405853
 30
0.0
 40
0.9999999999992608
100
AcDbArc
 50
39.83799528473117
 51
140.1620047152688
  0
LINE
  5
5A65
330
1F
100
AcDbEntity
  8
Cut
100
AcDbLine
 10
114.754839826525
 20
148.4857712809871
 30
0.0
 11
112.1240714535649
 21
145.3324793803031
 31
0.0
  0
LINE
  5
5A6D
330
1F
100
AcDbEntity
  8
Cut
100
AcDbLine
 10
114.0850495893007
 20
142.6941162993134
 30
0.0
 11
115.5226986970688
 21
142.6941162993125
 31
0.0
  0
LINE
  5
5A6E
330
1F
100
AcDbEntity
  8
Cut
100
AcDbLine
 10
112.2504271539583
 20
143.9247399564624
 30
0.0
 11
113.4435464191503
 21
142.9269959158751
 31
0.0
  0
ARC
  5
5A6F
330
1F
100
AcDbEntity
  8
Cut
100
AcDbCircle
 10
114.0850495893012
 20
143.6941162993134
 30
0.0
 40
1.0
100
AcDbArc
 50
230.0960013508686
 51
269.9999999999739
  0
ARC
  5
5A70
330
1F
100
AcDbEntity
  8
Cut
100
AcDbCircle
 10
112.8919303241092
 20
144.6918603399008
 30
0.0
 40
1.0
100
AcDbArc
 50
140.1620047152525
 51
230.0960013508686
  0
LINE
  5
5A71
330
1F
100
AcDbEntity
  8
Cut
100
AcDbLine
 10
118.7949702401904
 20
143.9247399564628
 30
0.0
 11
117.6018509749986
 21
142.9269959158755
 31
0.0
  0
ARC
  5
5A72
330
1F
100
AcDbEntity
  8
Cut
100
AcDbCircle
 10
118.1534670700394
 20
144.6918603399012
 30
0.0
 40
1.0
100
AcDbArc
 50
309.9039986491472
 51
39.83799528474744
  0
LINE
  5
5A73
330
1F
100
AcDbEntity
  8
Cut
100
AcDbLine
 10
116.9603478048482
 20
142.6941162993134
 30
0.0
 11
115.5226986970801
 21
142.6941162993125
 31
0.0
  0
ARC
  5
5A74
330
1F
100
AcDbEntity
  8
Cut
100
AcDbCircle
 10
116.9603478048475
 20
143.6941162993134
 30
0.0
 40
1.0
100
AcDbArc
 50
270.0000000000391
 51
309.9039986491498
  0
LINE
  5
5A75
330
1F
100
AcDbEntity
  8
Cut
100
AcDbLine
 10
116.290557567623
 20
148.4857712809871
 30
0.0
 11
118.9213259405835
 21
145.3324793803035
 31
0.0
  0
LWPOLYLINE
  5
5B88
330
1F
100
AcDbEntity
  8
Calque1
100
AcDbPolyline
 90
        8
 70
     1
 43
0.0
 10
306.9641650636847
 20
194.0590735976552
 10
307.9641650636848
 20
194.0590735976552
 42
0.4142135623730951
 10
308.9641650636847
 20
195.0590735976552
 10
308.9641650636847
 20
195.6635469863654
 42
0.4142135623730951
 10
307.9641650636848
 20
196.6635469863654
 10
306.9641650636847
 20
196.6635469863654
 42
0.4142135623730951
 10
305.9641650636848
 20
195.6635469863654
 10
305.9641650636848
 20
195.0590735976552
 42
0.4142135623730951
  0
LINE
  5
5B9C
330
1F
100
AcDbEntity
  8
Cut
100
AcDbLine
 10
305.9641650636848
 20
182.5940740318579
 30
0.0
 11
305.9641650636848
 21
182.5940740318579
 31
0.0
  0
LWPOLYLINE
  5
5B9D
330
1F
100
AcDbEntity
  8
Cut
100
AcDbPolyline
 90
        8
 70
     1
 43
0.0
 10
307.9641650636848
 20
174.5969077302675
 10
306.9641650636847
 20
174.5969077302675
 42
-0.4142135623731617
 10
305.9641650636848
 20
175.596907730267
 10
305.9641650636848
 20
189.5912403334487
 42
-0.4142135623730951
 10
306.9641650636847
 20
190.5912403334487
 10
307.9641650636848
 20
190.5912403334487
 42
-0.4142135623730951
 10
308.9641650636847
 20
189.5912403334487
 10
308.9641650636847
 20
175.596907730267
 42
-0.4142135623731617
  0
LWPOLYLINE
  5
5B9F
330
1F
100
AcDbEntity
  8
Cut
100
AcDbPolyline
 90
        8
 70
     1
 43
0.0
 10
319.0610422056364
 20
174.5969077302675
 10
320.0610422056363
 20
174.5969077302675
 42
0.4142135623731617
 10
321.0610422056364
 20
175.596907730267
 10
321.0610422056364
 20
189.5912403334487
 42
0.4142135623730951
 10
320.0610422056363
 20
190.5912403334487
 10
319.0610422056364
 20
190.5912403334487
 42
0.4142135623730951
 10
318.0610422056363
 20
189.5912403334487
 10
318.0610422056363
 20
175.596907730267
 42
0.4142135623731617
  0
LWPOLYLINE
  5
5BA0
330
1F
100
AcDbEntity
  8
Calque1
100
AcDbPolyline
 90
        8
 70
     1
 43
0.0
 10
320.0610422056363
 20
194.0590735976552
 10
319.0610422056364
 20
194.0590735976552
 42
-0.4142135623730951
 10
318.0610422056363
 20
195.0590735976552
 10
318.0610422056363
 20
195.6635469863654
 42
-0.4142135623730951
 10
319.0610422056364
 20
196.6635469863654
 10
320.0610422056363
 20
196.6635469863654
 42
-0.4142135623730951
 10
321.0610422056364
 20
195.6635469863654
 10
321.0610422056364
 20
195.0590735976552
 42
-0.4142135623730951
  0
MTEXT
  5
5F06
102
{ACAD_XDICTIONARY
360
5F07
102
}
330
1F
100
AcDbEntity
  8
countersunk
100
AcDbMText
 10
159.8429221122687
 20
59.03750284932084
 30
0.0
 40
10.0
 41
327.7561439170822
 46
0.0
 71
     1
 72
     5
  1
\pi163.87807;{\fISOCPEUR|b0|i0|c0|p34;\P\pi106.87807;+3 countersunk M2}
 73
     1
 44
1.0
1001
ACAD
1000
ACAD_MTEXT_COLUMN_INFO_BEGIN
1070
    75
1070
     2
1070
    79
1070
     0
1070
    76
1070
     1
1070
    78
1070
     0
1070
    48
1040
327.7561439170822
1070
    49
1040
12.5
1070
    50
1070
     1
1040
0.0
1000
ACAD_MTEXT_COLUMN_INFO_END
  0
MTEXT
  5
5F0A
102
{ACAD_XDICTIONARY
360
5F0B
102
}
330
1F
100
AcDbEntity
  8
Calque1_pocket
100
AcDbMText
 10
159.8429221122687
 20
41.88792803447268
 30
0.0
 40
10.0
 41
327.7561439170822
 46
0.0
 71
     1
 72
     5
  1
\pi163.87807;{\fISOCPEUR|b0|i0|c0|p34;\P\pi106.37807;+4 pockets (0.5mm)}
 73
     1
 44
1.0
1001
ACAD
1000
ACAD_MTEXT_COLUMN_INFO_BEGIN
1070
    75
1070
     2
1070
    79
1070
     0
1070
    76
1070
     1
1070
    78
1070
     0
1070
    48
1040
327.7561439170822
1070
    49
1040
12.5
1070
    50
1070
     1
1040
0.0
1000
ACAD_MTEXT_COLUMN_INFO_END
  0
MTEXT
  5
5F4E
102
{ACAD_XDICTIONARY
360
5F4F
102
}
330
1F
100
AcDbEntity
  8
0
  6
JIS_09_08
100
AcDbMText
 10
452.7801405392024
 20
83.18045657064885
 30
0.0
 40
15.0
 41
40.63077035965856
 46
0.0
 71
     1
 72
     5
  1
{\fISOCPEUR|b0|i0|c0|p34;height}
 11
0.0000000000000001
 21
1.0
 31
0.0
 73
     1
 44
1.0
1001
ACAD
1000
ACAD_MTEXT_COLUMN_INFO_BEGIN
1070
    75
1070
     2
1070
    79
1070
     0
1070
    76
1070
     1
1070
    78
1070
     0
1070
    48
1040
40.63077035965856
1070
    49
1040
12.5
1070
    50
1070
     1
1040
0.0
1000
ACAD_MTEXT_COLUMN_INFO_END
  0
MTEXT
  5
5F50
102
{ACAD_XDICTIONARY
360
5F51
102
}
330
1F
100
AcDbEntity
  8
0
  6
JIS_09_08
100
AcDbMText
 10
717.4148630227046
 20
271.78741588599
 30
0.0
 40
15.0
 41
40.63077035965856
 46
0.0
 71
     1
 72
     5
  1
{\fISOCPEUR|b0|i0|c0|p34;Tilt}
 73
     1
 44
1.0
1001
ACAD
1000
ACAD_MTEXT_COLUMN_INFO_BEGIN
1070
    75
1070
     2
1070
    79
1070
     0
1070
    76
1070
     1
1070
    78
1070
     0
1070
    48
1040
40.63077035965856
1070
    49
1040
12.5
1070
    50
1070
     1
1040
0.0
1000
ACAD_MTEXT_COLUMN_INFO_END
  0
LINE
  5
5F52
330
1F
100
AcDbEntity
  8
Calque2
100
AcDbLine
 10
536.1638559959465
 20
247.9159463641854
 30
0.0
 11
943.7603507110251
 21
247.9159463641854
 31
0.0
  0
LINE
  5
5F53
330
1F
100
AcDbEntity
  8
Calque2
100
AcDbLine
 10
536.1638559959465
 20
281.5839567106132
 30
0.0
 11
943.7603507110251
 21
281.5839567106132
 31
0.0
  0
LINE
  5
5F54
330
1F
100
AcDbEntity
  8
Calque2
100
AcDbLine
 10
478.1413224008066
 20
213.4804861879157
 30
0.0
 11
478.1413224008065
 21
-12.47851929008612
 31
0.0
  0
MTEXT
  5
7464
102
{ACAD_XDICTIONARY
360
7465
102
}
330
1F
100
AcDbEntity
  8
0
  6
JIS_09_08
100
AcDbMText
 10
77.42121309468348
 20
-28.59873516262769
 30
0.0
 40
10.0
 41
327.7561439170822
 46
0.0
 71
     1
 72
     5
  1
{\fISOCPEUR|b0|i0|c0|p34;BOTTOM 2.5"}
 73
     1
 44
1.0
1001
ACAD
1000
ACAD_MTEXT_COLUMN_INFO_BEGIN
1070
    75
1070
     2
1070
    79
1070
     0
1070
    76
1070
     1
1070
    78
1070
     0
1070
    48
1040
327.7561439170822
1070
    49
1040
12.5
1070
    50
1070
     1
1040
0.0
1000
ACAD_MTEXT_COLUMN_INFO_END
  0
MTEXT
  5
7466
102
{ACAD_XDICTIONARY
360
7467
102
}
330
1F
100
AcDbEntity
  8
0
  6
JIS_09_08
100
AcDbMText
 10
151.6580427496519
 20
-48.43313853405243
 30
0.0
 40
10.0
 41
327.7561439170822
 46
0.0
 71
     1
 72
     5
  1
\pi139.37807;{\fISOCPEUR|b0|i0|c0|p34;2mm (x1)}
 73
     1
 44
1.0
1001
ACAD
1000
ACAD_MTEXT_COLUMN_INFO_BEGIN
1070
    75
1070
     2
1070
    79
1070
     0
1070
    76
1070
     1
1070
    78
1070
     0
1070
    48
1040
327.7561439170822
1070
    49
1040
12.5
1070
    50
1070
     1
1040
0.0
1000
ACAD_MTEXT_COLUMN_INFO_END
  0
MTEXT
  5
7468
102
{ACAD_XDICTIONARY
360
7469
102
}
330
1F
100
AcDbEntity
  8
0
  6
JIS_09_08
100
AcDbMText
 10
147.0357802005656
 20
-30.25280528198073
 30
0.0
 40
10.0
 41
327.7561439170822
 46
0.0
 71
     1
 72
     5
  1
\pi152.87807;{\fISOCPEUR|b0|i0|c0|p34;TOP}
 73
     1
 44
1.0
1001
ACAD
1000
ACAD_MTEXT_COLUMN_INFO_BEGIN
1070
    75
1070
     2
1070
    79
1070
     0
1070
    76
1070
     1
1070
    78
1070
     0
1070
    48
1040
327.7561439170822
1070
    49
1040
12.5
1070
    50
1070
     1
1040
0.0
1000
ACAD_MTEXT_COLUMN_INFO_END
  0
MTEXT
  5
746A
102
{ACAD_XDICTIONARY
360
746B
102
}
330
1F
100
AcDbEntity
  8
0
  6
JIS_09_08
100
AcDbMText
 10
-59.05870909480109
 20
-279.2051583316793
 30
0.0
 40
30.0
 41
327.756144
 46
0.0
 71
     1
 72
     5
  1
{\fISOCPEUR|b0|i0|c0|p34;2.5" Classic}
 11
0.0000000000000001
 21
1.0
 31
0.0
 73
     1
 44
1.0
1001
ACAD
1000
ACAD_MTEXT_COLUMN_INFO_BEGIN
1070
    75
1070
     2
1070
    79
1070
     0
1070
    76
1070
     1
1070
    78
1070
     0
1070
    48
1040
327.756144
1070
    49
1040
12.5
1070
    50
1070
     1
1040
0.0
1000
ACAD_MTEXT_COLUMN_INFO_END
  0
MTEXT
  5
7499
102
{ACAD_XDICTIONARY
360
749A
102
}
330
1F
100
AcDbEntity
  8
chamfered
  6
JIS_09_08
100
AcDbMText
 10
155.5756355586399
 20
-259.125597355009
 30
0.0
 40
10.0
 41
327.7561439170822
 46
0.0
 71
     1
 72
     5
  1
\pi133.87807;{\fISOCPEUR|b0|i0|c0|p34;chamfered\P\pi113.87807;(2 sides : 0.5mm)}
 73
     1
 44
1.0
1001
ACAD
1000
ACAD_MTEXT_COLUMN_INFO_BEGIN
1070
    75
1070
     2
1070
    79
1070
     0
1070
    76
1070
     1
1070
    78
1070
     0
1070
    48
1040
327.7561439170822
1070
    49
1040
12.5
1070
    50
1070
     1
1040
0.0
1000
ACAD_MTEXT_COLUMN_INFO_END
  0
MTEXT
  5
749B
102
{ACAD_XDICTIONARY
360
749C
102
}
330
1F
100
AcDbEntity
  8
countersunk
100
AcDbMText
 10
159.8429221122687
 20
-277.4288717712507
 30
0.0
 40
10.0
 41
327.7561439170822
 46
0.0
 71
     1
 72
     5
  1
\pi163.87807;{\fISOCPEUR|b0|i0|c0|p34;\P\pi106.87807;+3 countersunk M2}
 73
     1
 44
1.0
1001
ACAD
1000
ACAD_MTEXT_COLUMN_INFO_BEGIN
1070
    75
1070
     2
1070
    79
1070
     0
1070
    76
1070
     1
1070
    78
1070
     0
1070
    48
1040
327.7561439170822
1070
    49
1040
12.5
1070
    50
1070
     1
1040
0.0
1000
ACAD_MTEXT_COLUMN_INFO_END
  0
MTEXT
  5
749D
102
{ACAD_XDICTIONARY
360
749E
102
}
330
1F
100
AcDbEntity
  8
Calque1_pocket
100
AcDbMText
 10
159.8429221122687
 20
-294.5784465860988
 30
0.0
 40
10.0
 41
327.7561439170822
 46
0.0
 71
     1
 72
     5
  1
\pi163.87807;{\fISOCPEUR|b0|i0|c0|p34;\P\pi106.37807;+4 pockets (0.5mm)}
 73
     1
 44
1.0
1001
ACAD
1000
ACAD_MTEXT_COLUMN_INFO_BEGIN
1070
    75
1070
     2
1070
    79
1070
     0
1070
    76
1070
     1
1070
    78
1070
     0
1070
    48
1040
327.7561439170822
1070
    49
1040
12.5
1070
    50
1070
     1
1040
0.0
1000
ACAD_MTEXT_COLUMN_INFO_END
  0
MTEXT
  5
74D7
102
{ACAD_XDICTIONARY
360
74D8
102
}
330
1F
100
AcDbEntity
  8
chamfered
  6
JIS_09_08
100
AcDbMText
 10
-44.26647887934996
 20
-261.2855460158352
 30
0.0
 40
10.0
 41
327.7561439170822
 46
0.0
 71
     1
 72
     5
  1
\pi133.87807;{\fISOCPEUR|b0|i0|c0|p34;chamfered\P\pi116.87807;(2 sides: 0.7mm)}
 73
     1
 44
1.0
1001
ACAD
1000
ACAD_MTEXT_COLUMN_INFO_BEGIN
1070
    75
1070
     2
1070
    79
1070
     0
1070
    76
1070
     1
1070
    78
1070
     0
1070
    48
1040
327.7561439170822
1070
    49
1040
12.5
1070
    50
1070
     1
1040
0.0
1000
ACAD_MTEXT_COLUMN_INFO_END
  0
MTEXT
  5
74D9
102
{ACAD_XDICTIONARY
360
74DA
102
}
330
1F
100
AcDbEntity
  8
0
  6
JIS_09_08
100
AcDbMText
 10
-53.84567542593868
 20
-47.54849622850634
 30
0.0
 40
10.0
 41
327.7561439170822
 46
0.0
 71
     1
 72
     5
  1
\pi139.37807;{\fISOCPEUR|b0|i0|c0|p34;3mm (x1)\P\pi121.87807;carbon at 45°}
 73
     1
 44
1.0
1001
ACAD
1000
ACAD_MTEXT_COLUMN_INFO_BEGIN
1070
    75
1070
     2
1070
    79
1070
     0
1070
    76
1070
     1
1070
    78
1070
     0
1070
    48
1040
327.7561439170822
1070
    49
1040
12.5
1070
    50
1070
     1
1040
0.0
1000
ACAD_MTEXT_COLUMN_INFO_END
  0
CIRCLE
  5
79ED
330
1F
100
AcDbEntity
  8
Cut
100
AcDbCircle
 10
69.89402304438465
 20
-135.9182837964545
 30
0.0
 40
2.250000000000131
  0
CIRCLE
  5
79EE
330
1F
100
AcDbEntity
  8
Cut
100
AcDbCircle
 10
69.89402304438465
 20
-204.0067506902601
 30
0.0
 40
2.250000000000131
  0
CIRCLE
  5
79EF
330
1F
100
AcDbEntity
  8
Cut
100
AcDbCircle
 10
116.4574084905277
 20
-144.3431288587376
 30
0.0
 40
1.0
  0
CIRCLE
  5
79F0
330
1F
100
AcDbEntity
  8
Cut
100
AcDbCircle
 10
116.4574084905227
 20
-151.9312943230984
 30
0.0
 40
1.0
  0
CIRCLE
  5
79F1
330
1F
100
AcDbEntity
  8
Cut
100
AcDbCircle
 10
116.4574084905218
 20
-187.9937401636125
 30
0.0
 40
1.0
  0
LINE
  5
79F2
330
1F
100
AcDbEntity
  8
Cut
100
AcDbLine
 10
113.1851369474119
 20
-203.8542010729989
 30
0.0
 11
114.3782562126039
 21
-204.8519451135862
 31
0.0
  0
ARC
  5
79F3
330
1F
100
AcDbEntity
  8
Cut
100
AcDbCircle
 10
113.8266401175627
 20
-203.0870806895605
 30
0.0
 40
1.0
100
AcDbArc
 50
140.162004715263
 51
230.0960013508676
  0
LINE
  5
79F4
330
1F
100
AcDbEntity
  8
Cut
100
AcDbLine
 10
115.0197593827543
 20
-205.0848247301478
 30
0.0
 11
116.4574084905223
 21
-205.0848247301487
 31
0.0
  0
ARC
  5
79F5
330
1F
100
AcDbEntity
  8
Cut
100
AcDbCircle
 10
115.0197593827548
 20
-204.0848247301478
 30
0.0
 40
1.0
100
AcDbArc
 50
230.0960013508666
 51
269.9999999999707
  0
ARC
  5
79F6
330
1F
100
AcDbEntity
  8
Cut
100
AcDbCircle
 10
116.4574084905226
 20
-199.933788788876
 30
0.0
 40
0.9999999999992608
100
AcDbArc
 50
39.83799528473117
 51
140.1620047152688
  0
LINE
  5
79F7
330
1F
100
AcDbEntity
  8
Cut
100
AcDbLine
 10
115.6895496199786
 20
-199.2931697484741
 30
0.0
 11
113.0587812470185
 21
-202.4464616491582
 31
0.0
  0
LWPOLYLINE
  5
79F8
330
1F
100
AcDbEntity
  8
Cut
100
AcDbPolyline
 90
        8
 70
     1
 43
0.0
 10
123.4074085132388
 20
-126.2458137906983
 42
1.0
 10
123.4074084905328
 20
-127.8458137906977
 10
123.4074084905328
 20
-129.6458137906979
 42
1.0
 10
123.4074084905328
 20
-131.2458137906978
 10
125.5074084905327
 20
-131.2458137906978
 42
1.0
 10
125.5074084905327
 20
-129.6458137906979
 10
125.5074084905327
 20
-127.8458137906977
 42
1.0
 10
125.5074085132387
 20
-126.2458137906983
  0
LWPOLYLINE
  5
79FA
330
1F
100
AcDbEntity
  8
Cut
100
AcDbPolyline
 90
        8
 70
     1
 43
0.0
 10
109.5074084678376
 20
-126.2458137906874
 42
-1.0
 10
109.5074084905418
 20
-127.8458137906873
 10
109.5074084905397
 20
-129.6458137906875
 42
-1.0
 10
109.5074084905377
 20
-131.2458137906874
 10
107.4074084905376
 20
-131.2458137906846
 42
-1.0
 10
107.4074084905398
 20
-129.6458137906848
 10
107.4074084905417
 20
-127.845813790685
 42
-1.0
 10
107.4074084678377
 20
-126.2458137906847
  0
CIRCLE
  5
79FB
330
1F
100
AcDbEntity
  8
Cut
100
AcDbCircle
 10
163.0207939366817
 20
-135.9182837965222
 30
0.0
 40
2.250000000000131
  0
CIRCLE
  5
79FC
330
1F
100
AcDbEntity
  8
Cut
100
AcDbCircle
 10
163.0207939365818
 20
-204.0067506903288
 30
0.0
 40
2.250000000000131
  0
CIRCLE
  5
79FF
330
1F
100
AcDbEntity
  8
Calque1
100
AcDbCircle
 10
98.42618557026368
 20
-169.9625172433575
 30
0.0
 40
1.0
  0
LINE
  5
7A00
330
1F
100
AcDbEntity
  8
Calque1
100
AcDbLine
 10
115.7503017093829
 20
-132.0864464568303
 30
0.0
 11
112.6001741856597
 21
-128.9363189331065
 31
0.0
  0
ARC
  5
7A01
330
1F
100
AcDbEntity
  8
Calque1
100
AcDbCircle
 10
113.3072809668463
 20
-128.2292121519199
 30
0.0
 40
1.0
100
AcDbArc
 50
180.0
 51
225.0
  0
LINE
  5
7A02
330
1F
100
AcDbEntity
  8
Calque1
100
AcDbLine
 10
114.0829829688149
 20
-122.4141749923137
 30
0.0
 11
116.4574084905687
 21
-122.4141749923137
 31
0.0
  0
ARC
  5
7A03
330
1F
100
AcDbEntity
  8
Calque1
100
AcDbCircle
 10
114.0829829688149
 20
-123.4141749923137
 30
0.0
 40
1.0
100
AcDbArc
 50
90.0
 51
134.1168318182061
  0
LINE
  5
7A04
330
1F
100
AcDbEntity
  8
Calque1
100
AcDbLine
 10
112.6111572358591
 20
-123.4484027029489
 30
0.0
 11
113.3868592378277
 21
-122.6962531642875
 31
0.0
  0
ARC
  5
7A05
330
1F
100
AcDbEntity
  8
Calque1
100
AcDbCircle
 10
113.3072809668463
 20
-124.1663245309751
 30
0.0
 40
1.0
100
AcDbArc
 50
134.1168318182061
 51
180.0
  0
ARC
  5
7A06
330
1F
100
AcDbEntity
  8
Calque1
100
AcDbCircle
 10
116.4574084905696
 20
-131.3793396756437
 30
0.0
 40
1.0
100
AcDbArc
 50
225.0000000000046
 51
314.9999999999954
  0
LINE
  5
7A07
330
1F
100
AcDbEntity
  8
Calque1
100
AcDbLine
 10
112.3072809668463
 20
-128.2292121519199
 30
0.0
 11
112.3072809668463
 21
-124.1663245309751
 31
0.0
  0
LINE
  5
7A08
330
1F
100
AcDbEntity
  8
Calque1
100
AcDbLine
 10
114.4577123337338
 20
-140.9629721487349
 30
0.0
 11
114.4577123337338
 21
-134.6950131936141
 31
0.0
  0
ARC
  5
7A09
330
1F
100
AcDbEntity
  8
Calque1
100
AcDbCircle
 10
113.4577123337338
 20
-140.9629721487349
 30
0.0
 40
1.0
100
AcDbArc
 50
234.633516300349
 51
0.0
  0
ARC
  5
7A0A
330
1F
100
AcDbEntity
  8
Calque1
100
AcDbCircle
 10
113.4577123337338
 20
-134.6950131936141
 30
0.0
 40
1.0
100
AcDbArc
 50
0.0
 51
45.0000000000046
  0
LINE
  5
7A0B
330
1F
100
AcDbEntity
  8
Calque1
100
AcDbLine
 10
114.1648191149205
 20
-133.9879064124275
 30
0.0
 11
112.6881110665663
 21
-132.5111983640736
 31
0.0
  0
ARC
  5
7A0C
330
1F
100
AcDbEntity
  8
Calque1
100
AcDbCircle
 10
111.9810042853798
 20
-133.2183051452598
 30
0.0
 40
1.0
100
AcDbArc
 50
45.0000000000046
 51
124.2668358576518
  0
LINE
  5
7A0D
330
1F
100
AcDbEntity
  8
Calque1
100
AcDbLine
 10
109.8983260754494
 20
-139.6628723122776
 30
0.0
 11
112.8789080856148
 21
-141.7784386669677
 31
0.0
  0
LINE
  5
7A0E
330
1F
100
AcDbEntity
  8
Calque1
100
AcDbLine
 10
111.4179564959042
 20
-132.3918808070616
 30
0.0
 11
109.9140825340927
 21
-133.4164790318596
 31
0.0
  0
ARC
  5
7A0F
330
1F
100
AcDbEntity
  8
Calque1
100
AcDbCircle
 10
110.4771303235684
 20
-134.2429033700577
 30
0.0
 40
1.0
100
AcDbArc
 50
124.2668358576518
 51
180.0
  0
LINE
  5
7A10
330
1F
100
AcDbEntity
  8
Calque1
100
AcDbLine
 10
109.4771303235684
 20
-134.2429033700577
 30
0.0
 11
109.4771303235684
 21
-138.8474057940443
 31
0.0
  0
ARC
  5
7A11
330
1F
100
AcDbEntity
  8
Calque1
100
AcDbCircle
 10
110.4771303235684
 20
-138.8474057940443
 30
0.0
 40
1.0
100
AcDbArc
 50
180.0
 51
234.633516300349
  0
LINE
  5
7A12
330
1F
100
AcDbEntity
  8
Calque1
100
AcDbLine
 10
110.3537970313025
 20
-142.8860004432008
 30
0.0
 11
114.0365165818528
 21
-145.4999320674046
 31
0.0
  0
ARC
  5
7A13
330
1F
100
AcDbEntity
  8
Calque1
100
AcDbCircle
 10
109.7749927831835
 20
-143.7014669614341
 30
0.0
 40
1.0
100
AcDbArc
 50
54.633516300349
 51
180.0
  0
LINE
  5
7A14
330
1F
100
AcDbEntity
  8
Calque1
100
AcDbLine
 10
108.7749927831835
 20
-143.7014669614341
 30
0.0
 11
108.7749927831835
 21
-151.1683226690925
 31
0.0
  0
LINE
  5
7A15
330
1F
100
AcDbEntity
  8
Calque1
100
AcDbLine
 10
110.7723225062417
 20
-199.75412952745
 30
0.0
 11
107.8103007730605
 21
-197.3796561719682
 31
0.0
  0
LINE
  5
7A16
330
1F
100
AcDbEntity
  8
Calque1
100
AcDbLine
 10
107.4357754728844
 20
-196.5994117231703
 30
0.0
 11
107.4357754728844
 21
-189.2134473153223
 31
0.0
  0
ARC
  5
7A17
330
1F
100
AcDbEntity
  8
Calque1
100
AcDbCircle
 10
108.4357754728844
 20
-196.5994117231703
 30
0.0
 40
1.0
100
AcDbArc
 50
180.0
 51
231.2829623545286
  0
LINE
  5
7A18
330
1F
100
AcDbEntity
  8
Calque1
100
AcDbLine
 10
112.16565607661
 20
-199.6145041190548
 30
0.0
 11
113.7252673461652
 21
-197.7451226732946
 31
0.0
  0
ARC
  5
7A19
330
1F
100
AcDbEntity
  8
Calque1
100
AcDbCircle
 10
111.3977972060656
 20
-198.9738850786521
 30
0.0
 40
1.0
100
AcDbArc
 50
231.2829623545321
 51
320.162004715263
  0
LINE
  5
7A1A
330
1F
100
AcDbEntity
  8
Calque1
100
AcDbLine
 10
113.9574084756207
 20
-191.9275230396038
 30
0.0
 11
113.9574084756207
 21
-197.1045036328919
 31
0.0
  0
ARC
  5
7A1B
330
1F
100
AcDbEntity
  8
Calque1
100
AcDbCircle
 10
112.9574084756207
 20
-197.1045036328919
 30
0.0
 40
1.0
100
AcDbArc
 50
320.1620047152421
 51
0.0
  0
ARC
  5
7A1C
330
1F
100
AcDbEntity
  8
Calque1
100
AcDbCircle
 10
112.9574084756207
 20
-191.9275230396038
 30
0.0
 40
1.0
100
AcDbArc
 50
0.0
 51
59.02603355890846
  0
LINE
  5
7A1D
330
1F
100
AcDbEntity
  8
Calque1
100
AcDbLine
 10
113.4720570251414
 20
-191.0701218088629
 30
0.0
 11
108.9504240224052
 21
-188.3560460845815
 31
0.0
  0
ARC
  5
7A1E
330
1F
100
AcDbEntity
  8
Calque1
100
AcDbCircle
 10
108.4357754728844
 20
-189.2134473153223
 30
0.0
 40
1.0
100
AcDbArc
 50
59.02603355890846
 51
180.0
  0
LINE
  5
7A1F
330
1F
100
AcDbEntity
  8
Calque1
100
AcDbLine
 10
117.1645152716725
 20
-132.0864464568303
 30
0.0
 11
120.3146427953958
 21
-128.9363189331065
 31
0.0
  0
ARC
  5
7A20
330
1F
100
AcDbEntity
  8
Calque1
100
AcDbCircle
 10
119.6075360142092
 20
-128.2292121519199
 30
0.0
 40
1.0
100
AcDbArc
 50
315.0
 51
0.0
  0
LINE
  5
7A21
330
1F
100
AcDbEntity
  8
Calque1
100
AcDbLine
 10
118.8318340122405
 20
-122.4141749923137
 30
0.0
 11
116.4574084904866
 21
-122.4141749923137
 31
0.0
  0
LINE
  5
7A22
330
1F
100
AcDbEntity
  8
Calque1
100
AcDbLine
 10
120.3036597451963
 20
-123.4484027029489
 30
0.0
 11
119.5279577432277
 21
-122.6962531642875
 31
0.0
  0
ARC
  5
7A23
330
1F
100
AcDbEntity
  8
Calque1
100
AcDbCircle
 10
118.8318340122405
 20
-123.4141749923137
 30
0.0
 40
1.0
100
AcDbArc
 50
45.88316818179381
 51
90.0
  0
ARC
  5
7A24
330
1F
100
AcDbEntity
  8
Calque1
100
AcDbCircle
 10
119.6075360142091
 20
-124.1663245309751
 30
0.0
 40
1.0
100
AcDbArc
 50
0.0
 51
45.88316818179381
  0
LINE
  5
7A25
330
1F
100
AcDbEntity
  8
Calque1
100
AcDbLine
 10
120.6075360142092
 20
-128.2292121519199
 30
0.0
 11
120.6075360142091
 21
-124.1663245309751
 31
0.0
  0
LINE
  5
7A26
330
1F
100
AcDbEntity
  8
Calque1
100
AcDbLine
 10
118.4571046473216
 20
-140.9629721487349
 30
0.0
 11
118.4571046473216
 21
-134.6950131936141
 31
0.0
  0
ARC
  5
7A27
330
1F
100
AcDbEntity
  8
Calque1
100
AcDbCircle
 10
119.4571046473216
 20
-140.9629721487349
 30
0.0
 40
1.0
100
AcDbArc
 50
180.0
 51
305.366483699651
  0
ARC
  5
7A28
330
1F
100
AcDbEntity
  8
Calque1
100
AcDbCircle
 10
119.4571046473216
 20
-134.6950131936141
 30
0.0
 40
1.0
100
AcDbArc
 50
134.9999999999954
 51
180.0
  0
LINE
  5
7A29
330
1F
100
AcDbEntity
  8
Calque1
100
AcDbLine
 10
118.7499978661349
 20
-133.9879064124275
 30
0.0
 11
120.2267059144891
 21
-132.5111983640736
 31
0.0
  0
ARC
  5
7A2A
330
1F
100
AcDbEntity
  8
Calque1
100
AcDbCircle
 10
120.9338126956756
 20
-133.2183051452598
 30
0.0
 40
1.0
100
AcDbArc
 50
55.73316414234822
 51
134.9999999999954
  0
LINE
  5
7A2B
330
1F
100
AcDbEntity
  8
Calque1
100
AcDbLine
 10
123.0164909056061
 20
-139.6628723122776
 30
0.0
 11
120.0359088954407
 21
-141.7784386669677
 31
0.0
  0
LINE
  5
7A2C
330
1F
100
AcDbEntity
  8
Calque1
100
AcDbLine
 10
121.4968604851512
 20
-132.3918808070616
 30
0.0
 11
123.0007344469627
 21
-133.4164790318596
 31
0.0
  0
ARC
  5
7A2D
330
1F
100
AcDbEntity
  8
Calque1
100
AcDbCircle
 10
122.437686657487
 20
-134.2429033700577
 30
0.0
 40
1.0
100
AcDbArc
 50
0.0
 51
55.73316414234822
  0
LINE
  5
7A2E
330
1F
100
AcDbEntity
  8
Calque1
100
AcDbLine
 10
123.437686657487
 20
-134.2429033700577
 30
0.0
 11
123.4376866574871
 21
-138.8474057940443
 31
0.0
  0
ARC
  5
7A2F
330
1F
100
AcDbEntity
  8
Calque1
100
AcDbCircle
 10
122.4376866574871
 20
-138.8474057940443
 30
0.0
 40
1.0
100
AcDbArc
 50
305.366483699651
 51
0.0
  0
CIRCLE
  5
7A32
330
1F
100
AcDbEntity
  8
Calque1
100
AcDbCircle
 10
65.44733307758616
 20
-136.608898261386
 30
0.0
 40
1.0
  0
CIRCLE
  5
7A33
330
1F
100
AcDbEntity
  8
Calque1
100
AcDbCircle
 10
74.34071301118286
 20
-135.2276693315202
 30
0.0
 40
1.0
  0
CIRCLE
  5
7A34
330
1F
100
AcDbEntity
  8
Calque1
100
AcDbCircle
 10
69.20340857954352
 20
-131.4715938296417
 30
0.0
 40
0.9999999999999998
  0
CIRCLE
  5
7A35
330
1F
100
AcDbEntity
  8
Calque1
100
AcDbCircle
 10
70.58463750922328
 20
-140.3649737632672
 30
0.0
 40
0.9999999999999998
  0
CIRCLE
  5
7A36
330
1F
100
AcDbEntity
  8
Calque1
100
AcDbCircle
 10
65.44733307758616
 20
-203.31613622533
 30
0.0
 40
1.0
  0
CIRCLE
  5
7A37
330
1F
100
AcDbEntity
  8
Calque1
100
AcDbCircle
 10
74.34071301118286
 20
-204.6973651551957
 30
0.0
 40
1.0
  0
CIRCLE
  5
7A38
330
1F
100
AcDbEntity
  8
Calque1
100
AcDbCircle
 10
69.20340857954352
 20
-208.4534406570747
 30
0.0
 40
0.9999999999999998
  0
CIRCLE
  5
7A39
330
1F
100
AcDbEntity
  8
Calque1
100
AcDbCircle
 10
70.58463750922328
 20
-199.5600607234487
 30
0.0
 40
0.9999999999999998
  0
CIRCLE
  5
7A3A
330
1F
100
AcDbEntity
  8
Calque1
100
AcDbCircle
 10
167.4674839034693
 20
-136.608898261386
 30
0.0
 40
1.0
  0
CIRCLE
  5
7A3B
330
1F
100
AcDbEntity
  8
Calque1
100
AcDbCircle
 10
158.5741039698727
 20
-135.2276693315202
 30
0.0
 40
1.0
  0
CIRCLE
  5
7A3C
330
1F
100
AcDbEntity
  8
Calque1
100
AcDbCircle
 10
163.711408401512
 20
-131.4715938296417
 30
0.0
 40
0.9999999999999998
  0
CIRCLE
  5
7A3D
330
1F
100
AcDbEntity
  8
Calque1
100
AcDbCircle
 10
162.3301794718322
 20
-140.3649737632672
 30
0.0
 40
0.9999999999999998
  0
CIRCLE
  5
7A3E
330
1F
100
AcDbEntity
  8
Calque1
100
AcDbCircle
 10
167.4674839034693
 20
-203.31613622533
 30
0.0
 40
1.0
  0
CIRCLE
  5
7A3F
330
1F
100
AcDbEntity
  8
Calque1
100
AcDbCircle
 10
158.5741039698727
 20
-204.6973651551957
 30
0.0
 40
1.0
  0
CIRCLE
  5
7A40
330
1F
100
AcDbEntity
  8
Calque1
100
AcDbCircle
 10
163.711408401512
 20
-208.4534406570747
 30
0.0
 40
0.9999999999999998
  0
CIRCLE
  5
7A41
330
1F
100
AcDbEntity
  8
Calque1
100
AcDbCircle
 10
162.3301794718322
 20
-199.5600607234487
 30
0.0
 40
0.9999999999999998
  0
LINE
  5
7A43
330
1F
100
AcDbEntity
  8
Calque1
100
AcDbLine
 10
61.25249707894977
 20
-130.3731248794961
 30
0.0
 11
61.87763080363175
 21
-133.7534000289183
 31
0.0
  0
ARC
  5
7A44
330
1F
100
AcDbEntity
  8
Calque1
100
AcDbCircle
 10
62.72143247487793
 20
-133.5973509328178
 30
0.0
 40
0.8581098885273911
100
AcDbArc
 50
190.4776587483222
 51
297.092773924365
  0
LINE
  5
7A45
330
1F
100
AcDbEntity
  8
Calque1
100
AcDbLine
 10
63.11224371912112
 20
-134.3613006380733
 30
0.0
 11
65.46454657420849
 21
-133.1579407842569
 31
0.0
  0
LINE
  5
7A46
330
1F
100
AcDbEntity
  8
Calque1
100
AcDbLine
 10
66.35344542487894
 20
-129.9282055421858
 30
0.0
 11
65.92023285021207
 21
-132.534684110095
 31
0.0
  0
ARC
  5
7A47
330
1F
100
AcDbEntity
  8
Calque1
100
AcDbCircle
 10
65.50694790462751
 20
-129.7875125110922
 30
0.0
 40
0.8581098885273911
100
AcDbArc
 50
350.5633563749786
 51
97.17847155113846
  0
ARC
  5
7A48
330
1F
100
AcDbEntity
  8
Calque1
100
AcDbCircle
 10
65.07373532996371
 20
-132.3939910790009
 30
0.0
 40
0.858109888527391
100
AcDbArc
 50
297.092773924365
 51
350.5633563750846
  0
LINE
  5
7A49
330
1F
100
AcDbEntity
  8
Calque1
100
AcDbLine
 10
61.98906895644928
 20
-129.3656919967739
 30
0.0
 11
65.39971811088401
 21
-128.9361287244705
 31
0.0
  0
ARC
  5
7A4A
330
1F
100
AcDbEntity
  8
Calque1
100
AcDbCircle
 10
62.09629875019436
 20
-130.2170757833951
 30
0.0
 40
0.8581098885273911
100
AcDbArc
 50
97.17847155118775
 51
190.4776587482691
  0
LINE
  5
7A4B
330
1F
100
AcDbEntity
  8
Calque1
100
AcDbLine
 10
61.25249707894977
 20
-209.551909607218
 30
0.0
 11
61.87763080363175
 21
-206.1716344577967
 31
0.0
  0
ARC
  5
7A4C
330
1F
100
AcDbEntity
  8
Calque1
100
AcDbCircle
 10
62.72143247487793
 20
-206.3276835538968
 30
0.0
 40
0.8581098885273911
100
AcDbArc
 50
62.90722607563865
 51
169.5223412516778
  0
LINE
  5
7A4D
330
1F
100
AcDbEntity
  8
Calque1
100
AcDbLine
 10
63.11224371912112
 20
-205.5637338486417
 30
0.0
 11
65.46454657420849
 21
-206.7670937024577
 31
0.0
  0
LINE
  5
7A4E
330
1F
100
AcDbEntity
  8
Calque1
100
AcDbLine
 10
66.35344542487894
 20
-209.9968289445282
 30
0.0
 11
65.92023285021207
 21
-207.3903503766201
 31
0.0
  0
ARC
  5
7A4F
330
1F
100
AcDbEntity
  8
Calque1
100
AcDbCircle
 10
65.50694790462751
 20
-210.1375219756223
 30
0.0
 40
0.8581098885273911
100
AcDbArc
 50
262.8215284488616
 51
9.436643625021339
  0
ARC
  5
7A50
330
1F
100
AcDbEntity
  8
Calque1
100
AcDbCircle
 10
65.07373532996371
 20
-207.5310434077137
 30
0.0
 40
0.858109888527391
100
AcDbArc
 50
9.436643624915324
 51
62.90722607563865
  0
LINE
  5
7A51
330
1F
100
AcDbEntity
  8
Calque1
100
AcDbLine
 10
61.98906895644928
 20
-210.5593424899407
 30
0.0
 11
65.39971811088401
 21
-210.9889057622436
 31
0.0
  0
ARC
  5
7A52
330
1F
100
AcDbEntity
  8
Calque1
100
AcDbCircle
 10
62.09629875019436
 20
-209.707958703319
 30
0.0
 40
0.8581098885273911
100
AcDbArc
 50
169.5223412517308
 51
262.8215284488123
  0
LINE
  5
7A53
330
1F
100
AcDbEntity
  8
Calque1
100
AcDbLine
 10
114.4577123337338
 20
-148.5543910448887
 30
0.0
 11
114.4577123337338
 21
-146.3153985856384
 31
0.0
  0
ARC
  5
7A54
330
1F
100
AcDbEntity
  8
Calque1
100
AcDbCircle
 10
113.4577123337338
 20
-148.5543910448887
 30
0.0
 40
1.0
100
AcDbArc
 50
305.3664836996501
 51
0.0
  0
ARC
  5
7A55
330
1F
100
AcDbEntity
  8
Calque1
100
AcDbCircle
 10
113.4577123337338
 20
-146.3153985856384
 30
0.0
 40
1.0
100
AcDbArc
 50
0.0
 51
54.633516300349
  0
CIRCLE
  5
7A56
330
1F
100
AcDbEntity
  8
Calque1
100
AcDbCircle
 10
134.4886314107918
 20
-169.9625172433575
 30
0.0
 40
1.0
  0
LINE
  5
7A57
330
1F
100
AcDbEntity
  8
Calque1
100
AcDbLine
 10
171.6623199021057
 20
-130.3731248794961
 30
0.0
 11
171.0371861774238
 21
-133.7534000289183
 31
0.0
  0
ARC
  5
7A58
330
1F
100
AcDbEntity
  8
Calque1
100
AcDbCircle
 10
170.1933845061776
 20
-133.5973509328178
 30
0.0
 40
0.8581098885273911
100
AcDbArc
 50
242.907226075635
 51
349.5223412516778
  0
LINE
  5
7A59
330
1F
100
AcDbEntity
  8
Calque1
100
AcDbLine
 10
169.8025732619344
 20
-134.3613006380733
 30
0.0
 11
167.450270406847
 21
-133.1579407842569
 31
0.0
  0
LINE
  5
7A5A
330
1F
100
AcDbEntity
  8
Calque1
100
AcDbLine
 10
166.5613715561766
 20
-129.9282055421858
 30
0.0
 11
166.9945841308434
 21
-132.534684110095
 31
0.0
  0
ARC
  5
7A5B
330
1F
100
AcDbEntity
  8
Calque1
100
AcDbCircle
 10
167.407869076428
 20
-129.7875125110922
 30
0.0
 40
0.8581098885273911
100
AcDbArc
 50
82.82152844886155
 51
189.4366436250213
  0
ARC
  5
7A5C
330
1F
100
AcDbEntity
  8
Calque1
100
AcDbCircle
 10
167.8410816510918
 20
-132.3939910790009
 30
0.0
 40
0.858109888527391
100
AcDbArc
 50
189.4366436249153
 51
242.907226075635
  0
LINE
  5
7A5D
330
1F
100
AcDbEntity
  8
Calque1
100
AcDbLine
 10
170.9257480246062
 20
-129.3656919967739
 30
0.0
 11
167.5150988701715
 21
-128.9361287244705
 31
0.0
  0
ARC
  5
7A5E
330
1F
100
AcDbEntity
  8
Calque1
100
AcDbCircle
 10
170.8185182308612
 20
-130.2170757833951
 30
0.0
 40
0.8581098885273911
100
AcDbArc
 50
349.5223412517308
 51
82.82152844881228
  0
LINE
  5
7A5F
330
1F
100
AcDbEntity
  8
Calque1
100
AcDbLine
 10
171.6623199021057
 20
-209.551909607218
 30
0.0
 11
171.0371861774238
 21
-206.1716344577967
 31
0.0
  0
ARC
  5
7A60
330
1F
100
AcDbEntity
  8
Calque1
100
AcDbCircle
 10
170.1933845061776
 20
-206.3276835538968
 30
0.0
 40
0.8581098885273911
100
AcDbArc
 50
10.47765874832219
 51
117.0927739243613
  0
LINE
  5
7A61
330
1F
100
AcDbEntity
  8
Calque1
100
AcDbLine
 10
169.8025732619344
 20
-205.5637338486417
 30
0.0
 11
167.450270406847
 21
-206.7670937024577
 31
0.0
  0
LINE
  5
7A62
330
1F
100
AcDbEntity
  8
Calque1
100
AcDbLine
 10
166.5613715561766
 20
-209.9968289445282
 30
0.0
 11
166.9945841308434
 21
-207.3903503766201
 31
0.0
  0
ARC
  5
7A63
330
1F
100
AcDbEntity
  8
Calque1
100
AcDbCircle
 10
167.407869076428
 20
-210.1375219756223
 30
0.0
 40
0.8581098885273911
100
AcDbArc
 50
170.5633563749787
 51
277.1784715511385
  0
ARC
  5
7A64
330
1F
100
AcDbEntity
  8
Calque1
100
AcDbCircle
 10
167.8410816510918
 20
-207.5310434077137
 30
0.0
 40
0.858109888527391
100
AcDbArc
 50
117.0927739243613
 51
170.5633563750847
  0
LINE
  5
7A65
330
1F
100
AcDbEntity
  8
Calque1
100
AcDbLine
 10
170.9257480246062
 20
-210.5593424899407
 30
0.0
 11
167.5150988701715
 21
-210.9889057622436
 31
0.0
  0
ARC
  5
7A66
330
1F
100
AcDbEntity
  8
Calque1
100
AcDbCircle
 10
170.8185182308612
 20
-209.707958703319
 30
0.0
 40
0.8581098885273911
100
AcDbArc
 50
277.1784715511877
 51
10.47765874826917
  0
CIRCLE
  5
7A67
330
1F
100
AcDbEntity
  8
Cut
100
AcDbCircle
 10
107.9570616254627
 20
-202.2036917604351
 30
0.0
 40
1.0
  0
CIRCLE
  5
7A68
330
1F
100
AcDbEntity
  8
Cut
100
AcDbCircle
 10
124.9577553555928
 20
-202.2036917604351
 30
0.0
 40
1.0
  0
LINE
  5
7A6A
330
1F
100
AcDbEntity
  8
Calque1
100
AcDbLine
 10
122.1424944748138
 20
-199.75412952745
 30
0.0
 11
125.104516207995
 21
-197.3796561719682
 31
0.0
  0
ARC
  5
7A6B
330
1F
100
AcDbEntity
  8
Calque1
100
AcDbCircle
 10
121.5170197749899
 20
-198.9738850786521
 30
0.0
 40
1.0
100
AcDbArc
 50
219.837995284737
 51
308.7170376454679
  0
LINE
  5
7A6C
330
1F
100
AcDbEntity
  8
Calque1
100
AcDbLine
 10
125.4790415081711
 20
-196.5994117231703
 30
0.0
 11
125.4790415081711
 21
-189.2134473153223
 31
0.0
  0
ARC
  5
7A6D
330
1F
100
AcDbEntity
  8
Calque1
100
AcDbCircle
 10
124.4790415081711
 20
-189.2134473153223
 30
0.0
 40
1.0
100
AcDbArc
 50
0.0
 51
120.9739664410915
  0
ARC
  5
7A6E
330
1F
100
AcDbEntity
  8
Calque1
100
AcDbCircle
 10
124.4790415081711
 20
-196.5994117231703
 30
0.0
 40
1.0
100
AcDbArc
 50
308.7170376454679
 51
0.0
  0
LINE
  5
7A6F
330
1F
100
AcDbEntity
  8
Calque1
100
AcDbLine
 10
120.7491609044455
 20
-199.6145041190548
 30
0.0
 11
119.1895496348903
 21
-197.7451226732946
 31
0.0
  0
LINE
  5
7A70
330
1F
100
AcDbEntity
  8
Calque1
100
AcDbLine
 10
118.9574085054348
 20
-191.9275230396038
 30
0.0
 11
118.9574085054348
 21
-197.1045036328919
 31
0.0
  0
ARC
  5
7A71
330
1F
100
AcDbEntity
  8
Calque1
100
AcDbCircle
 10
119.9574085054348
 20
-197.1045036328919
 30
0.0
 40
1.0
100
AcDbArc
 50
180.0
 51
219.837995284737
  0
LINE
  5
7A72
330
1F
100
AcDbEntity
  8
Calque1
100
AcDbLine
 10
119.4427599559141
 20
-191.0701218088629
 30
0.0
 11
123.9643929586503
 21
-188.3560460845815
 31
0.0
  0
ARC
  5
7A73
330
1F
100
AcDbEntity
  8
Calque1
100
AcDbCircle
 10
119.9574085054348
 20
-191.9275230396038
 30
0.0
 40
1.0
100
AcDbArc
 50
120.9739664410915
 51
180.0
  0
LINE
  5
7A74
330
1F
100
AcDbEntity
  8
Cut
100
AcDbLine
 10
119.729680033644
 20
-203.8542010729984
 30
0.0
 11
118.5365607684521
 21
-204.8519451135858
 31
0.0
  0
ARC
  5
7A75
330
1F
100
AcDbEntity
  8
Cut
100
AcDbCircle
 10
119.088176863493
 20
-203.08708068956
 30
0.0
 40
1.0
100
AcDbArc
 50
309.903998649137
 51
39.83799528476245
  0
LINE
  5
7A76
330
1F
100
AcDbEntity
  8
Cut
100
AcDbLine
 10
117.8950575983018
 20
-205.0848247301478
 30
0.0
 11
116.4574084905336
 21
-205.0848247301487
 31
0.0
  0
ARC
  5
7A77
330
1F
100
AcDbEntity
  8
Cut
100
AcDbCircle
 10
117.8950575983011
 20
-204.0848247301478
 30
0.0
 40
1.0
100
AcDbArc
 50
270.0000000000391
 51
309.9039986491416
  0
LINE
  5
7A78
330
1F
100
AcDbEntity
  8
Cut
100
AcDbLine
 10
117.2252673610766
 20
-199.2931697484741
 30
0.0
 11
119.8560357340371
 21
-202.4464616491577
 31
0.0
  0
LINE
  5
7A79
330
1F
100
AcDbEntity
  8
Calque1
100
AcDbLine
 10
110.3537970313025
 20
-151.9837891873257
 30
0.0
 11
114.0365165818528
 21
-149.369857563122
 31
0.0
  0
ARC
  5
7A7A
330
1F
100
AcDbEntity
  8
Calque1
100
AcDbCircle
 10
109.7749927831835
 20
-151.1683226690925
 30
0.0
 40
1.0
100
AcDbArc
 50
180.0
 51
305.3664836996501
  0
LINE
  5
7A7B
330
1F
100
AcDbEntity
  8
Calque1
100
AcDbLine
 10
122.5610199497529
 20
-142.8860004432008
 30
0.0
 11
118.8783003992026
 21
-145.4999320674046
 31
0.0
  0
ARC
  5
7A7C
330
1F
100
AcDbEntity
  8
Calque1
100
AcDbCircle
 10
123.139824197872
 20
-143.7014669614341
 30
0.0
 40
1.0
100
AcDbArc
 50
0.0
 51
125.366483699651
  0
LINE
  5
7A7D
330
1F
100
AcDbEntity
  8
Calque1
100
AcDbLine
 10
124.139824197872
 20
-143.7014669614341
 30
0.0
 11
124.139824197872
 21
-151.1683226690925
 31
0.0
  0
LINE
  5
7A7E
330
1F
100
AcDbEntity
  8
Calque1
100
AcDbLine
 10
118.4571046473216
 20
-148.5543910448887
 30
0.0
 11
118.4571046473216
 21
-146.3153985856384
 31
0.0
  0
ARC
  5
7A7F
330
1F
100
AcDbEntity
  8
Calque1
100
AcDbCircle
 10
119.4571046473216
 20
-148.5543910448887
 30
0.0
 40
1.0
100
AcDbArc
 50
180.0
 51
234.6335163003535
  0
ARC
  5
7A80
330
1F
100
AcDbEntity
  8
Calque1
100
AcDbCircle
 10
119.4571046473216
 20
-146.3153985856384
 30
0.0
 40
1.0
100
AcDbArc
 50
125.366483699651
 51
180.0
  0
LINE
  5
7A81
330
1F
100
AcDbEntity
  8
Calque1
100
AcDbLine
 10
122.561019949753
 20
-151.9837891873257
 30
0.0
 11
118.8783003992026
 21
-149.369857563122
 31
0.0
  0
ARC
  5
7A82
330
1F
100
AcDbEntity
  8
Calque1
100
AcDbCircle
 10
123.139824197872
 20
-151.1683226690925
 30
0.0
 40
1.0
100
AcDbArc
 50
234.6335163003535
 51
0.0
  0
LINE
  5
7A83
330
1F
100
AcDbEntity
  8
Cut
100
AcDbLine
 10
101.677638130956
 20
-168.4625172433575
 30
0.0
 11
107.107989217865
 21
-168.4625172433575
 31
0.0
  0
ARC
  5
7A84
330
1F
100
AcDbEntity
  8
Cut
100
AcDbCircle
 10
101.677638130956
 20
-167.4625172433575
 30
0.0
 40
1.0
100
AcDbArc
 50
143.0415226851183
 51
270.0
  0
ARC
  5
7A85
330
1F
100
AcDbEntity
  8
Cut
100
AcDbCircle
 10
107.107989217865
 20
-167.4625172433575
 30
0.0
 40
1.0
100
AcDbArc
 50
270.0
 51
53.82806514973796
  0
LWPOLYLINE
  5
7A86
330
1F
100
AcDbEntity
  8
Cut
100
AcDbPolyline
 90
        6
 70
     1
 43
0.0
 10
112.8789080856147
 20
-153.857502840146
 10
108.2327314305337
 20
-157.155279910502
 42
0.4404180050514874
 10
108.0505033597239
 20
-158.6194603946292
 10
112.6966800148052
 20
-164.070076197383
 42
0.6973196755187404
 10
114.457712333734
 20
-163.4213622314892
 10
114.457712333734
 20
-154.6729693583793
 42
0.6090049327341934
  0
LINE
  5
7A87
330
1F
100
AcDbEntity
  8
Cut
100
AcDbLine
 10
104.1950213287191
 20
-164.0939630556913
 30
0.0
 11
107.6981995418691
 21
-166.6552677320915
 31
0.0
  0
ARC
  5
7A88
330
1F
100
AcDbEntity
  8
Cut
100
AcDbCircle
 10
103.6048110047149
 20
-164.9012125669574
 30
0.0
 40
1.0
100
AcDbArc
 50
53.82806514973796
 51
143.0415226851183
  0
LWPOLYLINE
  5
7A89
330
1F
100
AcDbEntity
  8
Cut
100
AcDbPolyline
 90
       11
 70
   128
 43
0.0
 10
118.4571046473215
 20
-176.5036722552259
 42
-0.6973196755187978
 10
120.2181369662503
 20
-175.854958289332
 10
125.1016052271459
 20
-181.583950372742
 42
-0.3010122909466801
 10
125.208321124803
 20
-182.4606924218569
 10
123.8356286814619
 20
-185.2060773085372
 42
-0.1425925614729653
 10
123.4558500399828
 20
-185.6162649437783
 10
121.0517362994262
 20
-187.0593158808415
 42
-0.2630472057865777
 10
120.067977456735
 20
-187.0850542386374
 10
118.9879943541509
 20
-186.5113836700789
 42
-0.2774346930662328
 10
118.4571046473215
 20
-185.6282440815421
 10
118.4571046473215
 20
-176.5036722552259
  0
LWPOLYLINE
  5
7A8A
330
1F
100
AcDbEntity
  8
Cut
100
AcDbPolyline
 90
       10
 70
   129
 43
0.0
 10
113.9268226269046
 20
-186.5113836700789
 10
112.8468395243203
 20
-187.0850542386374
 42
-0.2630472057865603
 10
111.863080681629
 20
-187.0593158808419
 10
109.4589669410727
 20
-185.6162649437783
 42
-0.1425925614729653
 10
109.0791882995936
 20
-185.2060773085372
 10
107.7064958562525
 20
-182.4606924218569
 42
-0.3010122909466801
 10
107.8132117539096
 20
-181.583950372742
 10
112.696680014805
 20
-175.854958289332
 42
-0.6973196755187978
 10
114.457712333734
 20
-176.5036722552259
 10
114.457712333734
 20
-185.6282440815421
 42
-0.2774346930662478
  0
LINE
  5
7A8B
330
1F
100
AcDbEntity
  8
Cut
100
AcDbLine
 10
100.8785666907663
 20
-166.8612811553912
 30
0.0
 11
102.8057395645253
 21
-164.2999764789911
 31
0.0
  0
LINE
  5
7A8C
330
1F
100
AcDbEntity
  8
Cut
100
AcDbLine
 10
101.677638130956
 20
-171.4625172433575
 30
0.0
 11
107.107989217865
 21
-171.4625172433575
 31
0.0
  0
ARC
  5
7A8D
330
1F
100
AcDbEntity
  8
Cut
100
AcDbCircle
 10
101.677638130956
 20
-172.4625172433575
 30
0.0
 40
1.0
100
AcDbArc
 50
90.0
 51
216.9584773149143
  0
ARC
  5
7A8E
330
1F
100
AcDbEntity
  8
Cut
100
AcDbCircle
 10
107.107989217865
 20
-172.4625172433575
 30
0.0
 40
1.0
100
AcDbArc
 50
306.1719348502937
 51
90.0
  0
LINE
  5
7A8F
330
1F
100
AcDbEntity
  8
Cut
100
AcDbLine
 10
104.1950213287191
 20
-175.8310714310237
 30
0.0
 11
107.6981995418691
 21
-173.2697667546235
 31
0.0
  0
ARC
  5
7A90
330
1F
100
AcDbEntity
  8
Cut
100
AcDbCircle
 10
103.6048110047149
 20
-175.0238219197576
 30
0.0
 40
1.0
100
AcDbArc
 50
216.9584773149143
 51
306.1719348502937
  0
LINE
  5
7A91
330
1F
100
AcDbEntity
  8
Cut
100
AcDbLine
 10
100.8785666907663
 20
-173.0637533313238
 30
0.0
 11
102.8057395645253
 21
-175.6250580077239
 31
0.0
  0
LINE
  5
7A92
330
1F
100
AcDbEntity
  8
Cut
100
AcDbLine
 10
131.2371788500995
 20
-168.4625172433575
 30
0.0
 11
125.8068277631905
 21
-168.4625172433575
 31
0.0
  0
ARC
  5
7A93
330
1F
100
AcDbEntity
  8
Cut
100
AcDbCircle
 10
131.2371788500995
 20
-167.4625172433575
 30
0.0
 40
1.0
100
AcDbArc
 50
270.0
 51
36.95847731491296
  0
ARC
  5
7A94
330
1F
100
AcDbEntity
  8
Cut
100
AcDbCircle
 10
125.8068277631905
 20
-167.4625172433575
 30
0.0
 40
1.0
100
AcDbArc
 50
126.171934850262
 51
270.0
  0
LINE
  5
7A95
330
1F
100
AcDbEntity
  8
Cut
100
AcDbLine
 10
128.7197956523364
 20
-164.0939630556913
 30
0.0
 11
125.2166174391864
 21
-166.6552677320915
 31
0.0
  0
ARC
  5
7A96
330
1F
100
AcDbEntity
  8
Cut
100
AcDbCircle
 10
129.3100059763405
 20
-164.9012125669574
 30
0.0
 40
1.0
100
AcDbArc
 50
36.95847731488169
 51
126.171934850262
  0
LINE
  5
7A97
330
1F
100
AcDbEntity
  8
Cut
100
AcDbLine
 10
132.0362502902892
 20
-166.8612811553912
 30
0.0
 11
130.1090774165302
 21
-164.2999764789911
 31
0.0
  0
LINE
  5
7A98
330
1F
100
AcDbEntity
  8
Cut
100
AcDbLine
 10
131.2371788500995
 20
-171.4625172433575
 30
0.0
 11
125.8068277631905
 21
-171.4625172433575
 31
0.0
  0
ARC
  5
7A99
330
1F
100
AcDbEntity
  8
Cut
100
AcDbCircle
 10
131.2371788500995
 20
-172.4625172433575
 30
0.0
 40
1.0
100
AcDbArc
 50
323.0415226850857
 51
90.0
  0
ARC
  5
7A9A
330
1F
100
AcDbEntity
  8
Cut
100
AcDbCircle
 10
125.8068277631905
 20
-172.4625172433575
 30
0.0
 40
1.0
100
AcDbArc
 50
90.0
 51
233.8280651497379
  0
LINE
  5
7A9B
330
1F
100
AcDbEntity
  8
Cut
100
AcDbLine
 10
128.7197956523364
 20
-175.8310714310237
 30
0.0
 11
125.2166174391864
 21
-173.2697667546235
 31
0.0
  0
ARC
  5
7A9C
330
1F
100
AcDbEntity
  8
Cut
100
AcDbCircle
 10
129.3100059763405
 20
-175.0238219197576
 30
0.0
 40
1.0
100
AcDbArc
 50
233.8280651497379
 51
323.0415226850857
  0
LINE
  5
7A9D
330
1F
100
AcDbEntity
  8
Cut
100
AcDbLine
 10
132.0362502902892
 20
-173.0637533313238
 30
0.0
 11
130.1090774165302
 21
-175.6250580077239
 31
0.0
  0
LWPOLYLINE
  5
7A9E
330
1F
100
AcDbEntity
  8
Cut
100
AcDbPolyline
 90
        6
 70
     1
 43
0.0
 10
120.0359088954308
 20
-153.857502840146
 10
124.6820855505118
 20
-157.155279910502
 42
-0.4404180050514874
 10
124.8643136213215
 20
-158.6194603946292
 10
120.2181369662403
 20
-164.070076197383
 42
-0.6973196755187404
 10
118.4571046473115
 20
-163.4213622314892
 10
118.4571046473115
 20
-154.6729693583793
 42
-0.6090049327341934
  0
LINE
  5
7A9F
330
1F
100
AcDbEntity
  8
Calque2
100
AcDbLine
 10
0.0
 20
-691.0987564353127
 30
0.0
 11
405.231840642824
 21
-691.0987564353127
 31
0.0
  0
MTEXT
  5
7AA0
102
{ACAD_XDICTIONARY
360
7AA1
102
}
330
1F
100
AcDbEntity
  8
0
  6
JIS_09_08
100
AcDbMText
 10
77.42121309468348
 20
-374.148113380284
 30
0.0
 40
10.0
 41
327.7561439170822
 46
0.0
 71
     1
 72
     5
  1
{\fISOCPEUR|b0|i0|c0|p34;BOTTOM 2.5"}
 73
     1
 44
1.0
1001
ACAD
1000
ACAD_MTEXT_COLUMN_INFO_BEGIN
1070
    75
1070
     2
1070
    79
1070
     0
1070
    76
1070
     1
1070
    78
1070
     0
1070
    48
1040
327.7561439170822
1070
    49
1040
12.5
1070
    50
1070
     1
1040
0.0
1000
ACAD_MTEXT_COLUMN_INFO_END
  0
MTEXT
  5
7AA2
102
{ACAD_XDICTIONARY
360
7AA3
102
}
330
1F
100
AcDbEntity
  8
0
  6
JIS_09_08
100
AcDbMText
 10
151.6580427496519
 20
-393.9825167517088
 30
0.0
 40
10.0
 41
327.7561439170822
 46
0.0
 71
     1
 72
     5
  1
\pi139.37807;{\fISOCPEUR|b0|i0|c0|p34;2mm (x1)}
 73
     1
 44
1.0
1001
ACAD
1000
ACAD_MTEXT_COLUMN_INFO_BEGIN
1070
    75
1070
     2
1070
    79
1070
     0
1070
    76
1070
     1
1070
    78
1070
     0
1070
    48
1040
327.7561439170822
1070
    49
1040
12.5
1070
    50
1070
     1
1040
0.0
1000
ACAD_MTEXT_COLUMN_INFO_END
  0
MTEXT
  5
7AA4
102
{ACAD_XDICTIONARY
360
7AA5
102
}
330
1F
100
AcDbEntity
  8
0
  6
JIS_09_08
100
AcDbMText
 10
147.0357802005656
 20
-375.802183499637
 30
0.0
 40
10.0
 41
327.7561439170822
 46
0.0
 71
     1
 72
     5
  1
\pi152.87807;{\fISOCPEUR|b0|i0|c0|p34;TOP}
 73
     1
 44
1.0
1001
ACAD
1000
ACAD_MTEXT_COLUMN_INFO_BEGIN
1070
    75
1070
     2
1070
    79
1070
     0
1070
    76
1070
     1
1070
    78
1070
     0
1070
    48
1040
327.7561439170822
1070
    49
1040
12.5
1070
    50
1070
     1
1040
0.0
1000
ACAD_MTEXT_COLUMN_INFO_END
  0
MTEXT
  5
7AA6
102
{ACAD_XDICTIONARY
360
7AA7
102
}
330
1F
100
AcDbEntity
  8
0
  6
JIS_09_08
100
AcDbMText
 10
-59.05870909480109
 20
-624.7545365493356
 30
0.0
 40
30.0
 41
327.756144
 46
0.0
 71
     1
 72
     5
  1
{\fISOCPEUR|b0|i0|c0|p34;2.5" TANK}
 11
0.0000000000000001
 21
1.0
 31
0.0
 73
     1
 44
1.0
1001
ACAD
1000
ACAD_MTEXT_COLUMN_INFO_BEGIN
1070
    75
1070
     2
1070
    79
1070
     0
1070
    76
1070
     1
1070
    78
1070
     0
1070
    48
1040
327.756144
1070
    49
1040
12.5
1070
    50
1070
     1
1040
0.0
1000
ACAD_MTEXT_COLUMN_INFO_END
  0
CIRCLE
  5
7AA8
330
1F
100
AcDbEntity
  8
Cut
100
AcDbCircle
 10
69.32171996054046
 20
-473.4707151034231
 30
0.0
 40
2.250000000000131
  0
CIRCLE
  5
7AA9
330
1F
100
AcDbEntity
  8
Cut
100
AcDbCircle
 10
69.32171996054046
 20
-541.5591819972287
 30
0.0
 40
2.250000000000131
  0
CIRCLE
  5
7AAA
330
1F
100
AcDbEntity
  8
Cut
100
AcDbCircle
 10
115.8851054066835
 20
-481.8955601657062
 30
0.0
 40
1.0
  0
CIRCLE
  5
7AAB
330
1F
100
AcDbEntity
  8
Cut
100
AcDbCircle
 10
115.8851054066786
 20
-489.483725630067
 30
0.0
 40
1.0
  0
CIRCLE
  5
7AAC
330
1F
100
AcDbEntity
  8
Cut
100
AcDbCircle
 10
115.8851054066776
 20
-525.5461714705811
 30
0.0
 40
1.0
  0
LWPOLYLINE
  5
7AAD
330
1F
100
AcDbEntity
  8
Cut
100
AcDbPolyline
 90
        8
 70
     1
 43
0.0
 10
122.8351054293946
 20
-463.7982450976669
 42
1.0
 10
122.8351054066886
 20
-465.3982450976664
 10
122.8351054066886
 20
-467.1982450976665
 42
1.0
 10
122.8351054066886
 20
-468.7982450976664
 10
124.9351054066885
 20
-468.7982450976664
 42
1.0
 10
124.9351054066885
 20
-467.1982450976665
 10
124.9351054066885
 20
-465.3982450976664
 42
1.0
 10
124.9351054293945
 20
-463.7982450976669
  0
LWPOLYLINE
  5
7AAE
330
1F
100
AcDbEntity
  8
Cut
100
AcDbPolyline
 90
        8
 70
     1
 43
0.0
 10
108.9351053839934
 20
-463.798245097656
 42
-1.0
 10
108.9351054066976
 20
-465.3982450976559
 10
108.9351054066955
 20
-467.1982450976561
 42
-1.0
 10
108.9351054066935
 20
-468.798245097656
 10
106.8351054066934
 20
-468.7982450976533
 42
-1.0
 10
106.8351054066956
 20
-467.1982450976534
 10
106.8351054066975
 20
-465.3982450976537
 42
-1.0
 10
106.8351053839935
 20
-463.7982450976533
  0
CIRCLE
  5
7AAF
330
1F
100
AcDbEntity
  8
Cut
100
AcDbCircle
 10
162.4484908528375
 20
-473.4707151034909
 30
0.0
 40
2.250000000000131
  0
CIRCLE
  5
7AB0
330
1F
100
AcDbEntity
  8
Cut
100
AcDbCircle
 10
162.4484908527376
 20
-541.5591819972974
 30
0.0
 40
2.250000000000131
  0
CIRCLE
  5
7AB1
330
1F
100
AcDbEntity
  8
Cut
100
AcDbCircle
 10
97.85388248641949
 20
-507.5149485503261
 30
0.0
 40
1.0
  0
LINE
  5
7AB2
330
1F
100
AcDbEntity
  8
Cut
100
AcDbLine
 10
103.4440928104255
 20
-503.9933433518108
 30
0.0
 11
107.1566037795131
 21
-506.7076990390601
 31
0.0
  0
ARC
  5
7AB3
330
1F
100
AcDbEntity
  8
Cut
100
AcDbCircle
 10
102.8538824864213
 20
-504.8005928630768
 30
0.0
 40
1.0
100
AcDbArc
 50
53.82806514972608
 51
180.0
  0
LINE
  5
7AB4
330
1F
100
AcDbEntity
  8
Cut
100
AcDbLine
 10
103.4440928104253
 20
-511.0365537488414
 30
0.0
 11
107.156603779513
 21
-508.3221980615921
 31
0.0
  0
ARC
  5
7AB5
330
1F
100
AcDbEntity
  8
Cut
100
AcDbCircle
 10
106.566393455509
 20
-507.5149485503261
 30
0.0
 40
1.0
100
AcDbArc
 50
306.171934850274
 51
53.82806514972608
  0
CIRCLE
  5
7AB6
330
1F
100
AcDbEntity
  8
Cut
100
AcDbCircle
 10
64.87502999374192
 20
-474.1613295683546
 30
0.0
 40
1.0
  0
CIRCLE
  5
7AB7
330
1F
100
AcDbEntity
  8
Cut
100
AcDbCircle
 10
73.76840992733867
 20
-472.7801006384888
 30
0.0
 40
1.0
  0
CIRCLE
  5
7AB8
330
1F
100
AcDbEntity
  8
Cut
100
AcDbCircle
 10
68.63110549569933
 20
-469.0240251366104
 30
0.0
 40
0.9999999999999998
  0
CIRCLE
  5
7AB9
330
1F
100
AcDbEntity
  8
Cut
100
AcDbCircle
 10
70.01233442537909
 20
-477.9174050702359
 30
0.0
 40
0.9999999999999998
  0
CIRCLE
  5
7ABA
330
1F
100
AcDbEntity
  8
Cut
100
AcDbCircle
 10
64.87502999374192
 20
-540.8685675322986
 30
0.0
 40
1.0
  0
CIRCLE
  5
7ABB
330
1F
100
AcDbEntity
  8
Cut
100
AcDbCircle
 10
73.76840992733867
 20
-542.2497964621643
 30
0.0
 40
1.0
  0
CIRCLE
  5
7ABC
330
1F
100
AcDbEntity
  8
Cut
100
AcDbCircle
 10
68.63110549569933
 20
-546.0058719640433
 30
0.0
 40
0.9999999999999998
  0
CIRCLE
  5
7ABD
330
1F
100
AcDbEntity
  8
Cut
100
AcDbCircle
 10
70.01233442537909
 20
-537.1124920304173
 30
0.0
 40
0.9999999999999998
  0
CIRCLE
  5
7ABE
330
1F
100
AcDbEntity
  8
Cut
100
AcDbCircle
 10
166.8951808196252
 20
-474.1613295683546
 30
0.0
 40
1.0
  0
CIRCLE
  5
7ABF
330
1F
100
AcDbEntity
  8
Cut
100
AcDbCircle
 10
158.0018008860285
 20
-472.7801006384888
 30
0.0
 40
1.0
  0
CIRCLE
  5
7AC0
330
1F
100
AcDbEntity
  8
Cut
100
AcDbCircle
 10
163.1391053176678
 20
-469.0240251366104
 30
0.0
 40
0.9999999999999998
  0
CIRCLE
  5
7AC1
330
1F
100
AcDbEntity
  8
Cut
100
AcDbCircle
 10
161.757876387988
 20
-477.9174050702359
 30
0.0
 40
0.9999999999999998
  0
CIRCLE
  5
7AC2
330
1F
100
AcDbEntity
  8
Cut
100
AcDbCircle
 10
166.8951808196252
 20
-540.8685675322986
 30
0.0
 40
1.0
  0
CIRCLE
  5
7AC3
330
1F
100
AcDbEntity
  8
Cut
100
AcDbCircle
 10
158.0018008860285
 20
-542.2497964621643
 30
0.0
 40
1.0
  0
CIRCLE
  5
7AC4
330
1F
100
AcDbEntity
  8
Cut
100
AcDbCircle
 10
163.1391053176678
 20
-546.0058719640433
 30
0.0
 40
0.9999999999999998
  0
CIRCLE
  5
7AC5
330
1F
100
AcDbEntity
  8
Cut
100
AcDbCircle
 10
161.757876387988
 20
-537.1124920304173
 30
0.0
 40
0.9999999999999998
  0
LINE
  5
7AC7
330
1F
100
AcDbEntity
  8
Cut
100
AcDbLine
 10
101.8538824864213
 20
-510.2293042375754
 30
0.0
 11
101.8538824864213
 21
-504.8005928630768
 31
0.0
  0
ARC
  5
7AC8
330
1F
100
AcDbEntity
  8
Cut
100
AcDbCircle
 10
102.8538824864213
 20
-510.2293042375754
 30
0.0
 40
1.0
100
AcDbArc
 50
180.0
 51
306.171934850274
  0
CIRCLE
  5
7AC9
330
1F
100
AcDbEntity
  8
Cut
100
AcDbCircle
 10
133.9163283269477
 20
-507.5149485503261
 30
0.0
 40
1.0
  0
CIRCLE
  5
7ACA
330
1F
100
AcDbEntity
  8
Cut
100
AcDbCircle
 10
107.3847585416185
 20
-539.7561230674036
 30
0.0
 40
1.0
  0
CIRCLE
  5
7ACB
330
1F
100
AcDbEntity
  8
Cut
100
AcDbCircle
 10
124.3854522717486
 20
-539.7561230674036
 30
0.0
 40
1.0
  0
LINE
  5
7ACC
330
1F
100
AcDbEntity
  8
Cut
100
AcDbLine
 10
128.3261180029416
 20
-503.9933433518108
 30
0.0
 11
124.613607033854
 21
-506.7076990390601
 31
0.0
  0
ARC
  5
7ACD
330
1F
100
AcDbEntity
  8
Cut
100
AcDbCircle
 10
128.9163283269458
 20
-504.8005928630768
 30
0.0
 40
1.0
100
AcDbArc
 50
0.0
 51
126.1719348502793
  0
LINE
  5
7ACE
330
1F
100
AcDbEntity
  8
Cut
100
AcDbLine
 10
128.3261180029418
 20
-511.0365537488414
 30
0.0
 11
124.6136070338541
 21
-508.3221980615921
 31
0.0
  0
ARC
  5
7ACF
330
1F
100
AcDbEntity
  8
Cut
100
AcDbCircle
 10
125.2038173578581
 20
-507.5149485503261
 30
0.0
 40
1.0
100
AcDbArc
 50
126.1719348502793
 51
233.8280651497206
  0
LINE
  5
7AD0
330
1F
100
AcDbEntity
  8
Cut
100
AcDbLine
 10
129.9163283269458
 20
-510.2293042375754
 30
0.0
 11
129.9163283269458
 21
-504.8005928630768
 31
0.0
  0
ARC
  5
7AD1
330
1F
100
AcDbEntity
  8
Cut
100
AcDbCircle
 10
128.9163283269458
 20
-510.2293042375754
 30
0.0
 40
1.0
100
AcDbArc
 50
233.828065149742
 51
0.0
  0
LWPOLYLINE
  5
7AD2
330
1F
100
AcDbEntity
  8
Cut
100
AcDbPolyline
 90
        9
 70
     1
 43
0.0
 10
111.3851053247222
 20
-491.3337256300669
 42
0.4142135623730946
 10
110.3851053247222
 20
-492.3337256300669
 10
110.3851053247222
 20
-495.983725630067
 42
0.414213562373097
 10
111.3851053247222
 20
-496.9837256300674
 10
115.8851053042331
 20
-496.9837256300674
 10
120.3851054220035
 20
-496.9837256300674
 42
0.4142135818889223
 10
121.3851054220035
 20
-495.9837255634356
 10
121.385105283744
 20
-492.3337256300669
 42
0.4142135623730946
 10
120.385105283744
 20
-491.3337256300669
  0
LWPOLYLINE
  5
7AD3
330
1F
100
AcDbEntity
  8
Cut
100
AcDbPolyline
 90
        9
 70
     1
 43
0.0
 10
111.3851053247222
 20
-523.6961714705853
 42
-0.4142135623730946
 10
110.3851053247222
 20
-522.6961714705853
 10
110.3851053247222
 20
-519.0461714705852
 42
-0.414213562373097
 10
111.3851053247222
 20
-518.0461714705848
 10
115.8851053042331
 20
-518.0461714705848
 10
120.3851054220035
 20
-518.0461714705848
 42
-0.4142135818889223
 10
121.3851054220035
 20
-519.0461715372166
 10
121.385105283744
 20
-522.6961714705853
 42
-0.4142135623730946
 10
120.385105283744
 20
-523.6961714705853
  0
MTEXT
  5
7AD5
102
{ACAD_XDICTIONARY
360
7AD6
102
}
330
1F
100
AcDbEntity
  8
chamfered
  6
JIS_09_08
100
AcDbMText
 10
155.5756355586399
 20
-604.6749755726652
 30
0.0
 40
10.0
 41
327.7561439170822
 46
0.0
 71
     1
 72
     5
  1
\pi133.87807;{\fISOCPEUR|b0|i0|c0|p34;chamfered\P\pi113.87807;(2 sides : 0.5mm)}
 73
     1
 44
1.0
1001
ACAD
1000
ACAD_MTEXT_COLUMN_INFO_BEGIN
1070
    75
1070
     2
1070
    79
1070
     0
1070
    76
1070
     1
1070
    78
1070
     0
1070
    48
1040
327.7561439170822
1070
    49
1040
12.5
1070
    50
1070
     1
1040
0.0
1000
ACAD_MTEXT_COLUMN_INFO_END
  0
MTEXT
  5
7AD7
102
{ACAD_XDICTIONARY
360
7AD8
102
}
330
1F
100
AcDbEntity
  8
countersunk
100
AcDbMText
 10
159.8429221122687
 20
-622.9782499889069
 30
0.0
 40
10.0
 41
327.7561439170822
 46
0.0
 71
     1
 72
     5
  1
\pi163.87807;{\fISOCPEUR|b0|i0|c0|p34;\P\pi106.87807;+3 countersunk M2}
 73
     1
 44
1.0
1001
ACAD
1000
ACAD_MTEXT_COLUMN_INFO_BEGIN
1070
    75
1070
     2
1070
    79
1070
     0
1070
    76
1070
     1
1070
    78
1070
     0
1070
    48
1040
327.7561439170822
1070
    49
1040
12.5
1070
    50
1070
     1
1040
0.0
1000
ACAD_MTEXT_COLUMN_INFO_END
  0
MTEXT
  5
7AD9
102
{ACAD_XDICTIONARY
360
7ADA
102
}
330
1F
100
AcDbEntity
  8
Calque1_pocket
100
AcDbMText
 10
159.8429221122687
 20
-640.1278248037551
 30
0.0
 40
10.0
 41
327.7561439170822
 46
0.0
 71
     1
 72
     5
  1
\pi163.87807;{\fISOCPEUR|b0|i0|c0|p34;\P\pi106.37807;+4 pockets (0.5mm)}
 73
     1
 44
1.0
1001
ACAD
1000
ACAD_MTEXT_COLUMN_INFO_BEGIN
1070
    75
1070
     2
1070
    79
1070
     0
1070
    76
1070
     1
1070
    78
1070
     0
1070
    48
1040
327.7561439170822
1070
    49
1040
12.5
1070
    50
1070
     1
1040
0.0
1000
ACAD_MTEXT_COLUMN_INFO_END
  0
CIRCLE
  5
7ADB
330
1F
100
AcDbEntity
  8
Cut
100
AcDbCircle
 10
313.5126036346605
 20
-474.8855260663281
 30
0.0
 40
1.0
  0
LWPOLYLINE
  5
7ADC
330
1F
100
AcDbEntity
  8
Cut
100
AcDbPolyline
 90
        8
 70
     1
 43
0.0
 10
322.5626035303517
 20
-476.802386533403
 10
322.5626035303517
 20
-479.6023865334031
 42
-1.0
 10
322.5626035303517
 20
-481.2023865334035
 10
320.4626036346606
 20
-481.2023865334035
 42
-1.0
 10
320.4626036346606
 20
-479.6023865334031
 10
320.4626036346606
 20
-476.802386533403
 42
-1.0
 10
320.4626036346606
 20
-475.2023865334035
 10
322.5626035303517
 20
-475.2023865334035
 42
-1.0
  0
LWPOLYLINE
  5
7ADD
330
1F
100
AcDbEntity
  8
Cut
100
AcDbPolyline
 90
       67
 70
   129
 43
0.0
 10
314.280462505205
 20
-528.8351582782083
 42
0.4680299640774991
 10
312.744744764116
 20
-528.8351582782083
 10
307.7038008365537
 20
-534.8773350893493
 42
-0.2224363999815613
 10
306.1680830954656
 20
-535.5960970085448
 10
304.1625469253741
 20
-535.5960970085448
 42
-0.4141136240756063
 10
302.1625470418072
 20
-533.5967794540247
 10
302.157528003481
 20
-518.8878006897475
 42
0.2428796981616382
 10
301.7363323622901
 20
-518.0728046842355
 10
301.079214532125
 20
-517.6063936383984
 42
-0.2430042688561865
 10
300.4474209043049
 20
-516.3831938610501
 10
300.4474209043049
 20
-514.7702165458313
 42
-0.2430042688564727
 10
301.079214532125
 20
-513.5470167684821
 10
301.74101889433
 20
-513.0772793020091
 42
0.2430059171593061
 10
302.1622146461921
 20
-512.261806558195
 10
302.162102805068
 20
-484.6201836397153
 42
0.1989113158294729
 10
301.8692095862626
 20
-483.9130809046414
 10
300.5326993403937
 20
-482.5765706587726
 42
-0.1989123673796956
 10
300.2398061215806
 20
-481.8694638775864
 10
300.2406882524137
 20
-469.6938460223477
 42
-0.1880176681474144
 10
300.5326993403937
 20
-469.0287330920478
 10
301.969710468005
 20
-467.5917219644357
 42
-0.1989123673796859
 10
302.6768172491917
 20
-467.2988287456223
 10
304.0626037389686
 20
-467.2988287456223
 42
-0.4142135623730534
 10
304.4626037389687
 20
-467.698828745622
 10
304.4626037389678
 20
-468.2320287456223
 42
0.9999999999999642
 10
304.4626037389687
 20
-469.8320287456222
 10
306.5626036346607
 20
-469.8320287456222
 42
0.9999999999999998
 10
306.5626036346607
 20
-468.2320287456223
 10
306.5626036346607
 20
-467.2988287456223
 10
308.0586693496499
 20
-467.2988287456223
 42
-0.2539340380393453
 10
308.8972711288683
 20
-467.7540837998986
 10
310.7306714288511
 20
-470.5764922786825
 42
0.1754435817465023
 10
311.8168207302428
 20
-471.3976710830661
 10
313.2670765061389
 20
-471.8462992790578
 42
0.0625780914076493
 10
313.5126036346605
 20
-471.8897141489146
 42
0.0625780914076493
 10
313.7581307631822
 20
-471.8462992790578
 10
315.2083865390782
 20
-471.3976710830661
 42
0.1754435817465023
 10
316.29453584047
 20
-470.5764922786825
 10
318.1279361404528
 20
-467.7540837998986
 42
-0.2539340380393453
 10
318.9665379196712
 20
-467.2988287456223
 10
320.4626036346604
 20
-467.2988287456223
 10
320.4626036346604
 20
-468.2320287456223
 42
0.9999999999999998
 10
320.4626036346604
 20
-469.8320287456222
 10
322.5626035303524
 20
-469.8320287456222
 42
0.9999999999999642
 10
322.5626035303533
 20
-468.2320287456223
 10
322.5626035303524
 20
-467.698828745622
 42
-0.4142135623730534
 10
322.9626035303525
 20
-467.2988287456223
 10
324.3483900201294
 20
-467.2988287456223
 42
-0.1989123673796859
 10
325.055496801316
 20
-467.5917219644357
 10
326.4925079289274
 20
-469.0287330920478
 42
-0.1880176681474144
 10
326.7845190169073
 20
-469.6938460223477
 10
326.7854011477405
 20
-481.8694638775864
 42
-0.1989123673796956
 10
326.4925079289274
 20
-482.5765706587726
 10
325.1559976830497
 20
-483.91308090465
 42
0.1989123673797007
 10
324.8631044642361
 20
-484.6201876858367
 10
324.862992623129
 20
-512.261806558195
 42
0.2430059171593061
 10
325.2841883749911
 20
-513.0772793020091
 10
325.9459927371961
 20
-513.5470167684821
 42
-0.2430042688564727
 10
326.5777863650162
 20
-514.7702165458313
 10
326.5777863650162
 20
-516.3831938610501
 42
-0.2430042688561865
 10
325.9459927371961
 20
-517.6063936383984
 10
325.288874907031
 20
-518.0728046842355
 42
0.2428796981616382
 10
324.86767926584
 20
-518.8878006897475
 10
324.8626602275138
 20
-533.5967794540247
 42
-0.4141136240756063
 10
322.8626603439469
 20
-535.5960970085448
 10
320.8571241738555
 20
-535.5960970085448
 42
-0.2224363999815613
 10
319.3214064327674
 20
-534.8773350893493
  0
CIRCLE
  5
7ADE
330
1F
100
AcDbEntity
  8
Cut
100
AcDbCircle
 10
305.0122567695955
 20
-532.7460970085453
 30
0.0
 40
1.0
  0
LWPOLYLINE
  5
7ADF
330
1F
100
AcDbEntity
  8
Cut
100
AcDbPolyline
 90
        8
 70
     1
 43
0.0
 10
307.9641650636848
 20
-508.5020887930581
 10
306.9641650636847
 20
-508.5020887930581
 42
-0.4142135623731617
 10
305.9641650636848
 20
-507.5020887930586
 10
305.9641650636848
 20
-493.5077561898769
 42
-0.4142135623730951
 10
306.9641650636847
 20
-492.507756189877
 10
307.9641650636848
 20
-492.507756189877
 42
-0.4142135623730951
 10
308.9641650636847
 20
-493.5077561898769
 10
308.9641650636847
 20
-507.5020887930586
 42
-0.4142135623731617
  0
LINE
  5
7AE0
330
1F
100
AcDbEntity
  8
Cut
100
AcDbLine
 10
305.9641650636848
 20
-500.5049224914678
 30
0.0
 11
305.9641650636848
 21
-500.5049224914678
 31
0.0
  0
LWPOLYLINE
  5
7AE1
330
1F
100
AcDbEntity
  8
Cut
100
AcDbPolyline
 90
        8
 70
     1
 43
0.0
 10
304.4626037389687
 20
-476.802386533403
 10
304.4626037389687
 20
-479.6023865334031
 42
1.0
 10
304.4626037389687
 20
-481.2023865334035
 10
306.5626036346607
 20
-481.2023865334035
 42
1.0
 10
306.5626036346607
 20
-479.6023865334031
 10
306.5626036346607
 20
-476.802386533403
 42
1.0
 10
306.5626036346607
 20
-475.2023865334035
 10
304.4626037389687
 20
-475.2023865334035
 42
1.0
  0
CIRCLE
  5
7AE2
330
1F
100
AcDbEntity
  8
countersunk
100
AcDbCircle
 10
305.0122567695955
 20
-532.7460970085453
 30
0.0
 40
1.85
  0
CIRCLE
  5
7AE3
330
1F
100
AcDbEntity
  8
countersunk
100
AcDbCircle
 10
313.5126036346605
 20
-474.8855260663281
 30
0.0
 40
1.85
  0
LWPOLYLINE
  5
7AE4
330
1F
100
AcDbEntity
  8
Calque1_pocket
100
AcDbPolyline
 90
        5
 70
     0
 43
0.0
 10
316.0910509767386
 20
-491.4109187716662
 10
312.7048023689272
 20
-491.4109187716662
 42
-0.2450663637303342
 10
311.766696265619
 20
-490.9217436209169
 42
-0.113398850918212
 10
311.5355525867185
 20
-490.3491012478048
 42
-0.0371575522549479
 10
311.4384023644666
 20
-489.1887485675693
 42
-0.049183095109329
  0
LWPOLYLINE
  5
7AE5
330
1F
100
AcDbEntity
  8
Calque1_pocket
100
AcDbPolyline
 90
        5
 70
     0
 43
0.0
 10
316.0910509767386
 20
-490.3709187716672
 10
312.7048023689272
 20
-490.3709187716672
 42
-0.2450663637312717
 10
312.6194417910451
 20
-490.3264075235179
 42
-0.1133988509190671
 10
312.5626292226038
 20
-490.1856583402836
 42
-0.037157552254976
 10
312.4783578819793
 20
-489.1791297529721
  0
LINE
  5
7AE6
330
1F
100
AcDbEntity
  8
Calque1_pocket
100
AcDbLine
 10
311.5735185491126
 20
-498.3882386570144
 30
0.0
 11
315.5175863338822
 21
-498.3882386570144
 31
0.0
  0
LINE
  5
7AE7
330
1F
100
AcDbEntity
  8
Calque1_pocket
100
AcDbLine
 10
315.9122045756808
 20
-499.2468777617254
 30
0.0
 11
312.7049724130125
 21
-502.9842852243196
 31
0.0
  0
ARC
  5
7AE8
330
1F
100
AcDbEntity
  8
Calque1_pocket
100
AcDbCircle
 10
315.5175863338822
 20
-498.9082386570139
 30
0.0
 40
0.5200000000000001
100
AcDbArc
 50
319.3656689924385
 51
90.0
  0
LWPOLYLINE
  5
7AE9
330
1F
100
AcDbEntity
  8
Calque1_pocket
100
AcDbPolyline
 90
        5
 70
     0
 43
0.0
 10
311.5735185491126
 20
-499.4282386570135
 10
314.3861324699806
 20
-499.4282386570135
 10
311.1789003073141
 20
-503.1656461196084
 42
0.6409682668034211
 10
311.5735185491126
 20
-504.0242852243213
 10
315.5175863338822
 20
-504.0242852243168
  0
LINE
  5
7AEA
330
1F
100
AcDbEntity
  8
Calque1_pocket
100
AcDbLine
 10
312.7049724130152
 20
-502.9842852243196
 30
0.0
 11
315.5175863338822
 21
-502.9842852243177
 31
0.0
  0
LINE
  5
7AEB
330
1F
100
AcDbEntity
  8
Calque1_pocket
100
AcDbLine
 10
315.5995634004489
 20
-506.452857138875
 30
0.0
 11
315.5995634004489
 21
-508.7154773072793
 31
0.0
  0
ARC
  5
7AEC
330
1F
100
AcDbEntity
  8
Calque1_pocket
100
AcDbCircle
 10
314.2995634004488
 20
-506.452857138875
 30
0.0
 40
1.3
100
AcDbArc
 50
0.0
 51
90.0
  0
LINE
  5
7AED
330
1F
100
AcDbEntity
  8
Calque1_pocket
100
AcDbLine
 10
314.2995634004488
 20
-510.0154773072794
 30
0.0
 11
312.7256438688724
 21
-510.0154773072794
 31
0.0
  0
ARC
  5
7AEE
330
1F
100
AcDbEntity
  8
Calque1_pocket
100
AcDbCircle
 10
314.2995634004488
 20
-508.7154773072793
 30
0.0
 40
1.3
100
AcDbArc
 50
270.0
 51
0.0
  0
LINE
  5
7AEF
330
1F
100
AcDbEntity
  8
Calque1_pocket
100
AcDbLine
 10
314.2995634004488
 20
-505.1528571388749
 30
0.0
 11
312.7256438688724
 21
-505.1528571388749
 31
0.0
  0
ARC
  5
7AF0
330
1F
100
AcDbEntity
  8
Calque1_pocket
100
AcDbCircle
 10
312.7256438688724
 20
-506.452857138875
 30
0.0
 40
1.3
100
AcDbArc
 50
90.0
 51
180.0
  0
ARC
  5
7AF1
330
1F
100
AcDbEntity
  8
Calque1_pocket
100
AcDbCircle
 10
314.2995634004515
 20
-496.0760094572147
 30
0.0
 40
1.3
100
AcDbArc
 50
270.0
 51
0.0
  0
LINE
  5
7AF2
330
1F
100
AcDbEntity
  8
Calque1_pocket
100
AcDbLine
 10
314.2995634004515
 20
-492.4331791754207
 30
0.0
 11
312.7412067971477
 21
-492.4331791754207
 31
0.0
  0
ARC
  5
7AF3
330
1F
100
AcDbEntity
  8
Calque1_pocket
100
AcDbCircle
 10
312.7412067971477
 20
-493.7331791754209
 30
0.0
 40
1.3
100
AcDbArc
 50
90.0
 51
180.0
  0
ARC
  5
7AF4
330
1F
100
AcDbEntity
  8
Calque1_pocket
100
AcDbCircle
 10
312.7412067971477
 20
-493.7331791754209
 30
0.0
 40
0.26
100
AcDbArc
 50
90.0
 51
180.0
  0
ARC
  5
7AF5
330
1F
100
AcDbEntity
  8
Calque1_pocket
100
AcDbCircle
 10
314.2995634004515
 20
-493.7331791754209
 30
0.0
 40
1.3
100
AcDbArc
 50
0.0
 51
90.0
  0
LWPOLYLINE
  5
7AF6
330
1F
100
AcDbEntity
  8
Calque1_pocket
100
AcDbPolyline
 90
        5
 70
     0
 43
0.0
 10
312.7412067971477
 20
-493.4731791754197
 10
312.958197407032
 20
-493.4731791754197
 10
312.9581974070484
 20
-496.8560094572181
 42
0.4142135623714801
 10
313.4781974070479
 20
-497.3760094572148
 10
314.2995634004515
 20
-497.3760094572148
  0
LINE
  5
7AF7
330
1F
100
AcDbEntity
  8
Calque1_pocket
100
AcDbLine
 10
311.4412067971475
 20
-493.7331791754209
 30
0.0
 11
311.4412067971475
 21
-495.8375581741497
 31
0.0
  0
LINE
  5
7AF8
330
1F
100
AcDbEntity
  8
Calque1_pocket
100
AcDbLine
 10
312.4812067971466
 20
-493.7331791754209
 30
0.0
 11
312.4812067971466
 21
-495.8375581741497
 31
0.0
  0
LINE
  5
7AF9
330
1F
100
AcDbEntity
  8
Calque1_pocket
100
AcDbLine
 10
315.5995634004516
 20
-493.7331791754209
 30
0.0
 11
315.5995634004516
 21
-496.0760094572147
 31
0.0
  0
ARC
  5
7AFA
330
1F
100
AcDbEntity
  8
Calque1_pocket
100
AcDbCircle
 10
312.7256438688724
 20
-508.7154773072793
 30
0.0
 40
1.3
100
AcDbArc
 50
180.0
 51
270.0
  0
LINE
  5
7AFB
330
1F
100
AcDbEntity
  8
Calque1_pocket
100
AcDbLine
 10
311.4256438688721
 20
-506.452857138875
 30
0.0
 11
311.4256438688721
 21
-508.7154773072793
 31
0.0
  0
LINE
  5
7AFC
330
1F
100
AcDbEntity
  8
Calque1_pocket
100
AcDbLine
 10
311.4577558251299
 20
-495.8375581741497
 30
0.0
 11
311.4412067971475
 21
-495.8375581741497
 31
0.0
  0
ARC
  5
7AFD
330
1F
100
AcDbEntity
  8
Calque1_pocket
100
AcDbCircle
 10
311.9583801232225
 20
-489.183939160272
 30
0.0
 40
0.5199999999999406
100
AcDbArc
 50
0.5299282095855065
 51
180.5299282095855
  0
ARC
  5
7AFE
330
1F
100
AcDbEntity
  8
Calque1_pocket
100
AcDbCircle
 10
316.0910509767386
 20
-490.8909187716667
 30
0.0
 40
0.5199999999995271
100
AcDbArc
 50
270.0
 51
90.0
  0
ARC
  5
7AFF
330
1F
100
AcDbEntity
  8
Calque1_pocket
100
AcDbCircle
 10
315.5175863338822
 20
-503.5042852243172
 30
0.0
 40
0.5199999999995271
100
AcDbArc
 50
270.0
 51
90.0
  0
ARC
  5
7B00
330
1F
100
AcDbEntity
  8
Calque1_pocket
100
AcDbCircle
 10
311.5735185491126
 20
-498.9082386570139
 30
0.0
 40
0.5199999999995271
100
AcDbArc
 50
90.0
 51
270.0
  0
ARC
  5
7B01
330
1F
100
AcDbEntity
  8
Calque1_pocket
100
AcDbCircle
 10
311.9694813111387
 20
-495.8375581741497
 30
0.0
 40
0.5117254860095045
100
AcDbArc
 50
180.0
 51
0.0
  0
LINE
  5
7B02
330
1F
100
AcDbEntity
  8
Calque1_pocket
100
AcDbLine
 10
314.5595634004499
 20
-506.452857138875
 30
0.0
 11
314.5595634004499
 21
-508.7154773072793
 31
0.0
  0
ARC
  5
7B03
330
1F
100
AcDbEntity
  8
Calque1_pocket
100
AcDbCircle
 10
314.2995634004488
 20
-506.452857138875
 30
0.0
 40
0.26
100
AcDbArc
 50
0.0
 51
90.0
  0
LINE
  5
7B04
330
1F
100
AcDbEntity
  8
Calque1_pocket
100
AcDbLine
 10
314.2995634004488
 20
-508.9754773072804
 30
0.0
 11
312.7256438688724
 21
-508.9754773072804
 31
0.0
  0
ARC
  5
7B05
330
1F
100
AcDbEntity
  8
Calque1_pocket
100
AcDbCircle
 10
314.2995634004488
 20
-508.7154773072793
 30
0.0
 40
0.26
100
AcDbArc
 50
270.0
 51
0.0
  0
LINE
  5
7B06
330
1F
100
AcDbEntity
  8
Calque1_pocket
100
AcDbLine
 10
314.2995634004488
 20
-506.1928571388739
 30
0.0
 11
312.7256438688724
 21
-506.1928571388739
 31
0.0
  0
ARC
  5
7B07
330
1F
100
AcDbEntity
  8
Calque1_pocket
100
AcDbCircle
 10
312.7256438688724
 20
-506.452857138875
 30
0.0
 40
0.26
100
AcDbArc
 50
90.0
 51
180.0
  0
ARC
  5
7B08
330
1F
100
AcDbEntity
  8
Calque1_pocket
100
AcDbCircle
 10
312.7256438688724
 20
-508.7154773072793
 30
0.0
 40
0.26
100
AcDbArc
 50
180.0
 51
270.0
  0
LINE
  5
7B09
330
1F
100
AcDbEntity
  8
Calque1_pocket
100
AcDbLine
 10
312.4656438688712
 20
-506.452857138875
 30
0.0
 11
312.4656438688712
 21
-508.7154773072793
 31
0.0
  0
ARC
  5
7B0A
330
1F
100
AcDbEntity
  8
Calque1_pocket
100
AcDbCircle
 10
314.2995634004515
 20
-496.0760094572147
 30
0.0
 40
0.26
100
AcDbArc
 50
270.0
 51
0.0
  0
ARC
  5
7B0B
330
1F
100
AcDbEntity
  8
Calque1_pocket
100
AcDbCircle
 10
314.2995634004515
 20
-493.7331791754209
 30
0.0
 40
0.26
100
AcDbArc
 50
0.0
 51
90.0
  0
LWPOLYLINE
  5
7B0C
330
1F
100
AcDbEntity
  8
Calque1_pocket
100
AcDbPolyline
 90
        4
 70
     0
 43
0.0
 10
314.2995634004515
 20
-493.4731791754197
 10
313.9981974070311
 20
-493.4731791754197
 10
313.9981974070456
 20
-496.3360094572158
 10
314.2995634004515
 20
-496.3360094572158
  0
LINE
  5
7B0D
330
1F
100
AcDbEntity
  8
Calque1_pocket
100
AcDbLine
 10
314.5595634004526
 20
-493.7331791754209
 30
0.0
 11
314.5595634004526
 21
-496.0760094572147
 31
0.0
  0
CIRCLE
  5
7B0E
330
1F
100
AcDbEntity
  8
Cut
100
AcDbCircle
 10
322.0129504997256
 20
-532.7460970085453
 30
0.0
 40
1.0
  0
CIRCLE
  5
7B0F
330
1F
100
AcDbEntity
  8
countersunk
100
AcDbCircle
 10
322.0129504997256
 20
-532.7460970085453
 30
0.0
 40
1.85
  0
LWPOLYLINE
  5
7B10
330
1F
100
AcDbEntity
  8
Calque1
100
AcDbPolyline
 90
        8
 70
     1
 43
0.0
 10
306.9641650636847
 20
-489.0399229256704
 10
307.9641650636848
 20
-489.0399229256704
 42
0.4142135623730951
 10
308.9641650636847
 20
-488.0399229256704
 10
308.9641650636847
 20
-487.4354495369602
 42
0.4142135623730951
 10
307.9641650636848
 20
-486.4354495369602
 10
306.9641650636847
 20
-486.4354495369602
 42
0.4142135623730951
 10
305.9641650636848
 20
-487.4354495369602
 10
305.9641650636848
 20
-488.0399229256704
 42
0.4142135623730951
  0
LWPOLYLINE
  5
7B11
330
1F
100
AcDbEntity
  8
Cut
100
AcDbPolyline
 90
        8
 70
     1
 43
0.0
 10
319.0610422056364
 20
-508.5020887930581
 10
320.0610422056363
 20
-508.5020887930581
 42
0.4142135623731617
 10
321.0610422056364
 20
-507.5020887930586
 10
321.0610422056364
 20
-493.5077561898769
 42
0.4142135623730951
 10
320.0610422056363
 20
-492.507756189877
 10
319.0610422056364
 20
-492.507756189877
 42
0.4142135623730951
 10
318.0610422056363
 20
-493.5077561898769
 10
318.0610422056363
 20
-507.5020887930586
 42
0.4142135623731617
  0
LWPOLYLINE
  5
7B12
330
1F
100
AcDbEntity
  8
Calque1
100
AcDbPolyline
 90
        8
 70
     1
 43
0.0
 10
320.0610422056363
 20
-489.0399229256704
 10
319.0610422056364
 20
-489.0399229256704
 42
-0.4142135623730951
 10
318.0610422056363
 20
-488.0399229256704
 10
318.0610422056363
 20
-487.4354495369602
 42
-0.4142135623730951
 10
319.0610422056364
 20
-486.4354495369602
 10
320.0610422056363
 20
-486.4354495369602
 42
-0.4142135623730951
 10
321.0610422056364
 20
-487.4354495369602
 10
321.0610422056364
 20
-488.0399229256704
 42
-0.4142135623730951
  0
MTEXT
  5
7B13
102
{ACAD_XDICTIONARY
360
7B14
102
}
330
1F
100
AcDbEntity
  8
chamfered
  6
JIS_09_08
100
AcDbMText
 10
-44.26647887934996
 20
-606.8349242334915
 30
0.0
 40
10.0
 41
327.7561439170822
 46
0.0
 71
     1
 72
     5
  1
\pi133.87807;{\fISOCPEUR|b0|i0|c0|p34;chamfered\P\pi116.87807;(2 sides: 0.7mm)}
 73
     1
 44
1.0
1001
ACAD
1000
ACAD_MTEXT_COLUMN_INFO_BEGIN
1070
    75
1070
     2
1070
    79
1070
     0
1070
    76
1070
     1
1070
    78
1070
     0
1070
    48
1040
327.7561439170822
1070
    49
1040
12.5
1070
    50
1070
     1
1040
0.0
1000
ACAD_MTEXT_COLUMN_INFO_END
  0
MTEXT
  5
7B15
102
{ACAD_XDICTIONARY
360
7B16
102
}
330
1F
100
AcDbEntity
  8
0
  6
JIS_09_08
100
AcDbMText
 10
-53.84567542593868
 20
-393.0978744461627
 30
0.0
 40
10.0
 41
327.7561439170822
 46
0.0
 71
     1
 72
     5
  1
\pi139.37807;{\fISOCPEUR|b0|i0|c0|p34;3mm (x1)\P\pi121.87807;carbon at 45°}
 73
     1
 44
1.0
1001
ACAD
1000
ACAD_MTEXT_COLUMN_INFO_BEGIN
1070
    75
1070
     2
1070
    79
1070
     0
1070
    76
1070
     1
1070
    78
1070
     0
1070
    48
1040
327.7561439170822
1070
    49
1040
12.5
1070
    50
1070
     1
1040
0.0
1000
ACAD_MTEXT_COLUMN_INFO_END
  0
CIRCLE
  5
7B1D
330
1F
100
AcDbEntity
  8
Cut
100
AcDbCircle
 10
313.5126036346605
 20
-140.863361606509
 30
0.0
 40
1.0
  0
LWPOLYLINE
  5
7B1E
330
1F
100
AcDbEntity
  8
Cut
100
AcDbPolyline
 90
        8
 70
     1
 43
0.0
 10
322.5626035303517
 20
-142.7802220735839
 10
322.5626035303517
 20
-145.580222073584
 42
-1.0
 10
322.5626035303517
 20
-147.1802220735844
 10
320.4626036346606
 20
-147.1802220735844
 42
-1.0
 10
320.4626036346606
 20
-145.580222073584
 10
320.4626036346606
 20
-142.7802220735839
 42
-1.0
 10
320.4626036346606
 20
-141.1802220735844
 10
322.5626035303517
 20
-141.1802220735844
 42
-1.0
  0
LWPOLYLINE
  5
7B1F
330
1F
100
AcDbEntity
  8
Cut
100
AcDbPolyline
 90
       67
 70
   129
 43
0.0
 10
314.280462505205
 20
-194.8129938183892
 42
0.4680299640774991
 10
312.744744764116
 20
-194.8129938183892
 10
307.7038008365537
 20
-200.8551706295302
 42
-0.2224363999815613
 10
306.1680830954656
 20
-201.5739325487257
 10
304.1625469253741
 20
-201.5739325487257
 42
-0.4141136240756063
 10
302.1625470418072
 20
-199.5746149942056
 10
302.157528003481
 20
-184.8656362299284
 42
0.2428796981616382
 10
301.7363323622901
 20
-184.0506402244164
 10
301.079214532125
 20
-183.5842291785793
 42
-0.2430042688561865
 10
300.4474209043049
 20
-182.361029401231
 10
300.4474209043049
 20
-180.7480520860122
 42
-0.2430042688564727
 10
301.079214532125
 20
-179.5248523086629
 10
301.74101889433
 20
-179.05511484219
 42
0.2430059171593061
 10
302.1622146461921
 20
-178.2396420983759
 10
302.162102805068
 20
-150.5980191798962
 42
0.1989113158294729
 10
301.8692095862626
 20
-149.8909164448223
 10
300.5326993403937
 20
-148.5544061989535
 42
-0.1989123673796956
 10
300.2398061215806
 20
-147.8472994177673
 10
300.2406882524137
 20
-135.6716815625286
 42
-0.1880176681474144
 10
300.5326993403937
 20
-135.0065686322286
 10
301.969710468005
 20
-133.5695575046165
 42
-0.1989123673796859
 10
302.6768172491917
 20
-133.2766642858032
 10
304.0626037389686
 20
-133.2766642858032
 42
-0.4142135623730534
 10
304.4626037389687
 20
-133.6766642858028
 10
304.4626037389678
 20
-134.2098642858031
 42
0.9999999999999642
 10
304.4626037389687
 20
-135.8098642858031
 10
306.5626036346607
 20
-135.8098642858031
 42
0.9999999999999998
 10
306.5626036346607
 20
-134.2098642858031
 10
306.5626036346607
 20
-133.2766642858032
 10
308.0586693496499
 20
-133.2766642858032
 42
-0.2539340380393453
 10
308.8972711288683
 20
-133.7319193400794
 10
310.7306714288511
 20
-136.5543278188634
 42
0.1754435817465023
 10
311.8168207302428
 20
-137.375506623247
 10
313.2670765061389
 20
-137.8241348192386
 42
0.0625780914076493
 10
313.5126036346605
 20
-137.8675496890955
 42
0.0625780914076493
 10
313.7581307631822
 20
-137.8241348192386
 10
315.2083865390782
 20
-137.375506623247
 42
0.1754435817465023
 10
316.29453584047
 20
-136.5543278188634
 10
318.1279361404528
 20
-133.7319193400794
 42
-0.2539340380393453
 10
318.9665379196712
 20
-133.2766642858032
 10
320.4626036346604
 20
-133.2766642858032
 10
320.4626036346604
 20
-134.2098642858031
 42
0.9999999999999998
 10
320.4626036346604
 20
-135.8098642858031
 10
322.5626035303524
 20
-135.8098642858031
 42
0.9999999999999642
 10
322.5626035303533
 20
-134.2098642858031
 10
322.5626035303524
 20
-133.6766642858028
 42
-0.4142135623730534
 10
322.9626035303525
 20
-133.2766642858032
 10
324.3483900201294
 20
-133.2766642858032
 42
-0.1989123673796859
 10
325.055496801316
 20
-133.5695575046165
 10
326.4925079289274
 20
-135.0065686322286
 42
-0.1880176681474144
 10
326.7845190169073
 20
-135.6716815625286
 10
326.7854011477405
 20
-147.8472994177673
 42
-0.1989123673796956
 10
326.4925079289274
 20
-148.5544061989535
 10
325.1559976830497
 20
-149.8909164448309
 42
0.1989123673797007
 10
324.8631044642361
 20
-150.5980232260176
 10
324.862992623129
 20
-178.2396420983759
 42
0.2430059171593061
 10
325.2841883749911
 20
-179.05511484219
 10
325.9459927371961
 20
-179.5248523086629
 42
-0.2430042688564727
 10
326.5777863650162
 20
-180.7480520860122
 10
326.5777863650162
 20
-182.361029401231
 42
-0.2430042688561865
 10
325.9459927371961
 20
-183.5842291785793
 10
325.288874907031
 20
-184.0506402244164
 42
0.2428796981616382
 10
324.86767926584
 20
-184.8656362299284
 10
324.8626602275138
 20
-199.5746149942056
 42
-0.4141136240756063
 10
322.8626603439469
 20
-201.5739325487257
 10
320.8571241738555
 20
-201.5739325487257
 42
-0.2224363999815613
 10
319.3214064327674
 20
-200.8551706295302
  0
CIRCLE
  5
7B20
330
1F
100
AcDbEntity
  8
Cut
100
AcDbCircle
 10
305.0122567695955
 20
-198.7239325487262
 30
0.0
 40
1.0
  0
LWPOLYLINE
  5
7B21
330
1F
100
AcDbEntity
  8
Cut
100
AcDbPolyline
 90
       10
 70
     1
 43
0.0
 10
304.8099873082497
 20
-193.6379234525161
 10
305.9009910325967
 20
-194.8135404842787
 42
0.4488862063157069
 10
307.3950777927128
 20
-194.7819453688871
 10
311.9872181287387
 20
-189.3936819648761
 42
0.3544913669361938
 10
312.0180231200095
 20
-188.1343885671777
 10
309.6330766156525
 20
-185.0415677786605
 42
0.2325386853085913
 10
308.8411775025227
 20
-184.6522197209515
 10
306.301229500314
 20
-184.6522197209515
 42
0.3842363985479271
 10
305.3065727642775
 20
-185.5489822400777
 10
304.5483232104742
 20
-192.8544494008406
 42
0.2161517593759058
  0
LWPOLYLINE
  5
7B22
330
1F
100
AcDbEntity
  8
Cut
100
AcDbPolyline
 90
        8
 70
     1
 43
0.0
 10
307.9641650636848
 20
-174.479924333239
 10
306.9641650636847
 20
-174.479924333239
 42
-0.4142135623731617
 10
305.9641650636848
 20
-173.4799243332395
 10
305.9641650636848
 20
-159.4855917300578
 42
-0.4142135623730951
 10
306.9641650636847
 20
-158.4855917300578
 10
307.9641650636848
 20
-158.4855917300578
 42
-0.4142135623730951
 10
308.9641650636847
 20
-159.4855917300578
 10
308.9641650636847
 20
-173.4799243332395
 42
-0.4142135623731617
  0
LINE
  5
7B23
330
1F
100
AcDbEntity
  8
Cut
100
AcDbLine
 10
305.9641650636848
 20
-166.4827580316487
 30
0.0
 11
305.9641650636848
 21
-166.4827580316487
 31
0.0
  0
LWPOLYLINE
  5
7B24
330
1F
100
AcDbEntity
  8
Cut
100
AcDbPolyline
 90
        8
 70
     1
 43
0.0
 10
304.4626037389687
 20
-142.7802220735839
 10
304.4626037389687
 20
-145.580222073584
 42
1.0
 10
304.4626037389687
 20
-147.1802220735844
 10
306.5626036346607
 20
-147.1802220735844
 42
1.0
 10
306.5626036346607
 20
-145.580222073584
 10
306.5626036346607
 20
-142.7802220735839
 42
1.0
 10
306.5626036346607
 20
-141.1802220735844
 10
304.4626037389687
 20
-141.1802220735844
 42
1.0
  0
CIRCLE
  5
7B25
330
1F
100
AcDbEntity
  8
countersunk
100
AcDbCircle
 10
305.0122567695955
 20
-198.7239325487262
 30
0.0
 40
1.85
  0
CIRCLE
  5
7B26
330
1F
100
AcDbEntity
  8
countersunk
100
AcDbCircle
 10
313.5126036346605
 20
-140.863361606509
 30
0.0
 40
1.85
  0
LWPOLYLINE
  5
7B27
330
1F
100
AcDbEntity
  8
Cut
100
AcDbPolyline
 90
       10
 70
     1
 43
0.0
 10
322.2152199611161
 20
-193.6379234525161
 10
321.124216236769
 20
-194.8135404842787
 42
-0.4488862063157069
 10
319.630129476653
 20
-194.7819453688871
 10
315.037989140627
 20
-189.3936819648761
 42
-0.3544913669361938
 10
315.0071841493562
 20
-188.1343885671777
 10
317.3921306537133
 20
-185.0415677786605
 42
-0.2325386853085913
 10
318.1840297668431
 20
-184.6522197209515
 10
320.7239777690519
 20
-184.6522197209515
 42
-0.3842363985479271
 10
321.7186345050883
 20
-185.5489822400777
 10
322.4768840588915
 20
-192.8544494008406
 42
-0.2161517593759058
  0
LWPOLYLINE
  5
7B28
330
1F
100
AcDbEntity
  8
Calque1_pocket
100
AcDbPolyline
 90
        5
 70
     0
 43
0.0
 10
316.0910509767386
 20
-157.3887543118471
 10
312.7048023689272
 20
-157.3887543118471
 42
-0.2450663637303342
 10
311.766696265619
 20
-156.8995791610978
 42
-0.113398850918212
 10
311.5355525867185
 20
-156.3269367879857
 42
-0.0371575522549479
 10
311.4384023644666
 20
-155.1665841077501
 42
-0.049183095109329
  0
LWPOLYLINE
  5
7B29
330
1F
100
AcDbEntity
  8
Calque1_pocket
100
AcDbPolyline
 90
        5
 70
     0
 43
0.0
 10
316.0910509767386
 20
-156.3487543118481
 10
312.7048023689272
 20
-156.3487543118481
 42
-0.2450663637312717
 10
312.6194417910451
 20
-156.3042430636988
 42
-0.1133988509190671
 10
312.5626292226038
 20
-156.1634938804645
 42
-0.037157552254976
 10
312.4783578819793
 20
-155.156965293153
  0
LINE
  5
7B2A
330
1F
100
AcDbEntity
  8
Calque1_pocket
100
AcDbLine
 10
311.5735185491126
 20
-164.3660741971953
 30
0.0
 11
315.5175863338822
 21
-164.3660741971953
 31
0.0
  0
LINE
  5
7B2B
330
1F
100
AcDbEntity
  8
Calque1_pocket
100
AcDbLine
 10
315.9122045756808
 20
-165.2247133019064
 30
0.0
 11
312.7049724130125
 21
-168.9621207645005
 31
0.0
  0
ARC
  5
7B2C
330
1F
100
AcDbEntity
  8
Calque1_pocket
100
AcDbCircle
 10
315.5175863338822
 20
-164.8860741971948
 30
0.0
 40
0.5200000000000001
100
AcDbArc
 50
319.3656689924385
 51
90.0
  0
LWPOLYLINE
  5
7B2D
330
1F
100
AcDbEntity
  8
Calque1_pocket
100
AcDbPolyline
 90
        5
 70
     0
 43
0.0
 10
311.5735185491126
 20
-165.4060741971943
 10
314.3861324699806
 20
-165.4060741971943
 10
311.1789003073141
 20
-169.1434816597893
 42
0.6409682668034211
 10
311.5735185491126
 20
-170.0021207645022
 10
315.5175863338822
 20
-170.0021207644977
  0
LINE
  5
7B2E
330
1F
100
AcDbEntity
  8
Calque1_pocket
100
AcDbLine
 10
312.7049724130152
 20
-168.9621207645005
 30
0.0
 11
315.5175863338822
 21
-168.9621207644986
 31
0.0
  0
LINE
  5
7B2F
330
1F
100
AcDbEntity
  8
Calque1_pocket
100
AcDbLine
 10
315.5995634004489
 20
-172.4306926790559
 30
0.0
 11
315.5995634004489
 21
-174.6933128474602
 31
0.0
  0
ARC
  5
7B30
330
1F
100
AcDbEntity
  8
Calque1_pocket
100
AcDbCircle
 10
314.2995634004488
 20
-172.4306926790559
 30
0.0
 40
1.3
100
AcDbArc
 50
0.0
 51
90.0
  0
LINE
  5
7B31
330
1F
100
AcDbEntity
  8
Calque1_pocket
100
AcDbLine
 10
314.2995634004488
 20
-175.9933128474604
 30
0.0
 11
312.7256438688724
 21
-175.9933128474604
 31
0.0
  0
ARC
  5
7B32
330
1F
100
AcDbEntity
  8
Calque1_pocket
100
AcDbCircle
 10
314.2995634004488
 20
-174.6933128474602
 30
0.0
 40
1.3
100
AcDbArc
 50
270.0
 51
0.0
  0
LINE
  5
7B33
330
1F
100
AcDbEntity
  8
Calque1_pocket
100
AcDbLine
 10
314.2995634004488
 20
-171.1306926790557
 30
0.0
 11
312.7256438688724
 21
-171.1306926790557
 31
0.0
  0
ARC
  5
7B34
330
1F
100
AcDbEntity
  8
Calque1_pocket
100
AcDbCircle
 10
312.7256438688724
 20
-172.4306926790559
 30
0.0
 40
1.3
100
AcDbArc
 50
90.0
 51
180.0
  0
ARC
  5
7B35
330
1F
100
AcDbEntity
  8
Calque1_pocket
100
AcDbCircle
 10
314.2995634004515
 20
-162.0538449973955
 30
0.0
 40
1.3
100
AcDbArc
 50
270.0
 51
0.0
  0
LINE
  5
7B36
330
1F
100
AcDbEntity
  8
Calque1_pocket
100
AcDbLine
 10
314.2995634004515
 20
-158.4110147156016
 30
0.0
 11
312.7412067971477
 21
-158.4110147156016
 31
0.0
  0
ARC
  5
7B37
330
1F
100
AcDbEntity
  8
Calque1_pocket
100
AcDbCircle
 10
312.7412067971477
 20
-159.7110147156018
 30
0.0
 40
1.3
100
AcDbArc
 50
90.0
 51
180.0
  0
ARC
  5
7B38
330
1F
100
AcDbEntity
  8
Calque1_pocket
100
AcDbCircle
 10
312.7412067971477
 20
-159.7110147156018
 30
0.0
 40
0.26
100
AcDbArc
 50
90.0
 51
180.0
  0
ARC
  5
7B39
330
1F
100
AcDbEntity
  8
Calque1_pocket
100
AcDbCircle
 10
314.2995634004515
 20
-159.7110147156018
 30
0.0
 40
1.3
100
AcDbArc
 50
0.0
 51
90.0
  0
LWPOLYLINE
  5
7B3A
330
1F
100
AcDbEntity
  8
Calque1_pocket
100
AcDbPolyline
 90
        5
 70
     0
 43
0.0
 10
312.7412067971477
 20
-159.4510147156006
 10
312.958197407032
 20
-159.4510147156006
 10
312.9581974070484
 20
-162.8338449973989
 42
0.4142135623714801
 10
313.4781974070479
 20
-163.3538449973957
 10
314.2995634004515
 20
-163.3538449973957
  0
LINE
  5
7B3B
330
1F
100
AcDbEntity
  8
Calque1_pocket
100
AcDbLine
 10
311.4412067971475
 20
-159.7110147156018
 30
0.0
 11
311.4412067971475
 21
-161.8153937143306
 31
0.0
  0
LINE
  5
7B3C
330
1F
100
AcDbEntity
  8
Calque1_pocket
100
AcDbLine
 10
312.4812067971466
 20
-159.7110147156018
 30
0.0
 11
312.4812067971466
 21
-161.8153937143306
 31
0.0
  0
LINE
  5
7B3D
330
1F
100
AcDbEntity
  8
Calque1_pocket
100
AcDbLine
 10
315.5995634004516
 20
-159.7110147156018
 30
0.0
 11
315.5995634004516
 21
-162.0538449973955
 31
0.0
  0
ARC
  5
7B3E
330
1F
100
AcDbEntity
  8
Calque1_pocket
100
AcDbCircle
 10
312.7256438688724
 20
-174.6933128474602
 30
0.0
 40
1.3
100
AcDbArc
 50
180.0
 51
270.0
  0
LINE
  5
7B3F
330
1F
100
AcDbEntity
  8
Calque1_pocket
100
AcDbLine
 10
311.4256438688721
 20
-172.4306926790559
 30
0.0
 11
311.4256438688721
 21
-174.6933128474602
 31
0.0
  0
LINE
  5
7B40
330
1F
100
AcDbEntity
  8
Calque1_pocket
100
AcDbLine
 10
311.4577558251299
 20
-161.8153937143306
 30
0.0
 11
311.4412067971475
 21
-161.8153937143306
 31
0.0
  0
ARC
  5
7B41
330
1F
100
AcDbEntity
  8
Calque1_pocket
100
AcDbCircle
 10
311.9583801232225
 20
-155.1617747004529
 30
0.0
 40
0.5199999999999406
100
AcDbArc
 50
0.5299282095855065
 51
180.5299282095855
  0
ARC
  5
7B42
330
1F
100
AcDbEntity
  8
Calque1_pocket
100
AcDbCircle
 10
316.0910509767386
 20
-156.8687543118476
 30
0.0
 40
0.5199999999995271
100
AcDbArc
 50
270.0
 51
90.0
  0
ARC
  5
7B43
330
1F
100
AcDbEntity
  8
Calque1_pocket
100
AcDbCircle
 10
315.5175863338822
 20
-169.4821207644982
 30
0.0
 40
0.5199999999995271
100
AcDbArc
 50
270.0
 51
90.0
  0
ARC
  5
7B44
330
1F
100
AcDbEntity
  8
Calque1_pocket
100
AcDbCircle
 10
311.5735185491126
 20
-164.8860741971948
 30
0.0
 40
0.5199999999995271
100
AcDbArc
 50
90.0
 51
270.0
  0
ARC
  5
7B45
330
1F
100
AcDbEntity
  8
Calque1_pocket
100
AcDbCircle
 10
311.9694813111387
 20
-161.8153937143306
 30
0.0
 40
0.5117254860095045
100
AcDbArc
 50
180.0
 51
0.0
  0
LINE
  5
7B46
330
1F
100
AcDbEntity
  8
Calque1_pocket
100
AcDbLine
 10
314.5595634004499
 20
-172.4306926790559
 30
0.0
 11
314.5595634004499
 21
-174.6933128474602
 31
0.0
  0
ARC
  5
7B47
330
1F
100
AcDbEntity
  8
Calque1_pocket
100
AcDbCircle
 10
314.2995634004488
 20
-172.4306926790559
 30
0.0
 40
0.26
100
AcDbArc
 50
0.0
 51
90.0
  0
LINE
  5
7B48
330
1F
100
AcDbEntity
  8
Calque1_pocket
100
AcDbLine
 10
314.2995634004488
 20
-174.9533128474613
 30
0.0
 11
312.7256438688724
 21
-174.9533128474613
 31
0.0
  0
ARC
  5
7B49
330
1F
100
AcDbEntity
  8
Calque1_pocket
100
AcDbCircle
 10
314.2995634004488
 20
-174.6933128474602
 30
0.0
 40
0.26
100
AcDbArc
 50
270.0
 51
0.0
  0
LINE
  5
7B4A
330
1F
100
AcDbEntity
  8
Calque1_pocket
100
AcDbLine
 10
314.2995634004488
 20
-172.1706926790548
 30
0.0
 11
312.7256438688724
 21
-172.1706926790548
 31
0.0
  0
ARC
  5
7B4B
330
1F
100
AcDbEntity
  8
Calque1_pocket
100
AcDbCircle
 10
312.7256438688724
 20
-172.4306926790559
 30
0.0
 40
0.26
100
AcDbArc
 50
90.0
 51
180.0
  0
ARC
  5
7B4C
330
1F
100
AcDbEntity
  8
Calque1_pocket
100
AcDbCircle
 10
312.7256438688724
 20
-174.6933128474602
 30
0.0
 40
0.26
100
AcDbArc
 50
180.0
 51
270.0
  0
LINE
  5
7B4D
330
1F
100
AcDbEntity
  8
Calque1_pocket
100
AcDbLine
 10
312.4656438688712
 20
-172.4306926790559
 30
0.0
 11
312.4656438688712
 21
-174.6933128474602
 31
0.0
  0
ARC
  5
7B4E
330
1F
100
AcDbEntity
  8
Calque1_pocket
100
AcDbCircle
 10
314.2995634004515
 20
-162.0538449973955
 30
0.0
 40
0.26
100
AcDbArc
 50
270.0
 51
0.0
  0
ARC
  5
7B4F
330
1F
100
AcDbEntity
  8
Calque1_pocket
100
AcDbCircle
 10
314.2995634004515
 20
-159.7110147156018
 30
0.0
 40
0.26
100
AcDbArc
 50
0.0
 51
90.0
  0
LWPOLYLINE
  5
7B50
330
1F
100
AcDbEntity
  8
Calque1_pocket
100
AcDbPolyline
 90
        4
 70
     0
 43
0.0
 10
314.2995634004515
 20
-159.4510147156006
 10
313.9981974070311
 20
-159.4510147156006
 10
313.9981974070456
 20
-162.3138449973967
 10
314.2995634004515
 20
-162.3138449973967
  0
LINE
  5
7B51
330
1F
100
AcDbEntity
  8
Calque1_pocket
100
AcDbLine
 10
314.5595634004526
 20
-159.7110147156018
 30
0.0
 11
314.5595634004526
 21
-162.0538449973955
 31
0.0
  0
CIRCLE
  5
7B52
330
1F
100
AcDbEntity
  8
Cut
100
AcDbCircle
 10
322.0129504997256
 20
-198.7239325487262
 30
0.0
 40
1.0
  0
CIRCLE
  5
7B53
330
1F
100
AcDbEntity
  8
countersunk
100
AcDbCircle
 10
322.0129504997256
 20
-198.7239325487262
 30
0.0
 40
1.85
  0
LWPOLYLINE
  5
7B54
330
1F
100
AcDbEntity
  8
Calque1
100
AcDbPolyline
 90
        8
 70
     1
 43
0.0
 10
306.9641650636847
 20
-155.0177584658513
 10
307.9641650636848
 20
-155.0177584658513
 42
0.4142135623730951
 10
308.9641650636847
 20
-154.0177584658513
 10
308.9641650636847
 20
-153.4132850771411
 42
0.4142135623730951
 10
307.9641650636848
 20
-152.4132850771411
 10
306.9641650636847
 20
-152.4132850771411
 42
0.4142135623730951
 10
305.9641650636848
 20
-153.4132850771411
 10
305.9641650636848
 20
-154.0177584658513
 42
0.4142135623730951
  0
LWPOLYLINE
  5
7B55
330
1F
100
AcDbEntity
  8
Cut
100
AcDbPolyline
 90
        8
 70
     1
 43
0.0
 10
319.0610422056364
 20
-174.479924333239
 10
320.0610422056363
 20
-174.479924333239
 42
0.4142135623731617
 10
321.0610422056364
 20
-173.4799243332395
 10
321.0610422056364
 20
-159.4855917300578
 42
0.4142135623730951
 10
320.0610422056363
 20
-158.4855917300578
 10
319.0610422056364
 20
-158.4855917300578
 42
0.4142135623730951
 10
318.0610422056363
 20
-159.4855917300578
 10
318.0610422056363
 20
-173.4799243332395
 42
0.4142135623731617
  0
LWPOLYLINE
  5
7B56
330
1F
100
AcDbEntity
  8
Calque1
100
AcDbPolyline
 90
        8
 70
     1
 43
0.0
 10
320.0610422056363
 20
-155.0177584658513
 10
319.0610422056364
 20
-155.0177584658513
 42
-0.4142135623730951
 10
318.0610422056363
 20
-154.0177584658513
 10
318.0610422056363
 20
-153.4132850771411
 42
-0.4142135623730951
 10
319.0610422056364
 20
-152.4132850771411
 10
320.0610422056363
 20
-152.4132850771411
 42
-0.4142135623730951
 10
321.0610422056364
 20
-153.4132850771411
 10
321.0610422056364
 20
-154.0177584658513
 42
-0.4142135623730951
  0
LWPOLYLINE
  5
7BD1
330
1F
100
AcDbEntity
  8
Cut
100
AcDbPolyline
 90
       69
 70
     0
 43
0.0
 10
115.8851054066776
 20
-545.6372667815097
 10
113.3095270836313
 20
-545.6360016232833
 42
-0.1758951040308064
 10
112.6681383844175
 20
-545.4028069199912
 10
109.4205766259026
 20
-542.6843267607619
 42
0.1758951040307703
 10
108.7791879266885
 20
-542.4511320574692
 10
106.2312239571848
 20
-542.4498804637797
 42
-0.2976451201785255
 10
105.3158445932968
 20
-541.8513542274227
 10
103.3235410130711
 20
-537.3063678713215
 42
-0.103774254868695
 10
103.1552824085402
 20
-536.5024381589228
 10
103.1591733106282
 20
-526.2851503463602
 42
0.5903149385289596
 10
100.0935941810011
 20
-524.5918932767844
 10
93.97838338210943
 20
-528.4419727151457
 42
0.0173581740601409
 10
93.23191445526537
 20
-528.9489494191279
 10
82.48284864405945
 20
-536.8079936509721
 42
0.1095940617169167
 10
78.76477642001237
 20
-541.0372928654883
 10
77.60977844837907
 20
-543.1372888785236
 42
-0.1095940617166392
 10
76.87350586182947
 20
-543.9747973733338
 10
68.12461743723952
 20
-550.3714370735606
 42
-0.1914404405763938
 10
65.0561418918221
 20
-551.164812066037
 10
59.2913253978785
 20
-550.4387469314419
 42
-0.4311811920311702
 10
57.81818164288177
 20
-548.423881165997
 10
58.87480782862508
 20
-542.7104040380072
 42
-0.1914404405761393
 10
60.5614896081513
 20
-540.0271055778785
 10
69.31037803274126
 20
-533.6304658776498
 42
-0.1095940617167772
 10
70.33174893198759
 20
-533.1828954510647
 10
72.68313749579181
 20
-532.7192410632338
 42
0.1095940617167174
 10
77.84091579735298
 20
-530.4590738346928
 10
88.60831886812411
 20
-522.5866225462223
 42
0.0173068668104415
 10
89.31578173205275
 20
-522.0308041758198
 10
92.35737345028065
 20
-519.4660982676468
 42
0.22106310285127
 10
95.2003290958296
 20
-513.3501442516144
 10
95.2003290958296
 20
-501.6797528490378
 42
0.22106310285127
 10
92.35737345028065
 20
-495.5637988330054
 10
89.31578173205275
 20
-492.9990929248324
 42
0.0173068668104415
 10
88.60831886812411
 20
-492.44327455443
 10
77.84091579735298
 20
-484.5708232659594
 42
0.1095940617167174
 10
72.68313749579181
 20
-482.3106560374185
 10
70.33174893198759
 20
-481.8470016495876
 42
-0.1095940617167772
 10
69.31037803274126
 20
-481.3994312230025
 10
60.5614896081513
 20
-475.0027915227738
 42
-0.1914404405761393
 10
58.87480782862508
 20
-472.319493062645
 10
57.81818164288177
 20
-466.6060159346552
 42
-0.4311811920311702
 10
59.2913253978785
 20
-464.5911501692103
 10
65.0561418918221
 20
-463.8650850346152
 42
-0.1914404405763938
 10
68.12461743723952
 20
-464.6584600270917
 10
76.87350586182947
 20
-471.0550997273185
 42
-0.1095940617166392
 10
77.60977844837907
 20
-471.8926082221287
 10
78.76477642001237
 20
-473.992604235164
 42
0.1095940617169167
 10
82.48284864405945
 20
-478.2219034496802
 10
93.23191445526537
 20
-486.0809476815243
 42
0.0173581740601409
 10
93.97838338210943
 20
-486.5879243855065
 10
98.8974079355105
 20
-489.6848961682735
 42
0.5898673615932055
 10
101.9629863131571
 20
-487.9942949323935
 10
101.9710748591924
 20
-479.4539812435918
 42
-0.1836568997869751
 10
102.224220738143
 20
-478.7899399301304
 10
103.714640380741
 20
-477.1160380109968
 42
0.1837596001191382
 10
103.9677865571007
 20
-476.451599307722
 10
103.9783449111204
 20
-457.2445203463249
 42
-0.3161125358143195
 10
104.6396247358875
 20
-456.3041828460818
 10
106.1598169255635
 20
-455.7569126432845
 42
-0.5196083169837095
 10
106.8291768773115
 20
-456.2276018557631
 10
106.8289902746064
 20
-456.6074830997031
 42
0.9999030474641815
 10
106.8280492171195
 20
-458.2074828305072
 10
108.8865242678955
 20
-458.2145253476264
 42
1.021867348273252
 10
108.9289900212525
 20
-456.6085146474256
 10
108.9298981925924
 20
-454.7596815385158
 10
112.1384208778606
 20
-453.6046112305839
 42
-0.0928435768533738
 10
112.8623013266554
 20
-453.4693952258853
 10
115.8851054067236
 20
-453.4707632044451
  0
LWPOLYLINE
  5
7BD2
330
1F
100
AcDbEntity
  8
Cut
100
AcDbPolyline
 90
       69
 70
     0
 43
0.0
 10
115.8851054066776
 20
-545.6372667815096
 10
118.4606837297358
 20
-545.6360016232833
 42
0.1758951040308064
 10
119.1020724289497
 20
-545.4028069199912
 10
122.3496341874645
 20
-542.6843267607619
 42
-0.1758951040307703
 10
122.9910228866786
 20
-542.4511320574692
 10
125.5389868561823
 20
-542.4498804637797
 42
0.2976451201785255
 10
126.4543662200704
 20
-541.8513542274227
 10
128.446669800296
 20
-537.3063678713215
 42
0.103774254868695
 10
128.614928404827
 20
-536.5024381589228
 10
128.6110375027389
 20
-526.2851503463602
 42
-0.5903149385289596
 10
131.676616632366
 20
-524.5918932767844
 10
137.7918274312577
 20
-528.4419727151457
 42
-0.0173581740601409
 10
138.5382963581017
 20
-528.9489494191279
 10
149.2873621693077
 20
-536.8079936509721
 42
-0.1095940617169167
 10
153.0054343933548
 20
-541.0372928654883
 10
154.1604323649881
 20
-543.1372888785236
 42
0.1095940617166392
 10
154.8967049515377
 20
-543.9747973733338
 10
163.6455933761276
 20
-550.3714370735606
 42
0.1914404405763938
 10
166.714068921545
 20
-551.164812066037
 10
172.4788854154886
 20
-550.4387469314419
 42
0.4311811920311702
 10
173.9520291704854
 20
-548.423881165997
 10
172.8954029847421
 20
-542.7104040380072
 42
0.1914404405761393
 10
171.2087212052158
 20
-540.0271055778785
 10
162.4598327806259
 20
-533.6304658776498
 42
0.1095940617167772
 10
161.4384618813796
 20
-533.1828954510647
 10
159.0870733175753
 20
-532.7192410632338
 42
-0.1095940617167174
 10
153.9292950160142
 20
-530.4590738346928
 10
143.161891945243
 20
-522.5866225462223
 42
-0.0173068668104415
 10
142.4544290813144
 20
-522.0308041758198
 10
139.4128373630865
 20
-519.4660982676468
 42
-0.22106310285127
 10
136.5698817175375
 20
-513.3501442516144
 10
136.5698817175375
 20
-501.6797528490378
 42
-0.22106310285127
 10
139.4128373630865
 20
-495.5637988330054
 10
142.4544290813144
 20
-492.9990929248324
 42
-0.0173068668104415
 10
143.161891945243
 20
-492.44327455443
 10
153.9292950160142
 20
-484.5708232659594
 42
-0.1095940617167174
 10
159.0870733175753
 20
-482.3106560374185
 10
161.4384618813796
 20
-481.8470016495876
 42
0.1095940617167772
 10
162.4598327806259
 20
-481.3994312230025
 10
171.2087212052158
 20
-475.0027915227738
 42
0.1914404405761393
 10
172.8954029847421
 20
-472.319493062645
 10
173.9520291704854
 20
-466.6060159346552
 42
0.4311811920311702
 10
172.4788854154886
 20
-464.5911501692103
 10
166.714068921545
 20
-463.8650850346152
 42
0.1914404405763938
 10
163.6455933761276
 20
-464.6584600270917
 10
154.8967049515377
 20
-471.0550997273185
 42
0.1095940617166392
 10
154.1604323649881
 20
-471.8926082221287
 10
153.0054343933548
 20
-473.992604235164
 42
-0.1095940617169167
 10
149.2873621693077
 20
-478.2219034496802
 10
138.5382963581017
 20
-486.0809476815243
 42
-0.0173581740601409
 10
137.7918274312577
 20
-486.5879243855065
 10
132.8728028778566
 20
-489.6848961682735
 42
-0.5898673615932055
 10
129.80722450021
 20
-487.9942949323935
 10
129.7991359541747
 20
-479.4539812435918
 42
0.1836568997869751
 10
129.5459900752241
 20
-478.7899399301304
 10
128.0555704326261
 20
-477.1160380109968
 42
-0.1837596001191382
 10
127.8024242562665
 20
-476.451599307722
 10
127.7918659022467
 20
-457.2445203463249
 42
0.3161125358143195
 10
127.1305860774796
 20
-456.3041828460818
 10
125.6103938878036
 20
-455.7569126432845
 42
0.5196083169837095
 10
124.9410339360556
 20
-456.2276018557631
 10
124.9412205387607
 20
-456.6074830997031
 42
-0.9999030474641815
 10
124.9421615962476
 20
-458.2074828305072
 10
122.8836865454716
 20
-458.2145253476264
 42
-1.021867348273252
 10
122.8412207921146
 20
-456.6085146474256
 10
122.8403126207747
 20
-454.7596815385158
 10
119.6317899355065
 20
-453.6046112305839
 42
0.0928435768533738
 10
118.9079094867118
 20
-453.4693952258853
 10
115.8851054066435
 20
-453.4707632044451
  0
LWPOLYLINE
  5
7BD6
330
1F
100
AcDbEntity
  8
Calque1
100
AcDbPolyline
 90
       69
 70
     0
 43
0.0
 10
116.4574084905223
 20
-208.0848354745411
 10
113.8818301674755
 20
-208.0835703163148
 42
-0.1758951040308064
 10
113.2404414682617
 20
-207.8503756130226
 10
109.9928797097468
 20
-205.1318954537933
 42
0.1758951040307703
 10
109.3514910105327
 20
-204.8987007505007
 10
106.803527041029
 20
-204.897449156811
 42
-0.2976451201785255
 10
105.888147677141
 20
-204.2989229204541
 10
103.8958440969153
 20
-199.7539365643529
 42
-0.103774254868695
 10
103.7275854923844
 20
-198.9500068519541
 10
103.7314763944724
 20
-188.7327190393912
 42
0.5903149385289596
 10
100.6658972648453
 20
-187.0394619698154
 10
88.19521238272114
 20
-194.8908883598337
 42
0.0173581740602195
 10
87.94884608748702
 20
-195.0582120994263
 10
83.60195543521262
 20
-198.2363865107877
 42
0.109594061716963
 10
79.9205925024637
 20
-202.4239289848479
 10
78.18208153222326
 20
-205.5848575715545
 42
-0.1095940617166392
 10
77.44580894567366
 20
-206.4223660663643
 10
68.69692052108371
 20
-212.8190057665911
 42
-0.1914404405763938
 10
65.62844497566629
 20
-213.612380759068
 10
59.86362848172269
 20
-212.8863156244729
 42
-0.4311811920311702
 10
58.39048472672596
 20
-210.871449859028
 10
59.44711091246927
 20
-205.1579727310382
 42
-0.1914404405761393
 10
61.13379269199549
 20
-202.4746742709094
 10
69.88268111658545
 20
-196.0780345706812
 42
-0.1095940617167772
 10
70.90405201583178
 20
-195.6304641440956
 10
74.44337841627498
 20
-194.932568338701
 42
0.1095940617166939
 10
79.55023291250677
 20
-192.6947162057745
 10
83.89747929507654
 20
-189.5162817066843
 42
0.0173068668104816
 10
84.13097194096236
 20
-189.3328381528895
 10
92.9296765341237
 20
-181.91366696068
 42
0.2210631028513245
 10
95.77263217967379
 20
-175.7977129446467
 10
95.77263217967379
 20
-164.1273215420692
 42
0.2210631028513136
 10
92.92967653412393
 20
-158.0113675260359
 10
84.13097194096236
 20
-150.592196333825
 42
0.0173068668104816
 10
83.89747929507654
 20
-150.4087527800298
 10
79.55023291250677
 20
-147.2303182809396
 42
0.1095940617166939
 10
74.44337841627498
 20
-144.992466148014
 10
70.90405201583178
 20
-144.2945703426189
 42
-0.1095940617167772
 10
69.88268111658545
 20
-143.8469999160338
 10
61.13379269199549
 20
-137.4503602158052
 42
-0.1914404405761393
 10
59.44711091246927
 20
-134.7670617556764
 10
58.39048472672596
 20
-129.0535846276866
 42
-0.4311811920311702
 10
59.86362848172269
 20
-127.0387188622417
 10
65.62844497566629
 20
-126.3126537276466
 42
-0.1914404405763938
 10
68.69692052108371
 20
-127.106028720123
 10
77.44580894567366
 20
-133.5026684203499
 42
-0.1095940617166392
 10
78.18208153222326
 20
-134.3401769151601
 10
79.9205925024637
 20
-137.5011055018662
 42
0.109594061716963
 10
83.60195543521262
 20
-141.6886479759273
 10
87.94884608748702
 20
-144.8668223872887
 42
0.0173581740602195
 10
88.19521238272114
 20
-145.0341461268813
 10
99.46971101935492
 20
-152.1324648613058
 42
0.5898673615931324
 10
102.5352893970014
 20
-150.4418636254263
 10
102.5433779430366
 20
-141.9015499366232
 42
-0.1836568997869751
 10
102.7965238219872
 20
-141.2375086231618
 10
104.2869434645851
 20
-139.5636067040282
 42
0.1837596001191382
 10
104.5400896409449
 20
-138.8991680007534
 10
104.5506479949646
 20
-119.6920890393562
 42
-0.3161125358143195
 10
105.2119278197317
 20
-118.7517515391132
 10
106.7321200094077
 20
-118.2044813363159
 42
-0.5196083169837095
 10
107.4014799611557
 20
-118.6751705487945
 10
107.4012933584506
 20
-119.0550517927345
 42
0.9999030474641815
 10
107.4003523009637
 20
-120.6550515235385
 10
109.4588273517397
 20
-120.6620940406578
 42
1.021867348273252
 10
109.5012931050967
 20
-119.056083340457
 10
109.5022012764366
 20
-117.2072502315472
 10
112.7107239617048
 20
-116.0521799236153
 42
-0.0928435768533738
 10
113.4346044104995
 20
-115.9169639189167
 10
116.4574084905678
 20
-115.9183318974765
  0
LWPOLYLINE
  5
7BD7
330
1F
100
AcDbEntity
  8
Calque1
100
AcDbPolyline
 90
       69
 70
     0
 43
0.0
 10
116.4574084905223
 20
-208.0848354745411
 10
119.03298681358
 20
-208.0835703163148
 42
0.1758951040308064
 10
119.6743755127938
 20
-207.8503756130226
 10
122.9219372713087
 20
-205.1318954537933
 42
-0.1758951040307703
 10
123.5633259705227
 20
-204.8987007505007
 10
126.1112899400265
 20
-204.897449156811
 42
0.2976451201785255
 10
127.0266693039145
 20
-204.2989229204541
 10
129.0189728841402
 20
-199.7539365643529
 42
0.103774254868695
 10
129.1872314886711
 20
-198.9500068519541
 10
129.1833405865831
 20
-188.7327190393912
 42
-0.5903149385289596
 10
132.2489197162102
 20
-187.0394619698154
 10
144.7196045983344
 20
-194.8908883598337
 42
-0.0173581740602195
 10
144.9659708935685
 20
-195.0582120994263
 10
149.3128615458429
 20
-198.2363865107877
 42
-0.109594061716963
 10
152.9942244785918
 20
-202.4239289848479
 10
154.7327354488323
 20
-205.5848575715545
 42
0.1095940617166392
 10
155.4690080353819
 20
-206.4223660663643
 10
164.2178964599718
 20
-212.8190057665911
 42
0.1914404405763938
 10
167.2863720053892
 20
-213.612380759068
 10
173.0511884993328
 20
-212.8863156244729
 42
0.4311811920311702
 10
174.5243322543295
 20
-210.871449859028
 10
173.4677060685863
 20
-205.1579727310382
 42
0.1914404405761393
 10
171.78102428906
 20
-202.4746742709094
 10
163.0321358644701
 20
-196.0780345706812
 42
0.1095940617167772
 10
162.0107649652237
 20
-195.6304641440956
 10
158.4714385647805
 20
-194.932568338701
 42
-0.1095940617166939
 10
153.3645840685487
 20
-192.6947162057745
 10
149.017337685979
 20
-189.5162817066843
 42
-0.0173068668104816
 10
148.7838450400932
 20
-189.3328381528895
 10
139.9851404469318
 20
-181.91366696068
 42
-0.2210631028513245
 10
137.1421848013817
 20
-175.7977129446467
 10
137.1421848013817
 20
-164.1273215420692
 42
-0.2210631028513136
 10
139.9851404469316
 20
-158.0113675260359
 10
148.7838450400932
 20
-150.592196333825
 42
-0.0173068668104816
 10
149.017337685979
 20
-150.4087527800298
 10
153.3645840685487
 20
-147.2303182809396
 42
-0.1095940617166939
 10
158.4714385647805
 20
-144.992466148014
 10
162.0107649652237
 20
-144.2945703426189
 42
0.1095940617167772
 10
163.0321358644701
 20
-143.8469999160338
 10
171.78102428906
 20
-137.4503602158052
 42
0.1914404405761393
 10
173.4677060685863
 20
-134.7670617556764
 10
174.5243322543295
 20
-129.0535846276866
 42
0.4311811920311702
 10
173.0511884993328
 20
-127.0387188622417
 10
167.2863720053892
 20
-126.3126537276466
 42
0.1914404405763938
 10
164.2178964599718
 20
-127.106028720123
 10
155.4690080353819
 20
-133.5026684203499
 42
0.1095940617166392
 10
154.7327354488323
 20
-134.3401769151601
 10
152.9942244785918
 20
-137.5011055018662
 42
-0.109594061716963
 10
149.3128615458429
 20
-141.6886479759273
 10
144.9659708935685
 20
-144.8668223872887
 42
-0.0173581740602195
 10
144.7196045983344
 20
-145.0341461268813
 10
133.4451059617006
 20
-152.1324648613058
 42
-0.5898673615931324
 10
130.3795275840541
 20
-150.4418636254263
 10
130.3714390380189
 20
-141.9015499366232
 42
0.1836568997869751
 10
130.1182931590683
 20
-141.2375086231618
 10
128.6278735164704
 20
-139.5636067040282
 42
-0.1837596001191382
 10
128.3747273401106
 20
-138.8991680007534
 10
128.3641689860909
 20
-119.6920890393562
 42
0.3161125358143195
 10
127.7028891613238
 20
-118.7517515391132
 10
126.1826969716478
 20
-118.2044813363159
 42
0.5196083169837095
 10
125.5133370198998
 20
-118.6751705487945
 10
125.5135236226049
 20
-119.0550517927345
 42
-0.9999030474641815
 10
125.5144646800918
 20
-120.6550515235385
 10
123.4559896293158
 20
-120.6620940406578
 42
-1.021867348273252
 10
123.4135238759588
 20
-119.056083340457
 10
123.4126157046189
 20
-117.2072502315472
 10
120.2040930193507
 20
-116.0521799236153
 42
0.0928435768533738
 10
119.480212570556
 20
-115.9169639189167
 10
116.4574084904877
 20
-115.9183318974765
  0
LWPOLYLINE
  5
7BDB
330
1F
100
AcDbEntity
  8
Cut
100
AcDbPolyline
 90
       69
 70
     0
 43
0.0
 10
115.5226986970801
 20
139.6941055549202
 10
112.9471203740219
 20
139.6953707131465
 42
-0.1758951040308064
 10
112.3057316748081
 20
139.9285654164387
 10
109.0581699162932
 20
142.647045575668
 42
0.1758951040307703
 10
108.4167812170792
 20
142.8802402789606
 10
105.8688172475754
 20
142.8814918726502
 42
-0.2976451201785255
 10
104.9534378836874
 20
143.4800181090072
 10
102.9611343034617
 20
148.0250044651084
 42
-0.103774254868695
 10
102.7928756989308
 20
148.8289341775071
 10
102.7967666010189
 20
159.04622199007
 42
0.5903149385289596
 10
99.73118747139171
 20
160.7394790596458
 10
87.26050258926756
 20
152.8880526696275
 42
0.0173581740602195
 10
87.01413629403345
 20
152.7207289300349
 10
82.66724564175905
 20
149.5425545186735
 42
0.109594061716963
 10
78.98588270901012
 20
145.3550120446134
 10
77.24737173876969
 20
142.1940834579068
 42
-0.1095940617166392
 10
76.51109915222008
 20
141.356574963097
 10
67.76221072763013
 20
134.9599352628702
 42
-0.1914404405763938
 10
64.69373518221272
 20
134.1665602703933
 10
58.92891868826911
 20
134.8926254049884
 42
-0.4311811920311702
 10
57.45577493327238
 20
136.9074911704333
 10
58.51240111901569
 20
142.6209682984231
 42
-0.1914404405761393
 10
60.19908289854192
 20
145.3042667585519
 10
68.94797132313186
 20
151.7009064587801
 42
-0.1095940617167772
 10
69.9693422223782
 20
152.1484768853656
 10
73.5086686228214
 20
152.8463726907603
 42
0.1095940617166939
 10
78.61552311905319
 20
155.0842248236867
 10
82.96276950162297
 20
158.2626593227769
 42
0.0173068668104816
 10
83.19626214750877
 20
158.4461028765718
 10
91.99496674067011
 20
165.8652740687812
 42
0.2210631028513245
 10
94.83792238622021
 20
171.9812280848145
 10
94.83792238622021
 20
183.651619487392
 42
0.2210631028513136
 10
91.99496674067034
 20
189.7675735034254
 10
83.19626214750877
 20
197.1867446956362
 42
0.0173068668104816
 10
82.96276950162297
 20
197.3701882494315
 10
78.61552311905319
 20
200.5486227485217
 42
0.1095940617166939
 10
73.5086686228214
 20
202.7864748814472
 10
69.9693422223782
 20
203.4843706868423
 42
-0.1095940617167772
 10
68.94797132313186
 20
203.9319411134274
 10
60.19908289854192
 20
210.3285808136561
 42
-0.1914404405761393
 10
58.51240111901569
 20
213.0118792737849
 10
57.45577493327238
 20
218.7253564017747
 42
-0.4311811920311702
 10
58.92891868826911
 20
220.7402221672196
 10
64.69373518221272
 20
221.4662873018146
 42
-0.1914404405763938
 10
67.76221072763013
 20
220.6729123093382
 10
76.51109915222008
 20
214.2762726091114
 42
-0.1095940617166392
 10
77.24737173876969
 20
213.4387641143012
 10
78.98588270901012
 20
210.277835527595
 42
0.109594061716963
 10
82.66724564175905
 20
206.090293053534
 10
87.01413629403345
 20
202.9121186421726
 42
0.0173581740602195
 10
87.26050258926756
 20
202.74479490258
 10
98.53500122590133
 20
195.6464761681554
 42
0.5898673615931324
 10
101.6005796035478
 20
197.3370774040349
 10
101.6086681495831
 20
205.877391092838
 42
-0.1836568997869751
 10
101.8618140285336
 20
206.5414324062995
 10
103.3522336711315
 20
208.2153343254331
 42
0.1837596001191382
 10
103.6053798474913
 20
208.8797730287079
 10
103.615938201511
 20
228.086851990105
 42
-0.3161125358143195
 10
104.2772180262781
 20
229.0271894903481
 10
105.7974102159541
 20
229.5744596931454
 42
-0.5196083169837095
 10
106.4667701677021
 20
229.1037704806667
 10
106.466583564997
 20
228.7238892367268
 42
0.9999030474641815
 10
106.4656425075101
 20
227.1238895059227
 10
108.5241175582861
 20
227.1168469888035
 42
1.021867348273252
 10
108.5665833116431
 20
228.7228576890043
 10
108.567491482983
 20
230.571690797914
 10
111.7760141682512
 20
231.726761105846
 42
-0.0928435768533738
 10
112.499894617046
 20
231.8619771105446
 10
115.5226986971142
 20
231.8606091319848
  0
LWPOLYLINE
  5
7BDC
330
1F
100
AcDbEntity
  8
Cut
100
AcDbPolyline
 90
       69
 70
     0
 43
0.0
 10
115.5226986970832
 20
139.6941055549202
 10
118.0982770201264
 20
139.6953707131465
 42
0.1758951040308064
 10
118.7396657193403
 20
139.9285654164387
 10
121.9872274778551
 20
142.647045575668
 42
-0.1758951040307703
 10
122.6286161770692
 20
142.8802402789606
 10
125.1765801465729
 20
142.8814918726502
 42
0.2976451201785255
 10
126.0919595104609
 20
143.4800181090072
 10
128.0842630906866
 20
148.0250044651084
 42
0.103774254868695
 10
128.2525216952176
 20
148.8289341775071
 10
128.2486307931295
 20
159.04622199007
 42
-0.5903149385289596
 10
131.3142099227567
 20
160.7394790596458
 10
143.7848948048808
 20
152.8880526696275
 42
-0.0173581740602195
 10
144.0312611001149
 20
152.7207289300349
 10
148.3781517523893
 20
149.5425545186735
 42
-0.109594061716963
 10
152.0595146851382
 20
145.3550120446134
 10
153.7980256553787
 20
142.1940834579068
 42
0.1095940617166392
 10
154.5342982419283
 20
141.356574963097
 10
163.2831866665182
 20
134.9599352628702
 42
0.1914404405763938
 10
166.3516622119356
 20
134.1665602703933
 10
172.1164787058792
 20
134.8926254049884
 42
0.4311811920311702
 10
173.589622460876
 20
136.9074911704333
 10
172.5329962751327
 20
142.6209682984231
 42
0.1914404405761393
 10
170.8463144956064
 20
145.3042667585519
 10
162.0974260710165
 20
151.7009064587801
 42
0.1095940617167772
 10
161.0760551717701
 20
152.1484768853656
 10
157.536728771327
 20
152.8463726907603
 42
-0.1095940617166939
 10
152.4298742750952
 20
155.0842248236867
 10
148.0826278925254
 20
158.2626593227769
 42
-0.0173068668104816
 10
147.8491352466396
 20
158.4461028765718
 10
139.0504306534782
 20
165.8652740687812
 42
-0.2210631028513245
 10
136.2074750079282
 20
171.9812280848145
 10
136.2074750079282
 20
183.651619487392
 42
-0.2210631028513136
 10
139.050430653478
 20
189.7675735034254
 10
147.8491352466396
 20
197.1867446956362
 42
-0.0173068668104816
 10
148.0826278925254
 20
197.3701882494315
 10
152.4298742750952
 20
200.5486227485217
 42
-0.1095940617166939
 10
157.536728771327
 20
202.7864748814472
 10
161.0760551717701
 20
203.4843706868423
 42
0.1095940617167772
 10
162.0974260710165
 20
203.9319411134274
 10
170.8463144956064
 20
210.3285808136561
 42
0.1914404405761393
 10
172.5329962751327
 20
213.0118792737849
 10
173.589622460876
 20
218.7253564017747
 42
0.4311811920311702
 10
172.1164787058792
 20
220.7402221672196
 10
166.3516622119356
 20
221.4662873018146
 42
0.1914404405763938
 10
163.2831866665182
 20
220.6729123093382
 10
154.5342982419283
 20
214.2762726091114
 42
0.1095940617166392
 10
153.7980256553787
 20
213.4387641143012
 10
152.0595146851382
 20
210.277835527595
 42
-0.109594061716963
 10
148.3781517523893
 20
206.090293053534
 10
144.0312611001149
 20
202.9121186421726
 42
-0.0173581740602195
 10
143.7848948048808
 20
202.74479490258
 10
132.510396168247
 20
195.6464761681554
 42
-0.5898673615931324
 10
129.4448177906005
 20
197.3370774040349
 10
129.4367292445653
 20
205.877391092838
 42
0.1836568997869751
 10
129.1835833656147
 20
206.5414324062995
 10
127.6931637230168
 20
208.2153343254331
 42
-0.1837596001191382
 10
127.440017546657
 20
208.8797730287079
 10
127.4294591926373
 20
228.086851990105
 42
0.3161125358143195
 10
126.7681793678702
 20
229.0271894903481
 10
125.2479871781942
 20
229.5744596931454
 42
0.5196083169837095
 10
124.5786272264462
 20
229.1037704806667
 10
124.5788138291513
 20
228.7238892367268
 42
-0.9999030474641815
 10
124.5797548866382
 20
227.1238895059227
 10
122.5212798358622
 20
227.1168469888035
 42
-1.021867348273252
 10
122.4788140825052
 20
228.7228576890043
 10
122.4779059111653
 20
230.571690797914
 10
119.2693832258971
 20
231.726761105846
 42
0.0928435768533738
 10
118.5455027771024
 20
231.8619771105446
 10
115.5226986970341
 20
231.8606091319848
  0
LWPOLYLINE
  5
7C4C
330
1F
100
AcDbEntity
  8
Calque1
100
AcDbPolyline
 90
        8
 70
     1
 43
0.0
 10
306.9641650636847
 20
171.1290744660605
 10
307.9641650636848
 20
171.1290744660605
 42
-0.4142135623730951
 10
308.9641650636847
 20
170.1290744660605
 10
308.9641650636847
 20
169.5246010773503
 42
-0.4142135623730951
 10
307.9641650636848
 20
168.5246010773503
 10
306.9641650636847
 20
168.5246010773503
 42
-0.4142135623730951
 10
305.9641650636848
 20
169.5246010773503
 10
305.9641650636848
 20
170.1290744660605
 42
-0.4142135623730951
  0
LWPOLYLINE
  5
7C4D
330
1F
100
AcDbEntity
  8
Calque1
100
AcDbPolyline
 90
        8
 70
     1
 43
0.0
 10
320.0610422056363
 20
171.1290744660605
 10
319.0610422056364
 20
171.1290744660605
 42
0.4142135623730951
 10
318.0610422056363
 20
170.1290744660605
 10
318.0610422056363
 20
169.5246010773503
 42
0.4142135623730951
 10
319.0610422056364
 20
168.5246010773503
 10
320.0610422056363
 20
168.5246010773503
 42
0.4142135623730951
 10
321.0610422056364
 20
169.5246010773503
 10
321.0610422056364
 20
170.1290744660605
 42
0.4142135623730951
  0
LWPOLYLINE
  5
7C4E
330
1F
100
AcDbEntity
  8
Calque1
100
AcDbPolyline
 90
        8
 70
     1
 43
0.0
 10
306.9641650636847
 20
-177.947757597446
 10
307.9641650636848
 20
-177.947757597446
 42
-0.4142135623730951
 10
308.9641650636847
 20
-178.947757597446
 10
308.9641650636847
 20
-179.5522309861562
 42
-0.4142135623730951
 10
307.9641650636848
 20
-180.5522309861562
 10
306.9641650636847
 20
-180.5522309861562
 42
-0.4142135623730951
 10
305.9641650636848
 20
-179.5522309861562
 10
305.9641650636848
 20
-178.947757597446
 42
-0.4142135623730951
  0
LWPOLYLINE
  5
7C4F
330
1F
100
AcDbEntity
  8
Calque1
100
AcDbPolyline
 90
        8
 70
     1
 43
0.0
 10
320.0610422056363
 20
-177.947757597446
 10
319.0610422056364
 20
-177.947757597446
 42
0.4142135623730951
 10
318.0610422056363
 20
-178.947757597446
 10
318.0610422056363
 20
-179.5522309861562
 42
0.4142135623730951
 10
319.0610422056364
 20
-180.5522309861562
 10
320.0610422056363
 20
-180.5522309861562
 42
0.4142135623730951
 10
321.0610422056364
 20
-179.5522309861562
 10
321.0610422056364
 20
-178.947757597446
 42
0.4142135623730951
  0
LWPOLYLINE
  5
7C50
330
1F
100
AcDbEntity
  8
Calque1
100
AcDbPolyline
 90
        8
 70
     1
 43
0.0
 10
306.9641650636847
 20
-511.9699220572652
 10
307.9641650636848
 20
-511.9699220572652
 42
-0.4142135623730951
 10
308.9641650636847
 20
-512.9699220572652
 10
308.9641650636847
 20
-513.5743954459753
 42
-0.4142135623730951
 10
307.9641650636848
 20
-514.5743954459753
 10
306.9641650636847
 20
-514.5743954459753
 42
-0.4142135623730951
 10
305.9641650636848
 20
-513.5743954459753
 10
305.9641650636848
 20
-512.9699220572652
 42
-0.4142135623730951
  0
LWPOLYLINE
  5
7C51
330
1F
100
AcDbEntity
  8
Calque1
100
AcDbPolyline
 90
        8
 70
     1
 43
0.0
 10
320.0610422056363
 20
-511.9699220572652
 10
319.0610422056364
 20
-511.9699220572652
 42
0.4142135623730951
 10
318.0610422056363
 20
-512.9699220572652
 10
318.0610422056363
 20
-513.5743954459753
 42
0.4142135623730951
 10
319.0610422056364
 20
-514.5743954459753
 10
320.0610422056363
 20
-514.5743954459753
 42
0.4142135623730951
 10
321.0610422056364
 20
-513.5743954459753
 10
321.0610422056364
 20
-512.9699220572652
 42
0.4142135623730951
  0
MTEXT
  5
7FCF
102
{ACAD_XDICTIONARY
360
7FD0
102
}
330
1F
100
AcDbEntity
  8
0
  6
JIS_09_08
100
AcDbMText
 10
720.6906406555808
 20
-180.1794974922118
 30
0.0
 40
15.0
 41
40.63077035965856
 46
0.0
 71
     1
 72
     5
  1
{\fISOCPEUR|b0|i0|c0|p34;25°}
 73
     1
 44
1.0
1001
ACAD
1000
ACAD_MTEXT_COLUMN_INFO_BEGIN
1070
    75
1070
     2
1070
    79
1070
     0
1070
    76
1070
     1
1070
    78
1070
     0
1070
    48
1040
40.63077035965856
1070
    49
1040
12.5
1070
    50
1070
     1
1040
0.0
1000
ACAD_MTEXT_COLUMN_INFO_END
  0
MTEXT
  5
7FD1
102
{ACAD_XDICTIONARY
360
7FD2
102
}
330
1F
100
AcDbEntity
  8
0
  6
JIS_09_08
100
AcDbMText
 10
802.0459680070889
 20
-180.1794974922118
 30
0.0
 40
15.0
 41
40.63077035965856
 46
0.0
 71
     1
 72
     5
  1
{\fISOCPEUR|b0|i0|c0|p34;30°}
 73
     1
 44
1.0
1001
ACAD
1000
ACAD_MTEXT_COLUMN_INFO_BEGIN
1070
    75
1070
     2
1070
    79
1070
     0
1070
    76
1070
     1
1070
    78
1070
     0
1070
    48
1040
40.63077035965856
1070
    49
1040
12.5
1070
    50
1070
     1
1040
0.0
1000
ACAD_MTEXT_COLUMN_INFO_END
  0
MTEXT
  5
7FD3
102
{ACAD_XDICTIONARY
360
7FD4
102
}
330
1F
100
AcDbEntity
  8
0
  6
JIS_09_08
100
AcDbMText
 10
893.3181919279723
 20
-180.1794974922118
 30
0.0
 40
15.0
 41
40.63077035965856
 46
0.0
 71
     1
 72
     5
  1
{\fISOCPEUR|b0|i0|c0|p34;35°}
 73
     1
 44
1.0
1001
ACAD
1000
ACAD_MTEXT_COLUMN_INFO_BEGIN
1070
    75
1070
     2
1070
    79
1070
     0
1070
    76
1070
     1
1070
    78
1070
     0
1070
    48
1040
40.63077035965856
1070
    49
1040
12.5
1070
    50
1070
     1
1040
0.0
1000
ACAD_MTEXT_COLUMN_INFO_END
  0
MTEXT
  5
7FD5
102
{ACAD_XDICTIONARY
360
7FD6
102
}
330
1F
100
AcDbEntity
  8
0
  6
JIS_09_08
100
AcDbMText
 10
634.4207552214011
 20
-180.1794974922118
 30
0.0
 40
15.0
 41
40.63077035965856
 46
0.0
 71
     1
 72
     5
  1
{\fISOCPEUR|b0|i0|c0|p34;20°}
 73
     1
 44
1.0
1001
ACAD
1000
ACAD_MTEXT_COLUMN_INFO_BEGIN
1070
    75
1070
     2
1070
    79
1070
     0
1070
    76
1070
     1
1070
    78
1070
     0
1070
    48
1040
40.63077035965856
1070
    49
1040
12.5
1070
    50
1070
     1
1040
0.0
1000
ACAD_MTEXT_COLUMN_INFO_END
  0
MTEXT
  5
7FD7
102
{ACAD_XDICTIONARY
360
7FD8
102
}
330
1F
100
AcDbEntity
  8
0
  6
JIS_09_08
100
AcDbMText
 10
555.8929682268844
 20
-180.1794974922118
 30
0.0
 40
15.0
 41
40.63077035965856
 46
0.0
 71
     1
 72
     5
  1
{\fISOCPEUR|b0|i0|c0|p34;15°}
 73
     1
 44
1.0
1001
ACAD
1000
ACAD_MTEXT_COLUMN_INFO_BEGIN
1070
    75
1070
     2
1070
    79
1070
     0
1070
    76
1070
     1
1070
    78
1070
     0
1070
    48
1040
40.63077035965856
1070
    49
1040
12.5
1070
    50
1070
     1
1040
0.0
1000
ACAD_MTEXT_COLUMN_INFO_END
  0
LINE
  5
7FD9
330
1F
100
AcDbEntity
  8
Calque2
100
AcDbLine
 10
536.1638559959465
 20
-140.183391640925
 30
0.0
 11
536.1638559959465
 21
-437.7633471031713
 31
0.0
  0
LINE
  5
7FDA
330
1F
100
AcDbEntity
  8
Calque2
100
AcDbLine
 10
608.3656357562831
 20
-173.8514019873528
 30
0.0
 11
608.365635756283
 21
-437.7633471031713
 31
0.0
  0
LINE
  5
7FDB
330
1F
100
AcDbEntity
  8
Calque2
100
AcDbLine
 10
689.4413943612562
 20
-173.8514019873528
 30
0.0
 11
689.4413943612562
 21
-437.7633471031713
 31
0.0
  0
LINE
  5
7FDC
330
1F
100
AcDbEntity
  8
Calque2
100
AcDbLine
 10
770.9204987656012
 20
-173.8514019873528
 30
0.0
 11
770.920498765601
 21
-437.7633471031713
 31
0.0
  0
LINE
  5
7FDD
330
1F
100
AcDbEntity
  8
Calque2
100
AcDbLine
 10
856.4332379534063
 20
-173.8514019873528
 30
0.0
 11
856.4332379534063
 21
-437.7633471031713
 31
0.0
  0
LINE
  5
7FDE
330
1F
100
AcDbEntity
  8
Calque2
100
AcDbLine
 10
478.1413224008066
 20
-261.7364879925417
 30
0.0
 11
943.7603507110251
 21
-261.7364879925417
 31
0.0
  0
MTEXT
  5
7FDF
102
{ACAD_XDICTIONARY
360
7FE0
102
}
330
1F
100
AcDbEntity
  8
0
  6
JIS_09_08
100
AcDbMText
 10
483.3023217471509
 20
-218.022645512679
 30
0.0
 40
15.0
 41
40.63077035965856
 46
0.0
 71
     1
 72
     5
  1
{\fISOCPEUR|b0|i0|c0|p34;14mm}
 73
     1
 44
1.0
1001
ACAD
1000
ACAD_MTEXT_COLUMN_INFO_BEGIN
1070
    75
1070
     2
1070
    79
1070
     0
1070
    76
1070
     1
1070
    78
1070
     0
1070
    48
1040
40.63077035965856
1070
    49
1040
12.5
1070
    50
1070
     1
1040
0.0
1000
ACAD_MTEXT_COLUMN_INFO_END
  0
MTEXT
  5
7FE1
102
{ACAD_XDICTIONARY
360
7FE2
102
}
330
1F
100
AcDbEntity
  8
0
  6
JIS_09_08
100
AcDbMText
 10
483.3023217471509
 20
-287.9682780611888
 30
0.0
 40
15.0
 41
40.63077035965856
 46
0.0
 71
     1
 72
     5
  1
{\fISOCPEUR|b0|i0|c0|p34;16mm}
 73
     1
 44
1.0
1001
ACAD
1000
ACAD_MTEXT_COLUMN_INFO_BEGIN
1070
    75
1070
     2
1070
    79
1070
     0
1070
    76
1070
     1
1070
    78
1070
     0
1070
    48
1040
40.63077035965856
1070
    49
1040
12.5
1070
    50
1070
     1
1040
0.0
1000
ACAD_MTEXT_COLUMN_INFO_END
  0
LINE
  5
7FE3
330
1F
100
AcDbEntity
  8
Calque2
100
AcDbLine
 10
478.1413224008066
 20
-318.7842233342772
 30
0.0
 11
943.7603507110251
 21
-318.7842233342772
 31
0.0
  0
MTEXT
  5
7FE4
102
{ACAD_XDICTIONARY
360
7FE5
102
}
330
1F
100
AcDbEntity
  8
0
  6
JIS_09_08
100
AcDbMText
 10
483.3023217471509
 20
-345.0160134029243
 30
0.0
 40
15.0
 41
40.63077035965856
 46
0.0
 71
     1
 72
     5
  1
{\fISOCPEUR|b0|i0|c0|p34;18mm}
 73
     1
 44
1.0
1001
ACAD
1000
ACAD_MTEXT_COLUMN_INFO_BEGIN
1070
    75
1070
     2
1070
    79
1070
     0
1070
    76
1070
     1
1070
    78
1070
     0
1070
    48
1040
40.63077035965856
1070
    49
1040
12.5
1070
    50
1070
     1
1040
0.0
1000
ACAD_MTEXT_COLUMN_INFO_END
  0
LINE
  5
7FE6
330
1F
100
AcDbEntity
  8
Calque2
100
AcDbLine
 10
478.1413224008066
 20
-375.8319586760126
 30
0.0
 11
943.7603507110251
 21
-375.8319586760126
 31
0.0
  0
MTEXT
  5
7FE7
102
{ACAD_XDICTIONARY
360
7FE8
102
}
330
1F
100
AcDbEntity
  8
0
  6
JIS_09_08
100
AcDbMText
 10
483.3023217471509
 20
-402.0637487446597
 30
0.0
 40
15.0
 41
40.63077035965856
 46
0.0
 71
     1
 72
     5
  1
{\fISOCPEUR|b0|i0|c0|p34;20mm}
 73
     1
 44
1.0
1001
ACAD
1000
ACAD_MTEXT_COLUMN_INFO_BEGIN
1070
    75
1070
     2
1070
    79
1070
     0
1070
    76
1070
     1
1070
    78
1070
     0
1070
    48
1040
40.63077035965856
1070
    49
1040
12.5
1070
    50
1070
     1
1040
0.0
1000
ACAD_MTEXT_COLUMN_INFO_END
  0
LINE
  5
7FE9
330
1F
100
AcDbEntity
  8
Calque2
100
AcDbLine
 10
443.0399834787728
 20
-208.2868621636225
 30
0.0
 11
943.7603507110251
 21
-208.2868621636225
 31
0.0
  0
LINE
  5
7FEA
330
1F
100
AcDbEntity
  8
Cut
100
AcDbLine
 10
721.5727428773034
 20
-364.1237369412511
 30
0.0
 11
721.6681306994797
 21
-364.1237369412511
 31
0.0
  0
ARC
  5
7FEB
330
1F
100
AcDbEntity
  8
Calque1
100
AcDbCircle
 10
721.5727428773034
 20
-362.1237369412511
 30
0.0
 40
2.0
100
AcDbArc
 50
228.982783026615
 51
270.0
  0
ARC
  5
7FEC
330
1F
100
AcDbEntity
  8
Cut
100
AcDbCircle
 10
721.6681306994797
 20
-363.3237369412509
 30
0.0
 40
0.8000000000001818
100
AcDbArc
 50
270.000000000013
 51
0.0
  0
LINE
  5
7FED
330
1F
100
AcDbEntity
  8
Cut
100
AcDbLine
 10
722.4681306994796
 20
-363.3237369412509
 30
0.0
 11
722.4681306994796
 21
-361.1237368965476
 31
0.0
  0
ARC
  5
7FEE
330
1F
100
AcDbEntity
  8
Cut
100
AcDbCircle
 10
723.2681306994796
 20
-361.1237368965476
 30
0.0
 40
0.8000000000000682
100
AcDbArc
 50
0.0
 51
180.0
  0
LINE
  5
7FEF
330
1F
100
AcDbEntity
  8
Cut
100
AcDbLine
 10
724.0681306994797
 20
-361.1237368965476
 30
0.0
 11
726.5931306994795
 21
-361.1237368965476
 31
0.0
  0
ARC
  5
7FF0
330
1F
100
AcDbEntity
  8
Cut
100
AcDbCircle
 10
727.3931306994795
 20
-361.1237368965476
 30
0.0
 40
0.8000000000000682
100
AcDbArc
 50
0.0
 51
180.0
  0
LINE
  5
7FF1
330
1F
100
AcDbEntity
  8
Cut
100
AcDbLine
 10
728.1931306994797
 20
-361.1237368965476
 30
0.0
 11
728.1931306994797
 21
-363.3237369412509
 31
0.0
  0
ARC
  5
7FF2
330
1F
100
AcDbEntity
  8
Cut
100
AcDbCircle
 10
728.9931306994799
 20
-363.3237369412509
 30
0.0
 40
0.8000000000000682
100
AcDbArc
 50
179.9999999999739
 51
269.999999999987
  0
LINE
  5
7FF3
330
1F
100
AcDbEntity
  8
Cut
100
AcDbLine
 10
728.9931306994796
 20
-364.1237369412511
 30
0.0
 11
732.2531306994797
 21
-364.1237369412511
 31
0.0
  0
ARC
  5
7FF4
330
1F
100
AcDbEntity
  8
Cut
100
AcDbCircle
 10
732.2531306994792
 20
-363.3237369412514
 30
0.0
 40
0.7999999999997272
100
AcDbArc
 50
270.0000000000391
 51
0.0000000000260551
  0
LINE
  5
7FF5
330
1F
100
AcDbEntity
  8
Cut
100
AcDbLine
 10
733.0531306994787
 20
-363.3237369412509
 30
0.0
 11
733.0531306994787
 21
-361.1237368965476
 31
0.0
  0
ARC
  5
7FF6
330
1F
100
AcDbEntity
  8
Cut
100
AcDbCircle
 10
733.8531306994791
 20
-361.1237368965476
 30
0.0
 40
0.8000000000005229
100
AcDbArc
 50
0.0
 51
180.0
  0
LINE
  5
7FF7
330
1F
100
AcDbEntity
  8
Cut
100
AcDbLine
 10
734.6531306994798
 20
-361.1237368965476
 30
0.0
 11
737.6681309378978
 21
-361.1237368965476
 31
0.0
  0
LINE
  5
7FF8
330
1F
100
AcDbEntity
  8
Cut
100
AcDbLine
 10
752.4681306994795
 20
-345.4639979362419
 30
0.0
 11
752.4681306994795
 21
-343.1237368965476
 31
0.0
  0
ARC
  5
7FF9
330
1F
100
AcDbEntity
  8
Cut
100
AcDbCircle
 10
751.4681306994796
 20
-345.4639979362419
 30
0.0
 40
1.0
100
AcDbArc
 50
303.7612270571579
 51
0.0
  0
LINE
  5
7FFA
330
1F
100
AcDbEntity
  8
Cut
100
AcDbLine
 10
752.4681306994795
 20
-343.1237368965476
 30
0.0
 11
752.4681306994795
 21
-341.9237365687223
 31
0.0
  0
ARC
  5
7FFB
330
1F
100
AcDbEntity
  8
Cut
100
AcDbCircle
 10
751.6681306994796
 20
-341.9237365687223
 30
0.0
 40
0.7999999999999546
100
AcDbArc
 50
0.0
 51
90.0
  0
LINE
  5
7FFC
330
1F
100
AcDbEntity
  8
Cut
100
AcDbLine
 10
751.6681306994796
 20
-341.1237365687221
 30
0.0
 11
747.4081306994787
 21
-341.1237365687221
 31
0.0
  0
ARC
  5
7FFD
330
1F
100
AcDbEntity
  8
Cut
100
AcDbCircle
 10
747.4081306994792
 20
-341.9237365687213
 30
0.0
 40
0.7999999999994998
100
AcDbArc
 50
90.00000000002605
 51
180.000000000026
  0
LINE
  5
7FFE
330
1F
100
AcDbEntity
  8
Cut
100
AcDbLine
 10
746.6081306994797
 20
-341.9237365687223
 30
0.0
 11
746.6081306994797
 21
-343.1237368965476
 31
0.0
  0
ARC
  5
7FFF
330
1F
100
AcDbEntity
  8
Cut
100
AcDbCircle
 10
745.8081306994797
 20
-343.1237368965476
 30
0.0
 40
0.7999999999999546
100
AcDbArc
 50
180.0
 51
0.0
  0
LINE
  5
8000
330
1F
100
AcDbEntity
  8
Cut
100
AcDbLine
 10
745.0081306994798
 20
-343.1237368965476
 30
0.0
 11
742.6977306994788
 21
-343.1237368965476
 31
0.0
  0
ARC
  5
8001
330
1F
100
AcDbEntity
  8
Cut
100
AcDbCircle
 10
741.8977306994793
 20
-343.1237368965476
 30
0.0
 40
0.7999999999994998
100
AcDbArc
 50
180.0
 51
0.0
  0
LINE
  5
8002
330
1F
100
AcDbEntity
  8
Cut
100
AcDbLine
 10
741.0977306994798
 20
-343.1237368965476
 30
0.0
 11
741.0977306994798
 21
-340.5629968789967
 31
0.0
  0
ARC
  5
8003
330
1F
100
AcDbEntity
  8
Cut
100
AcDbCircle
 10
739.0977306994798
 20
-340.5629968789967
 30
0.0
 40
2.0
100
AcDbArc
 50
0.0
 51
64.05496355262504
  0
LINE
  5
8004
330
1F
100
AcDbEntity
  8
Cut
100
AcDbLine
 10
723.0813996685667
 20
-330.546156446399
 30
0.0
 11
739.9727481727122
 21
-338.7645685591747
 31
0.0
  0
ARC
  5
8005
330
1F
100
AcDbEntity
  8
Cut
100
AcDbCircle
 10
722.2063821953345
 20
-332.344584766221
 30
0.0
 40
2.0
100
AcDbArc
 50
64.05496355262504
 51
154.9999999999933
  0
LINE
  5
8006
330
1F
100
AcDbEntity
  8
Cut
100
AcDbLine
 10
739.300271821077
 20
-354.8005978179535
 30
0.0
 11
752.023863847565
 21
-346.2953586690883
 31
0.0
  0
ARC
  5
8007
330
1F
100
AcDbEntity
  8
Calque1
100
AcDbCircle
 10
740.4117381172479
 20
-356.4633192836463
 30
0.0
 40
2.0
100
AcDbArc
 50
123.761227057158
 51
208.5212372976655
  0
LINE
  5
8008
330
1F
100
AcDbEntity
  8
Cut
100
AcDbLine
 10
720.3937666212612
 20
-331.4993482427399
 30
0.0
 11
719.7185916133324
 21
-332.9472657197989
 31
0.0
  0
LINE
  5
8009
330
1F
100
AcDbEntity
  8
Cut
100
AcDbLine
 10
710.7207695152369
 20
-352.2431574786769
 30
0.0
 11
710.3317005084481
 21
-353.0775186562914
 31
0.0
  0
ARC
  5
800A
330
1F
100
AcDbEntity
  8
Calque1
100
AcDbCircle
 10
712.1443160825215
 20
-353.9227551797726
 30
0.0
 40
2.0
100
AcDbArc
 50
155.0000000000182
 51
228.982783026615
  0
LINE
  5
800B
330
1F
100
AcDbEntity
  8
Calque1
100
AcDbLine
 10
710.8317445140867
 20
-355.4317799899518
 30
0.0
 11
720.2601713088689
 21
-363.6327617514303
 31
0.0
  0
LINE
  5
800C
330
1F
100
AcDbEntity
  8
Calque1
100
AcDbLine
 10
737.668130937898
 20
-361.1237368965476
 30
0.0
 11
739.3228845080293
 21
-361.1237368965476
 31
0.0
  0
LINE
  5
800D
330
1F
100
AcDbEntity
  8
Calque1
100
AcDbLine
 10
740.0257966586401
 20
-359.9417493201472
 30
0.0
 11
738.6544577407214
 21
-357.4182882246464
 31
0.0
  0
ARC
  5
800E
330
1F
100
AcDbEntity
  8
Calque1
100
AcDbCircle
 10
739.3228845080293
 20
-360.3237368965474
 30
0.0
 40
0.8
100
AcDbArc
 50
270.0
 51
28.52123729766552
  0
INSERT
  5
800F
330
1F
100
AcDbEntity
  8
Calque1
100
AcDbBlockReference
  2
cam plate rail v2.1
 10
717.0322961246674
 20
-343.4404481163337
 30
0.0
  0
LINE
  5
8010
330
1F
100
AcDbEntity
  8
Cut
100
AcDbLine
 10
721.5727428773034
 20
-307.3258752020456
 30
0.0
 11
721.6681306994797
 21
-307.3258752020456
 31
0.0
  0
ARC
  5
8011
330
1F
100
AcDbEntity
  8
Calque1
100
AcDbCircle
 10
721.5727428773034
 20
-305.3258752020456
 30
0.0
 40
2.0
100
AcDbArc
 50
228.982783026615
 51
270.0
  0
ARC
  5
8012
330
1F
100
AcDbEntity
  8
Cut
100
AcDbCircle
 10
721.6681306994797
 20
-306.5258752020454
 30
0.0
 40
0.8000000000001818
100
AcDbArc
 50
270.000000000013
 51
0.0
  0
LINE
  5
8013
330
1F
100
AcDbEntity
  8
Cut
100
AcDbLine
 10
722.4681306994796
 20
-306.5258752020454
 30
0.0
 11
722.4681306994796
 21
-304.3258751573421
 31
0.0
  0
ARC
  5
8014
330
1F
100
AcDbEntity
  8
Cut
100
AcDbCircle
 10
723.2681306994796
 20
-304.3258751573421
 30
0.0
 40
0.8000000000000682
100
AcDbArc
 50
0.0
 51
180.0
  0
LINE
  5
8015
330
1F
100
AcDbEntity
  8
Cut
100
AcDbLine
 10
724.0681306994797
 20
-304.3258751573421
 30
0.0
 11
726.5931306994795
 21
-304.3258751573421
 31
0.0
  0
ARC
  5
8016
330
1F
100
AcDbEntity
  8
Cut
100
AcDbCircle
 10
727.3931306994795
 20
-304.3258751573421
 30
0.0
 40
0.8000000000000682
100
AcDbArc
 50
0.0
 51
180.0
  0
LINE
  5
8017
330
1F
100
AcDbEntity
  8
Cut
100
AcDbLine
 10
728.1931306994797
 20
-304.3258751573421
 30
0.0
 11
728.1931306994797
 21
-306.5258752020454
 31
0.0
  0
ARC
  5
8018
330
1F
100
AcDbEntity
  8
Cut
100
AcDbCircle
 10
728.9931306994799
 20
-306.5258752020454
 30
0.0
 40
0.8000000000000682
100
AcDbArc
 50
179.9999999999739
 51
269.999999999987
  0
LINE
  5
8019
330
1F
100
AcDbEntity
  8
Cut
100
AcDbLine
 10
728.9931306994796
 20
-307.3258752020456
 30
0.0
 11
732.2531306994797
 21
-307.3258752020456
 31
0.0
  0
ARC
  5
801A
330
1F
100
AcDbEntity
  8
Cut
100
AcDbCircle
 10
732.2531306994792
 20
-306.5258752020459
 30
0.0
 40
0.7999999999997272
100
AcDbArc
 50
270.0000000000391
 51
0.0000000000260551
  0
LINE
  5
801B
330
1F
100
AcDbEntity
  8
Cut
100
AcDbLine
 10
733.0531306994787
 20
-306.5258752020454
 30
0.0
 11
733.0531306994787
 21
-304.3258751573421
 31
0.0
  0
ARC
  5
801C
330
1F
100
AcDbEntity
  8
Cut
100
AcDbCircle
 10
733.8531306994791
 20
-304.3258751573421
 30
0.0
 40
0.8000000000005229
100
AcDbArc
 50
0.0
 51
180.0
  0
LINE
  5
801D
330
1F
100
AcDbEntity
  8
Cut
100
AcDbLine
 10
734.6531306994798
 20
-304.3258751573421
 30
0.0
 11
737.6681309378978
 21
-304.3258751573421
 31
0.0
  0
LINE
  5
801E
330
1F
100
AcDbEntity
  8
Cut
100
AcDbLine
 10
752.4681306994795
 20
-291.2005213734847
 30
0.0
 11
752.4681306994795
 21
-287.1258748295168
 31
0.0
  0
ARC
  5
801F
330
1F
100
AcDbEntity
  8
Cut
100
AcDbCircle
 10
751.4681306994796
 20
-291.2005213734847
 30
0.0
 40
1.0
100
AcDbArc
 50
294.8410239733432
 51
0.0
  0
ARC
  5
8020
330
1F
100
AcDbEntity
  8
Cut
100
AcDbCircle
 10
751.6681306994796
 20
-287.1258748295168
 30
0.0
 40
0.7999999999999546
100
AcDbArc
 50
0.0
 51
90.0
  0
LINE
  5
8021
330
1F
100
AcDbEntity
  8
Cut
100
AcDbLine
 10
751.6681306994796
 20
-286.3258748295166
 30
0.0
 11
747.4081306994787
 21
-286.3258748295166
 31
0.0
  0
ARC
  5
8022
330
1F
100
AcDbEntity
  8
Cut
100
AcDbCircle
 10
747.4081306994792
 20
-287.1258748295158
 30
0.0
 40
0.7999999999994998
100
AcDbArc
 50
90.00000000002605
 51
180.000000000026
  0
LINE
  5
8023
330
1F
100
AcDbEntity
  8
Cut
100
AcDbLine
 10
746.6081306994797
 20
-287.1258748295168
 30
0.0
 11
746.6081306994797
 21
-288.3258751573421
 31
0.0
  0
ARC
  5
8024
330
1F
100
AcDbEntity
  8
Cut
100
AcDbCircle
 10
745.8081306994797
 20
-288.3258751573421
 30
0.0
 40
0.7999999999999546
100
AcDbArc
 50
180.0
 51
0.0
  0
LINE
  5
8025
330
1F
100
AcDbEntity
  8
Cut
100
AcDbLine
 10
745.0081306994798
 20
-288.3258751573421
 30
0.0
 11
742.6977306994788
 21
-288.3258751573421
 31
0.0
  0
ARC
  5
8026
330
1F
100
AcDbEntity
  8
Cut
100
AcDbCircle
 10
741.8977306994793
 20
-288.3258751573421
 30
0.0
 40
0.7999999999994998
100
AcDbArc
 50
180.0
 51
0.0
  0
LINE
  5
8027
330
1F
100
AcDbEntity
  8
Cut
100
AcDbLine
 10
741.0977306994798
 20
-288.3258751573421
 30
0.0
 11
741.0977306994798
 21
-283.7651351397913
 31
0.0
  0
ARC
  5
8028
330
1F
100
AcDbEntity
  8
Cut
100
AcDbCircle
 10
739.0977306994798
 20
-283.7651351397913
 30
0.0
 40
2.0
100
AcDbArc
 50
0.0
 51
64.05496355262504
  0
LINE
  5
8029
330
1F
100
AcDbEntity
  8
Cut
100
AcDbLine
 10
723.0813996685667
 20
-273.7482947071935
 30
0.0
 11
739.9727481727122
 21
-281.9667068199692
 31
0.0
  0
ARC
  5
802A
330
1F
100
AcDbEntity
  8
Cut
100
AcDbCircle
 10
722.2063821953345
 20
-275.5467230270156
 30
0.0
 40
2.0
100
AcDbArc
 50
64.05496355262504
 51
154.9999999999933
  0
LINE
  5
802B
330
1F
100
AcDbEntity
  8
Cut
100
AcDbLine
 10
720.3937666212612
 20
-274.7014865035344
 30
0.0
 11
719.7185916133324
 21
-276.1494039805934
 31
0.0
  0
LINE
  5
802C
330
1F
100
AcDbEntity
  8
Cut
100
AcDbLine
 10
710.7207695152369
 20
-295.4452957394715
 30
0.0
 11
710.3317005084481
 21
-296.279656917086
 31
0.0
  0
ARC
  5
802D
330
1F
100
AcDbEntity
  8
Calque1
100
AcDbCircle
 10
712.1443160825215
 20
-297.1248934405671
 30
0.0
 40
2.0
100
AcDbArc
 50
155.0000000000182
 51
228.982783026615
  0
LINE
  5
802E
330
1F
100
AcDbEntity
  8
Calque1
100
AcDbLine
 10
710.8317445140867
 20
-298.6339182507463
 30
0.0
 11
720.2601713088689
 21
-306.8349000122248
 31
0.0
  0
LINE
  5
802F
330
1F
100
AcDbEntity
  8
Calque1
100
AcDbLine
 10
737.668130937898
 20
-304.3258751573421
 30
0.0
 11
739.3228845080293
 21
-304.3258751573421
 31
0.0
  0
LINE
  5
8030
330
1F
100
AcDbEntity
  8
Calque1
100
AcDbLine
 10
740.0257966586401
 20
-303.1438875809417
 30
0.0
 11
738.6367915665
 21
-300.5879181807677
 31
0.0
  0
ARC
  5
8031
330
1F
100
AcDbEntity
  8
Calque1
100
AcDbCircle
 10
739.3228845080293
 20
-303.5258751573419
 30
0.0
 40
0.8
100
AcDbArc
 50
270.0
 51
28.52123729766552
  0
INSERT
  5
8032
330
1F
100
AcDbEntity
  8
Calque1
100
AcDbBlockReference
  2
cam plate rail v2.1
 10
717.0322961246674
 20
-286.6425863771283
 30
0.0
  0
LINE
  5
8033
330
1F
100
AcDbEntity
  8
Cut
100
AcDbLine
 10
739.553868049747
 20
-297.817995406273
 30
0.0
 11
751.8882326461193
 21
-292.107998290232
 31
0.0
  0
ARC
  5
8034
330
1F
100
AcDbEntity
  8
Calque1
100
AcDbCircle
 10
740.3940719430265
 20
-299.6329492397677
 30
0.0
 40
2.0
100
AcDbArc
 50
114.8410239733431
 51
208.5212372976655
  0
LINE
  5
8035
330
1F
100
AcDbEntity
  8
Cut
100
AcDbLine
 10
721.5727428773034
 20
-252.6651257220137
 30
0.0
 11
721.6681306994797
 21
-252.6651257220137
 31
0.0
  0
ARC
  5
8036
330
1F
100
AcDbEntity
  8
Calque1
100
AcDbCircle
 10
721.5727428773034
 20
-250.6651257220137
 30
0.0
 40
2.0
100
AcDbArc
 50
228.982783026615
 51
270.0
  0
ARC
  5
8037
330
1F
100
AcDbEntity
  8
Cut
100
AcDbCircle
 10
721.6681306994797
 20
-251.8651257220136
 30
0.0
 40
0.8000000000001818
100
AcDbArc
 50
270.000000000013
 51
0.0
  0
LINE
  5
8038
330
1F
100
AcDbEntity
  8
Cut
100
AcDbLine
 10
722.4681306994796
 20
-251.8651257220136
 30
0.0
 11
722.4681306994796
 21
-249.6651256773102
 31
0.0
  0
ARC
  5
8039
330
1F
100
AcDbEntity
  8
Cut
100
AcDbCircle
 10
723.2681306994796
 20
-249.6651256773102
 30
0.0
 40
0.8000000000000682
100
AcDbArc
 50
0.0
 51
180.0
  0
LINE
  5
803A
330
1F
100
AcDbEntity
  8
Cut
100
AcDbLine
 10
724.0681306994797
 20
-249.6651256773102
 30
0.0
 11
726.5931306994795
 21
-249.6651256773102
 31
0.0
  0
ARC
  5
803B
330
1F
100
AcDbEntity
  8
Cut
100
AcDbCircle
 10
727.3931306994795
 20
-249.6651256773102
 30
0.0
 40
0.8000000000000682
100
AcDbArc
 50
0.0
 51
180.0
  0
LINE
  5
803C
330
1F
100
AcDbEntity
  8
Cut
100
AcDbLine
 10
728.1931306994797
 20
-249.6651256773102
 30
0.0
 11
728.1931306994797
 21
-251.8651257220136
 31
0.0
  0
ARC
  5
803D
330
1F
100
AcDbEntity
  8
Cut
100
AcDbCircle
 10
728.9931306994799
 20
-251.8651257220136
 30
0.0
 40
0.8000000000000682
100
AcDbArc
 50
179.9999999999739
 51
269.999999999987
  0
LINE
  5
803E
330
1F
100
AcDbEntity
  8
Cut
100
AcDbLine
 10
728.9931306994796
 20
-252.6651257220137
 30
0.0
 11
732.2531306994797
 21
-252.6651257220137
 31
0.0
  0
ARC
  5
803F
330
1F
100
AcDbEntity
  8
Cut
100
AcDbCircle
 10
732.2531306994792
 20
-251.865125722014
 30
0.0
 40
0.7999999999997272
100
AcDbArc
 50
270.0000000000391
 51
0.0000000000260551
  0
LINE
  5
8040
330
1F
100
AcDbEntity
  8
Cut
100
AcDbLine
 10
733.0531306994787
 20
-251.8651257220136
 30
0.0
 11
733.0531306994787
 21
-249.6651256773102
 31
0.0
  0
ARC
  5
8041
330
1F
100
AcDbEntity
  8
Cut
100
AcDbCircle
 10
733.8531306994791
 20
-249.6651256773102
 30
0.0
 40
0.8000000000005229
100
AcDbArc
 50
0.0
 51
180.0
  0
LINE
  5
8042
330
1F
100
AcDbEntity
  8
Cut
100
AcDbLine
 10
734.6531306994798
 20
-249.6651256773102
 30
0.0
 11
737.6681309378978
 21
-249.6651256773102
 31
0.0
  0
ARC
  5
8043
330
1F
100
AcDbEntity
  8
Cut
100
AcDbCircle
 10
751.6681306994796
 20
-234.4651253494849
 30
0.0
 40
0.7999999999999546
100
AcDbArc
 50
0.0
 51
90.0
  0
LINE
  5
8044
330
1F
100
AcDbEntity
  8
Cut
100
AcDbLine
 10
751.6681306994796
 20
-233.6651253494847
 30
0.0
 11
747.4081306994787
 21
-233.6651253494847
 31
0.0
  0
ARC
  5
8045
330
1F
100
AcDbEntity
  8
Cut
100
AcDbCircle
 10
747.4081306994792
 20
-234.465125349484
 30
0.0
 40
0.7999999999994998
100
AcDbArc
 50
90.00000000002605
 51
180.000000000026
  0
LINE
  5
8046
330
1F
100
AcDbEntity
  8
Cut
100
AcDbLine
 10
746.6081306994797
 20
-234.4651253494849
 30
0.0
 11
746.6081306994797
 21
-235.6651256773103
 31
0.0
  0
ARC
  5
8047
330
1F
100
AcDbEntity
  8
Cut
100
AcDbCircle
 10
745.8081306994797
 20
-235.6651256773103
 30
0.0
 40
0.7999999999999546
100
AcDbArc
 50
180.0
 51
0.0
  0
LINE
  5
8048
330
1F
100
AcDbEntity
  8
Cut
100
AcDbLine
 10
745.0081306994798
 20
-235.6651256773103
 30
0.0
 11
742.6977306994788
 21
-235.6651256773103
 31
0.0
  0
ARC
  5
8049
330
1F
100
AcDbEntity
  8
Cut
100
AcDbCircle
 10
741.8977306994793
 20
-235.6651256773103
 30
0.0
 40
0.7999999999994998
100
AcDbArc
 50
180.0
 51
0.0
  0
LINE
  5
804A
330
1F
100
AcDbEntity
  8
Cut
100
AcDbLine
 10
741.0977306994798
 20
-235.6651256773103
 30
0.0
 11
741.0977306994798
 21
-229.1043856597594
 31
0.0
  0
ARC
  5
804B
330
1F
100
AcDbEntity
  8
Cut
100
AcDbCircle
 10
739.0977306994798
 20
-229.1043856597594
 30
0.0
 40
2.0
100
AcDbArc
 50
0.0
 51
64.05496355262504
  0
LINE
  5
804C
330
1F
100
AcDbEntity
  8
Cut
100
AcDbLine
 10
723.0813996685667
 20
-219.0875452271616
 30
0.0
 11
739.9727481727122
 21
-227.3059573399373
 31
0.0
  0
ARC
  5
804D
330
1F
100
AcDbEntity
  8
Cut
100
AcDbCircle
 10
722.2063821953345
 20
-220.8859735469837
 30
0.0
 40
2.0
100
AcDbArc
 50
64.05496355262504
 51
154.9999999999933
  0
LINE
  5
804E
330
1F
100
AcDbEntity
  8
Cut
100
AcDbLine
 10
720.3937666212612
 20
-220.0407370235025
 30
0.0
 11
719.7185916133324
 21
-221.4886545005616
 31
0.0
  0
LINE
  5
804F
330
1F
100
AcDbEntity
  8
Cut
100
AcDbLine
 10
710.7207695152369
 20
-240.7845462594396
 30
0.0
 11
710.3317005084481
 21
-241.6189074370541
 31
0.0
  0
ARC
  5
8050
330
1F
100
AcDbEntity
  8
Calque1
100
AcDbCircle
 10
712.1443160825215
 20
-242.4641439605352
 30
0.0
 40
2.0
100
AcDbArc
 50
155.0000000000182
 51
228.982783026615
  0
LINE
  5
8051
330
1F
100
AcDbEntity
  8
Calque1
100
AcDbLine
 10
710.8317445140867
 20
-243.9731687707144
 30
0.0
 11
720.2601713088689
 21
-252.1741505321929
 31
0.0
  0
LINE
  5
8052
330
1F
100
AcDbEntity
  8
Calque1
100
AcDbLine
 10
737.668130937898
 20
-249.6651256773102
 30
0.0
 11
739.3228845080293
 21
-249.6651256773102
 31
0.0
  0
LINE
  5
8053
330
1F
100
AcDbEntity
  8
Calque1
100
AcDbLine
 10
740.0257966586401
 20
-248.4831381009099
 30
0.0
 11
738.5912643402527
 21
-245.8433920480643
 31
0.0
  0
ARC
  5
8054
330
1F
100
AcDbEntity
  8
Calque1
100
AcDbCircle
 10
739.3228845080293
 20
-248.86512567731
 30
0.0
 40
0.8
100
AcDbArc
 50
270.0
 51
28.52123729766552
  0
INSERT
  5
8055
330
1F
100
AcDbEntity
  8
Calque1
100
AcDbBlockReference
  2
cam plate rail v2.1
 10
717.0322961246674
 20
-231.9818368970964
 30
0.0
  0
LINE
  5
8056
330
1F
100
AcDbEntity
  8
Calque1
100
AcDbLine
 10
752.4681306994795
 20
-234.4651253494849
 30
0.0
 11
752.4681306994795
 21
-239.8296896218535
 31
0.0
  0
ARC
  5
8057
330
1F
100
AcDbEntity
  8
Calque1
100
AcDbCircle
 10
751.4681306994796
 20
-239.8296896218535
 30
0.0
 40
1.0
100
AcDbArc
 50
280.246811940099
 51
0.0
  0
LINE
  5
8058
330
1F
100
AcDbEntity
  8
Cut
100
AcDbLine
 10
739.9927671346472
 20
-242.9203219124984
 30
0.0
 11
751.6460194905455
 21
-240.8137402191364
 31
0.0
  0
ARC
  5
8059
330
1F
100
AcDbEntity
  8
Calque1
100
AcDbCircle
 10
740.3485447167793
 20
-244.8884231070642
 30
0.0
 40
2.0
100
AcDbArc
 50
100.246811940099
 51
208.5212372976655
  0
LINE
  5
805A
330
1F
100
AcDbEntity
  8
Cut
100
AcDbLine
 10
721.5727428773034
 20
-419.7171301139942
 30
0.0
 11
721.6681306994797
 21
-419.7171301139942
 31
0.0
  0
ARC
  5
805B
330
1F
100
AcDbEntity
  8
Calque1
100
AcDbCircle
 10
721.5727428773034
 20
-417.7171301139942
 30
0.0
 40
2.0
100
AcDbArc
 50
228.982783026615
 51
270.0
  0
ARC
  5
805C
330
1F
100
AcDbEntity
  8
Cut
100
AcDbCircle
 10
721.6681306994797
 20
-418.917130113994
 30
0.0
 40
0.8000000000001818
100
AcDbArc
 50
270.000000000013
 51
0.0
  0
LINE
  5
805D
330
1F
100
AcDbEntity
  8
Cut
100
AcDbLine
 10
722.4681306994796
 20
-418.917130113994
 30
0.0
 11
722.4681306994796
 21
-416.7171300692907
 31
0.0
  0
ARC
  5
805E
330
1F
100
AcDbEntity
  8
Cut
100
AcDbCircle
 10
723.2681306994796
 20
-416.7171300692907
 30
0.0
 40
0.8000000000000682
100
AcDbArc
 50
0.0
 51
180.0
  0
LINE
  5
805F
330
1F
100
AcDbEntity
  8
Cut
100
AcDbLine
 10
724.0681306994797
 20
-416.7171300692907
 30
0.0
 11
726.5931306994795
 21
-416.7171300692907
 31
0.0
  0
ARC
  5
8060
330
1F
100
AcDbEntity
  8
Cut
100
AcDbCircle
 10
727.3931306994795
 20
-416.7171300692907
 30
0.0
 40
0.8000000000000682
100
AcDbArc
 50
0.0
 51
180.0
  0
LINE
  5
8061
330
1F
100
AcDbEntity
  8
Cut
100
AcDbLine
 10
728.1931306994797
 20
-416.7171300692907
 30
0.0
 11
728.1931306994797
 21
-418.917130113994
 31
0.0
  0
ARC
  5
8062
330
1F
100
AcDbEntity
  8
Cut
100
AcDbCircle
 10
728.9931306994799
 20
-418.917130113994
 30
0.0
 40
0.8000000000000682
100
AcDbArc
 50
179.9999999999739
 51
269.999999999987
  0
LINE
  5
8063
330
1F
100
AcDbEntity
  8
Cut
100
AcDbLine
 10
728.9931306994796
 20
-419.7171301139942
 30
0.0
 11
732.2531306994797
 21
-419.7171301139942
 31
0.0
  0
ARC
  5
8064
330
1F
100
AcDbEntity
  8
Cut
100
AcDbCircle
 10
732.2531306994792
 20
-418.9171301139944
 30
0.0
 40
0.7999999999997272
100
AcDbArc
 50
270.0000000000391
 51
0.0000000000260551
  0
LINE
  5
8065
330
1F
100
AcDbEntity
  8
Cut
100
AcDbLine
 10
733.0531306994787
 20
-418.917130113994
 30
0.0
 11
733.0531306994787
 21
-416.7171300692907
 31
0.0
  0
ARC
  5
8066
330
1F
100
AcDbEntity
  8
Cut
100
AcDbCircle
 10
733.8531306994791
 20
-416.7171300692907
 30
0.0
 40
0.8000000000005229
100
AcDbArc
 50
0.0
 51
180.0
  0
LINE
  5
8067
330
1F
100
AcDbEntity
  8
Cut
100
AcDbLine
 10
734.6531306994798
 20
-416.7171300692907
 30
0.0
 11
737.6681309378978
 21
-416.7171300692907
 31
0.0
  0
LINE
  5
8068
330
1F
100
AcDbEntity
  8
Cut
100
AcDbLine
 10
752.4681306994795
 20
-398.5230059325368
 30
0.0
 11
752.4681306994795
 21
-396.7171300692908
 31
0.0
  0
ARC
  5
8069
330
1F
100
AcDbEntity
  8
Cut
100
AcDbCircle
 10
750.4681306994796
 20
-398.5230059325368
 30
0.0
 40
2.0
100
AcDbArc
 50
303.7612270571579
 51
0.0
  0
LINE
  5
806A
330
1F
100
AcDbEntity
  8
Cut
100
AcDbLine
 10
752.4681306994795
 20
-396.7171300692908
 30
0.0
 11
752.4681306994795
 21
-395.5171297414654
 31
0.0
  0
ARC
  5
806B
330
1F
100
AcDbEntity
  8
Cut
100
AcDbCircle
 10
751.6681306994796
 20
-395.5171297414654
 30
0.0
 40
0.7999999999999546
100
AcDbArc
 50
0.0
 51
90.0
  0
LINE
  5
806C
330
1F
100
AcDbEntity
  8
Cut
100
AcDbLine
 10
751.6681306994796
 20
-394.7171297414652
 30
0.0
 11
747.4081306994787
 21
-394.7171297414652
 31
0.0
  0
ARC
  5
806D
330
1F
100
AcDbEntity
  8
Cut
100
AcDbCircle
 10
747.4081306994792
 20
-395.5171297414645
 30
0.0
 40
0.7999999999994998
100
AcDbArc
 50
90.00000000002605
 51
180.000000000026
  0
LINE
  5
806E
330
1F
100
AcDbEntity
  8
Cut
100
AcDbLine
 10
746.6081306994797
 20
-395.5171297414654
 30
0.0
 11
746.6081306994797
 21
-396.7171300692908
 31
0.0
  0
ARC
  5
806F
330
1F
100
AcDbEntity
  8
Cut
100
AcDbCircle
 10
745.8081306994797
 20
-396.7171300692908
 30
0.0
 40
0.7999999999999546
100
AcDbArc
 50
180.0
 51
0.0
  0
LINE
  5
8070
330
1F
100
AcDbEntity
  8
Cut
100
AcDbLine
 10
745.0081306994798
 20
-396.7171300692908
 30
0.0
 11
742.6977306994788
 21
-396.7171300692908
 31
0.0
  0
ARC
  5
8071
330
1F
100
AcDbEntity
  8
Cut
100
AcDbCircle
 10
741.8977306994793
 20
-396.7171300692908
 30
0.0
 40
0.7999999999994998
100
AcDbArc
 50
180.0
 51
0.0
  0
LINE
  5
8072
330
1F
100
AcDbEntity
  8
Cut
100
AcDbLine
 10
741.0977306994798
 20
-396.7171300692908
 30
0.0
 11
741.0977306994798
 21
-395.0909392096105
 31
0.0
  0
ARC
  5
8073
330
1F
100
AcDbEntity
  8
Cut
100
AcDbCircle
 10
739.0977306994798
 20
-395.0909392096105
 30
0.0
 40
2.0
100
AcDbArc
 50
0.0
 51
67.05742719122899
  0
LINE
  5
8074
330
1F
100
AcDbEntity
  8
Cut
100
AcDbLine
 10
722.9848378092969
 20
-386.0986757147807
 30
0.0
 11
739.8773473320557
 21
-393.2491471729759
 31
0.0
  0
ARC
  5
8075
330
1F
100
AcDbEntity
  8
Cut
100
AcDbCircle
 10
722.2052211767211
 20
-387.9404677514153
 30
0.0
 40
2.0
100
AcDbArc
 50
67.05742719122899
 51
155.0000000000182
  0
LINE
  5
8076
330
1F
100
AcDbEntity
  8
Cut
100
AcDbLine
 10
738.5030163310473
 20
-408.9269260762712
 30
0.0
 11
751.5795969956505
 21
-400.1857273982295
 31
0.0
  0
ARC
  5
8077
330
1F
100
AcDbEntity
  8
Calque1
100
AcDbCircle
 10
739.6144826272181
 20
-410.589647541964
 30
0.0
 40
2.0
100
AcDbArc
 50
123.761227057158
 51
208.5212372976655
  0
LINE
  5
8078
330
1F
100
AcDbEntity
  8
Cut
100
AcDbLine
 10
720.3926056026477
 20
-387.0952312279342
 30
0.0
 11
719.7185916133324
 21
-388.5406588925421
 31
0.0
  0
LINE
  5
8079
330
1F
100
AcDbEntity
  8
Cut
100
AcDbLine
 10
710.7207695152369
 20
-407.8365506514201
 30
0.0
 11
710.3317005084481
 21
-408.6709118290346
 31
0.0
  0
ARC
  5
807A
330
1F
100
AcDbEntity
  8
Calque1
100
AcDbCircle
 10
712.1443160825215
 20
-409.5161483525157
 30
0.0
 40
2.0
100
AcDbArc
 50
155.0000000000182
 51
228.982783026615
  0
LINE
  5
807B
330
1F
100
AcDbEntity
  8
Calque1
100
AcDbLine
 10
710.8317445140867
 20
-411.025173162695
 30
0.0
 11
720.2601713088689
 21
-419.2261549241734
 31
0.0
  0
LINE
  5
807C
330
1F
100
AcDbEntity
  8
Calque1
100
AcDbLine
 10
737.668130937898
 20
-416.7171300692907
 30
0.0
 11
739.3228845080293
 21
-416.7171300692907
 31
0.0
  0
LINE
  5
807D
330
1F
100
AcDbEntity
  8
Calque1
100
AcDbLine
 10
740.0257966586401
 20
-415.5351424928904
 30
0.0
 11
737.8572022506916
 21
-411.544616482964
 31
0.0
  0
ARC
  5
807E
330
1F
100
AcDbEntity
  8
Calque1
100
AcDbCircle
 10
739.3228845080293
 20
-415.9171300692905
 30
0.0
 40
0.8
100
AcDbArc
 50
270.0
 51
28.52123729766552
  0
INSERT
  5
807F
330
1F
100
AcDbEntity
  8
Calque1
100
AcDbBlockReference
  2
cam plate rail v2.1
 10
717.0322961246674
 20
-399.0338412890769
 30
0.0
  0
LINE
  5
81AA
330
1F
100
AcDbEntity
  8
Cut
100
AcDbLine
 10
808.6995246920041
 20
-419.7171301139942
 30
0.0
 11
809.7806877955736
 21
-419.7171301139942
 31
0.0
  0
ARC
  5
81AB
330
1F
100
AcDbEntity
  8
Calque1
100
AcDbCircle
 10
808.6995246920041
 20
-417.7171301139942
 30
0.0
 40
2.0
100
AcDbArc
 50
223.1431011637761
 51
270.0
  0
ARC
  5
81AC
330
1F
100
AcDbEntity
  8
Cut
100
AcDbCircle
 10
809.7806877955736
 20
-418.917130113994
 30
0.0
 40
0.8000000000001818
100
AcDbArc
 50
270.000000000013
 51
0.0
  0
LINE
  5
81AD
330
1F
100
AcDbEntity
  8
Cut
100
AcDbLine
 10
810.5806877955735
 20
-418.917130113994
 30
0.0
 11
810.5806877955735
 21
-416.7171300692907
 31
0.0
  0
ARC
  5
81AE
330
1F
100
AcDbEntity
  8
Cut
100
AcDbCircle
 10
811.3806877955735
 20
-416.7171300692907
 30
0.0
 40
0.8000000000000682
100
AcDbArc
 50
0.0
 51
180.0
  0
LINE
  5
81AF
330
1F
100
AcDbEntity
  8
Cut
100
AcDbLine
 10
812.1806877955737
 20
-416.7171300692907
 30
0.0
 11
814.7056877955735
 21
-416.7171300692907
 31
0.0
  0
ARC
  5
81B0
330
1F
100
AcDbEntity
  8
Cut
100
AcDbCircle
 10
815.5056877955734
 20
-416.7171300692907
 30
0.0
 40
0.8000000000000682
100
AcDbArc
 50
0.0
 51
180.0
  0
LINE
  5
81B1
330
1F
100
AcDbEntity
  8
Cut
100
AcDbLine
 10
816.3056877955737
 20
-416.7171300692907
 30
0.0
 11
816.3056877955737
 21
-418.917130113994
 31
0.0
  0
ARC
  5
81B2
330
1F
100
AcDbEntity
  8
Cut
100
AcDbCircle
 10
817.1056877955738
 20
-418.917130113994
 30
0.0
 40
0.8000000000000682
100
AcDbArc
 50
179.9999999999739
 51
269.999999999987
  0
LINE
  5
81B3
330
1F
100
AcDbEntity
  8
Cut
100
AcDbLine
 10
817.1056877955736
 20
-419.7171301139942
 30
0.0
 11
820.3656877955737
 21
-419.7171301139942
 31
0.0
  0
ARC
  5
81B4
330
1F
100
AcDbEntity
  8
Cut
100
AcDbCircle
 10
820.3656877955731
 20
-418.9171301139944
 30
0.0
 40
0.7999999999997272
100
AcDbArc
 50
270.0000000000391
 51
0.0000000000260551
  0
LINE
  5
81B5
330
1F
100
AcDbEntity
  8
Cut
100
AcDbLine
 10
821.1656877955727
 20
-418.917130113994
 30
0.0
 11
821.1656877955727
 21
-416.7171300692907
 31
0.0
  0
ARC
  5
81B6
330
1F
100
AcDbEntity
  8
Cut
100
AcDbCircle
 10
821.9656877955731
 20
-416.7171300692907
 30
0.0
 40
0.8000000000005229
100
AcDbArc
 50
0.0
 51
180.0
  0
LINE
  5
81B7
330
1F
100
AcDbEntity
  8
Cut
100
AcDbLine
 10
822.7656877955737
 20
-416.7171300692907
 30
0.0
 11
825.7806880339916
 21
-416.7171300692907
 31
0.0
  0
LINE
  5
81B8
330
1F
100
AcDbEntity
  8
Cut
100
AcDbLine
 10
840.5806877955736
 20
-398.5230059325368
 30
0.0
 11
840.5806877955736
 21
-396.7171300692908
 31
0.0
  0
ARC
  5
81B9
330
1F
100
AcDbEntity
  8
Cut
100
AcDbCircle
 10
838.5806877955735
 20
-398.5230059325368
 30
0.0
 40
2.0
100
AcDbArc
 50
303.7612270571579
 51
0.0
  0
LINE
  5
81BA
330
1F
100
AcDbEntity
  8
Cut
100
AcDbLine
 10
840.5806877955736
 20
-396.7171300692908
 30
0.0
 11
840.5806877955736
 21
-395.5171297414654
 31
0.0
  0
ARC
  5
81BB
330
1F
100
AcDbEntity
  8
Cut
100
AcDbCircle
 10
839.7806877955735
 20
-395.5171297414654
 30
0.0
 40
0.7999999999999546
100
AcDbArc
 50
0.0
 51
90.0
  0
LINE
  5
81BC
330
1F
100
AcDbEntity
  8
Cut
100
AcDbLine
 10
839.7806877955735
 20
-394.7171297414652
 30
0.0
 11
835.5206877955726
 21
-394.7171297414652
 31
0.0
  0
ARC
  5
81BD
330
1F
100
AcDbEntity
  8
Cut
100
AcDbCircle
 10
835.5206877955732
 20
-395.5171297414645
 30
0.0
 40
0.7999999999994998
100
AcDbArc
 50
90.00000000002605
 51
180.000000000026
  0
LINE
  5
81BE
330
1F
100
AcDbEntity
  8
Cut
100
AcDbLine
 10
834.7206877955736
 20
-395.5171297414654
 30
0.0
 11
834.7206877955736
 21
-396.7171300692908
 31
0.0
  0
ARC
  5
81BF
330
1F
100
AcDbEntity
  8
Cut
100
AcDbCircle
 10
833.9206877955737
 20
-396.7171300692908
 30
0.0
 40
0.7999999999999546
100
AcDbArc
 50
180.0
 51
0.0
  0
LINE
  5
81C0
330
1F
100
AcDbEntity
  8
Cut
100
AcDbLine
 10
833.1206877955738
 20
-396.7171300692908
 30
0.0
 11
830.8102877955727
 21
-396.7171300692908
 31
0.0
  0
ARC
  5
81C1
330
1F
100
AcDbEntity
  8
Cut
100
AcDbCircle
 10
830.0102877955733
 20
-396.7171300692908
 30
0.0
 40
0.7999999999994998
100
AcDbArc
 50
180.0
 51
0.0
  0
LINE
  5
81C2
330
1F
100
AcDbEntity
  8
Cut
100
AcDbLine
 10
829.2102877955738
 20
-396.7171300692908
 30
0.0
 11
829.2102877955738
 21
-395.4446834691039
 31
0.0
  0
ARC
  5
81C3
330
1F
100
AcDbEntity
  8
Cut
100
AcDbCircle
 10
827.2102877955738
 20
-395.4446834691039
 30
0.0
 40
2.0
100
AcDbArc
 50
0.0
 51
62.05742719121783
  0
LINE
  5
81C4
330
1F
100
AcDbEntity
  8
Cut
100
AcDbLine
 10
812.1136801033317
 20
-385.1731387770251
 30
0.0
 11
828.1474605044298
 21
-393.6778480738913
 31
0.0
  0
ARC
  5
81C5
330
1F
100
AcDbEntity
  8
Cut
100
AcDbCircle
 10
811.1765073944759
 20
-386.9399741722377
 30
0.0
 40
2.0
100
AcDbArc
 50
62.05742719122795
 51
150.0000000000039
  0
LINE
  5
81C6
330
1F
100
AcDbEntity
  8
Cut
100
AcDbLine
 10
826.6155734271412
 20
-408.9269260762712
 30
0.0
 11
839.6921540917444
 21
-400.1857273982295
 31
0.0
  0
ARC
  5
81C7
330
1F
100
AcDbEntity
  8
Calque1
100
AcDbCircle
 10
827.727039723312
 20
-410.589647541964
 30
0.0
 40
2.0
100
AcDbArc
 50
123.761227057158
 51
208.5212372976655
  0
LINE
  5
81C8
330
1F
100
AcDbEntity
  8
Cut
100
AcDbLine
 10
809.4444565869068
 20
-385.9399741722382
 30
0.0
 11
808.6470301026144
 21
-387.3211573583344
 31
0.0
  0
LINE
  5
81C9
330
1F
100
AcDbEntity
  8
Cut
100
AcDbLine
 10
798.0016996558954
 20
-405.7594105554098
 30
0.0
 11
797.504705229563
 21
-406.620230152896
 31
0.0
  0
ARC
  5
81CA
330
1F
100
AcDbEntity
  8
Calque1
100
AcDbCircle
 10
799.2367560371319
 20
-407.620230152896
 30
0.0
 40
2.0
100
AcDbArc
 50
150.0000000000039
 51
223.1431011637761
  0
LINE
  5
81CB
330
1F
100
AcDbEntity
  8
Calque1
100
AcDbLine
 10
797.7774598922438
 20
-408.9878758531831
 30
0.0
 11
807.2402285471158
 21
-419.0847758142813
 31
0.0
  0
LINE
  5
81CC
330
1F
100
AcDbEntity
  8
Calque1
100
AcDbLine
 10
825.780688033992
 20
-416.7171300692907
 30
0.0
 11
827.4354416041232
 21
-416.7171300692907
 31
0.0
  0
LINE
  5
81CD
330
1F
100
AcDbEntity
  8
Calque1
100
AcDbLine
 10
828.1383537547339
 20
-415.5351424928904
 30
0.0
 11
825.9697593467857
 21
-411.544616482964
 31
0.0
  0
ARC
  5
81CE
330
1F
100
AcDbEntity
  8
Calque1
100
AcDbCircle
 10
827.4354416041232
 20
-415.9171300692905
 30
0.0
 40
0.8
100
AcDbArc
 50
270.0
 51
28.52123729766552
  0
INSERT
  5
81CF
330
1F
100
AcDbEntity
  8
Calque1
100
AcDbBlockReference
  2
cam plate rail v2.1
 10
805.0564156737419
 20
-397.5402839493177
 30
0.0
 50
355.0
  0
LINE
  5
81D0
330
1F
100
AcDbEntity
  8
Cut
100
AcDbLine
 10
808.6995246920041
 20
-364.5278066710353
 30
0.0
 11
809.7806877955736
 21
-364.5278066710353
 31
0.0
  0
ARC
  5
81D1
330
1F
100
AcDbEntity
  8
Calque1
100
AcDbCircle
 10
808.6995246920041
 20
-362.5278066710353
 30
0.0
 40
2.0
100
AcDbArc
 50
223.1431011637761
 51
270.0
  0
ARC
  5
81D2
330
1F
100
AcDbEntity
  8
Cut
100
AcDbCircle
 10
809.7806877955736
 20
-363.7278066710351
 30
0.0
 40
0.8000000000001818
100
AcDbArc
 50
270.000000000013
 51
0.0
  0
LINE
  5
81D3
330
1F
100
AcDbEntity
  8
Cut
100
AcDbLine
 10
810.5806877955735
 20
-363.7278066710351
 30
0.0
 11
810.5806877955735
 21
-361.5278066263318
 31
0.0
  0
ARC
  5
81D4
330
1F
100
AcDbEntity
  8
Cut
100
AcDbCircle
 10
811.3806877955735
 20
-361.5278066263318
 30
0.0
 40
0.8000000000000682
100
AcDbArc
 50
0.0
 51
180.0
  0
LINE
  5
81D5
330
1F
100
AcDbEntity
  8
Cut
100
AcDbLine
 10
812.1806877955737
 20
-361.5278066263318
 30
0.0
 11
814.7056877955735
 21
-361.5278066263318
 31
0.0
  0
ARC
  5
81D6
330
1F
100
AcDbEntity
  8
Cut
100
AcDbCircle
 10
815.5056877955734
 20
-361.5278066263318
 30
0.0
 40
0.8000000000000682
100
AcDbArc
 50
0.0
 51
180.0
  0
LINE
  5
81D7
330
1F
100
AcDbEntity
  8
Cut
100
AcDbLine
 10
816.3056877955737
 20
-361.5278066263318
 30
0.0
 11
816.3056877955737
 21
-363.7278066710351
 31
0.0
  0
ARC
  5
81D8
330
1F
100
AcDbEntity
  8
Cut
100
AcDbCircle
 10
817.1056877955738
 20
-363.7278066710351
 30
0.0
 40
0.8000000000000682
100
AcDbArc
 50
179.9999999999739
 51
269.999999999987
  0
LINE
  5
81D9
330
1F
100
AcDbEntity
  8
Cut
100
AcDbLine
 10
817.1056877955736
 20
-364.5278066710353
 30
0.0
 11
820.3656877955737
 21
-364.5278066710353
 31
0.0
  0
ARC
  5
81DA
330
1F
100
AcDbEntity
  8
Cut
100
AcDbCircle
 10
820.3656877955731
 20
-363.7278066710355
 30
0.0
 40
0.7999999999997272
100
AcDbArc
 50
270.0000000000391
 51
0.0000000000260551
  0
LINE
  5
81DB
330
1F
100
AcDbEntity
  8
Cut
100
AcDbLine
 10
821.1656877955727
 20
-363.7278066710351
 30
0.0
 11
821.1656877955727
 21
-361.5278066263318
 31
0.0
  0
ARC
  5
81DC
330
1F
100
AcDbEntity
  8
Cut
100
AcDbCircle
 10
821.9656877955731
 20
-361.5278066263318
 30
0.0
 40
0.8000000000005229
100
AcDbArc
 50
0.0
 51
180.0
  0
LINE
  5
81DD
330
1F
100
AcDbEntity
  8
Cut
100
AcDbLine
 10
822.7656877955737
 20
-361.5278066263318
 30
0.0
 11
825.7806880339916
 21
-361.5278066263318
 31
0.0
  0
LINE
  5
81DE
330
1F
100
AcDbEntity
  8
Cut
100
AcDbLine
 10
840.5806877955736
 20
-345.868067666026
 30
0.0
 11
840.5806877955736
 21
-342.3278062985064
 31
0.0
  0
ARC
  5
81DF
330
1F
100
AcDbEntity
  8
Cut
100
AcDbCircle
 10
839.5806877955735
 20
-345.868067666026
 30
0.0
 40
1.0
100
AcDbArc
 50
303.7612270571579
 51
0.0
  0
ARC
  5
81E0
330
1F
100
AcDbEntity
  8
Cut
100
AcDbCircle
 10
839.7806877955735
 20
-342.3278062985064
 30
0.0
 40
0.7999999999999546
100
AcDbArc
 50
0.0
 51
90.0
  0
LINE
  5
81E1
330
1F
100
AcDbEntity
  8
Cut
100
AcDbLine
 10
839.7806877955735
 20
-341.5278062985062
 30
0.0
 11
835.5206877955726
 21
-341.5278062985062
 31
0.0
  0
ARC
  5
81E2
330
1F
100
AcDbEntity
  8
Cut
100
AcDbCircle
 10
835.5206877955732
 20
-342.3278062985055
 30
0.0
 40
0.7999999999994998
100
AcDbArc
 50
90.00000000002605
 51
180.000000000026
  0
LINE
  5
81E3
330
1F
100
AcDbEntity
  8
Cut
100
AcDbLine
 10
834.7206877955736
 20
-342.3278062985064
 30
0.0
 11
834.7206877955736
 21
-343.5278066263318
 31
0.0
  0
ARC
  5
81E4
330
1F
100
AcDbEntity
  8
Cut
100
AcDbCircle
 10
833.9206877955737
 20
-343.5278066263318
 30
0.0
 40
0.7999999999999546
100
AcDbArc
 50
180.0
 51
0.0
  0
LINE
  5
81E5
330
1F
100
AcDbEntity
  8
Cut
100
AcDbLine
 10
833.1206877955738
 20
-343.5278066263318
 30
0.0
 11
830.8102877955727
 21
-343.5278066263318
 31
0.0
  0
ARC
  5
81E6
330
1F
100
AcDbEntity
  8
Cut
100
AcDbCircle
 10
830.0102877955733
 20
-343.5278066263318
 30
0.0
 40
0.7999999999994998
100
AcDbArc
 50
180.0
 51
0.0
  0
LINE
  5
81E7
330
1F
100
AcDbEntity
  8
Cut
100
AcDbLine
 10
829.2102877955738
 20
-343.5278066263318
 30
0.0
 11
829.2102877955738
 21
-340.2553600261449
 31
0.0
  0
ARC
  5
81E8
330
1F
100
AcDbEntity
  8
Cut
100
AcDbCircle
 10
827.2102877955738
 20
-340.2553600261449
 30
0.0
 40
2.0
100
AcDbArc
 50
0.0
 51
62.05742719121783
  0
LINE
  5
81E9
330
1F
100
AcDbEntity
  8
Cut
100
AcDbLine
 10
812.1136801033317
 20
-329.9838153340661
 30
0.0
 11
828.1474605044298
 21
-338.4885246309323
 31
0.0
  0
ARC
  5
81EA
330
1F
100
AcDbEntity
  8
Cut
100
AcDbCircle
 10
811.1765073944759
 20
-331.7506507292787
 30
0.0
 40
2.0
100
AcDbArc
 50
62.05742719122795
 51
150.0000000000039
  0
LINE
  5
81EB
330
1F
100
AcDbEntity
  8
Cut
100
AcDbLine
 10
809.4444565869068
 20
-330.7506507292792
 30
0.0
 11
808.6470301026144
 21
-332.1318339153754
 31
0.0
  0
LINE
  5
81EC
330
1F
100
AcDbEntity
  8
Cut
100
AcDbLine
 10
798.0016996558954
 20
-350.5700871124509
 30
0.0
 11
797.504705229563
 21
-351.4309067099371
 31
0.0
  0
ARC
  5
81ED
330
1F
100
AcDbEntity
  8
Calque1
100
AcDbCircle
 10
799.2367560371319
 20
-352.4309067099371
 30
0.0
 40
2.0
100
AcDbArc
 50
150.0000000000039
 51
223.1431011637761
  0
LINE
  5
81EE
330
1F
100
AcDbEntity
  8
Calque1
100
AcDbLine
 10
797.7774598922438
 20
-353.7985524102241
 30
0.0
 11
807.2402285471158
 21
-363.8954523713223
 31
0.0
  0
LINE
  5
81EF
330
1F
100
AcDbEntity
  8
Calque1
100
AcDbLine
 10
825.780688033992
 20
-361.5278066263318
 30
0.0
 11
827.4354416041232
 21
-361.5278066263318
 31
0.0
  0
ARC
  5
81F0
330
1F
100
AcDbEntity
  8
Calque1
100
AcDbCircle
 10
827.4354416041232
 20
-360.7278066263316
 30
0.0
 40
0.8
100
AcDbArc
 50
270.0
 51
28.52123729766552
  0
INSERT
  5
81F1
330
1F
100
AcDbEntity
  8
Calque1
100
AcDbBlockReference
  2
cam plate rail v2.1
 10
805.0564156737419
 20
-342.3509605063586
 30
0.0
 50
355.0
  0
LINE
  5
81F2
330
1F
100
AcDbEntity
  8
Cut
100
AcDbLine
 10
827.4128289171709
 20
-355.2046675477377
 30
0.0
 11
840.1364209436589
 21
-346.6994283988725
 31
0.0
  0
ARC
  5
81F3
330
1F
100
AcDbEntity
  8
Calque1
100
AcDbCircle
 10
828.5242952133419
 20
-356.8673890134305
 30
0.0
 40
2.0
100
AcDbArc
 50
123.761227057158
 51
208.5212372976655
  0
LINE
  5
81F4
330
1F
100
AcDbEntity
  8
Calque1
100
AcDbLine
 10
828.1383537547339
 20
-360.3458190499314
 30
0.0
 11
826.7670148368154
 21
-357.8223579544306
 31
0.0
  0
LINE
  5
81F5
330
1F
100
AcDbEntity
  8
Cut
100
AcDbLine
 10
808.6995246920041
 20
-308.8005099373559
 30
0.0
 11
809.7806877955736
 21
-308.8005099373559
 31
0.0
  0
ARC
  5
81F6
330
1F
100
AcDbEntity
  8
Calque1
100
AcDbCircle
 10
808.6995246920041
 20
-306.8005099373559
 30
0.0
 40
2.0
100
AcDbArc
 50
223.1431011637761
 51
270.0
  0
ARC
  5
81F7
330
1F
100
AcDbEntity
  8
Cut
100
AcDbCircle
 10
809.7806877955736
 20
-308.0005099373557
 30
0.0
 40
0.8000000000001818
100
AcDbArc
 50
270.000000000013
 51
0.0
  0
LINE
  5
81F8
330
1F
100
AcDbEntity
  8
Cut
100
AcDbLine
 10
810.5806877955735
 20
-308.0005099373557
 30
0.0
 11
810.5806877955735
 21
-305.8005098926524
 31
0.0
  0
ARC
  5
81F9
330
1F
100
AcDbEntity
  8
Cut
100
AcDbCircle
 10
811.3806877955735
 20
-305.8005098926524
 30
0.0
 40
0.8000000000000682
100
AcDbArc
 50
0.0
 51
180.0
  0
LINE
  5
81FA
330
1F
100
AcDbEntity
  8
Cut
100
AcDbLine
 10
812.1806877955737
 20
-305.8005098926524
 30
0.0
 11
814.7056877955735
 21
-305.8005098926524
 31
0.0
  0
ARC
  5
81FB
330
1F
100
AcDbEntity
  8
Cut
100
AcDbCircle
 10
815.5056877955734
 20
-305.8005098926524
 30
0.0
 40
0.8000000000000682
100
AcDbArc
 50
0.0
 51
180.0
  0
LINE
  5
81FC
330
1F
100
AcDbEntity
  8
Cut
100
AcDbLine
 10
816.3056877955737
 20
-305.8005098926524
 30
0.0
 11
816.3056877955737
 21
-308.0005099373557
 31
0.0
  0
ARC
  5
81FD
330
1F
100
AcDbEntity
  8
Cut
100
AcDbCircle
 10
817.1056877955738
 20
-308.0005099373557
 30
0.0
 40
0.8000000000000682
100
AcDbArc
 50
179.9999999999739
 51
269.999999999987
  0
LINE
  5
81FE
330
1F
100
AcDbEntity
  8
Cut
100
AcDbLine
 10
817.1056877955736
 20
-308.8005099373559
 30
0.0
 11
820.3656877955737
 21
-308.8005099373559
 31
0.0
  0
ARC
  5
81FF
330
1F
100
AcDbEntity
  8
Cut
100
AcDbCircle
 10
820.3656877955731
 20
-308.0005099373561
 30
0.0
 40
0.7999999999997272
100
AcDbArc
 50
270.0000000000391
 51
0.0000000000260551
  0
LINE
  5
8200
330
1F
100
AcDbEntity
  8
Cut
100
AcDbLine
 10
821.1656877955727
 20
-308.0005099373557
 30
0.0
 11
821.1656877955727
 21
-305.8005098926524
 31
0.0
  0
ARC
  5
8201
330
1F
100
AcDbEntity
  8
Cut
100
AcDbCircle
 10
821.9656877955731
 20
-305.8005098926524
 30
0.0
 40
0.8000000000005229
100
AcDbArc
 50
0.0
 51
180.0
  0
LINE
  5
8202
330
1F
100
AcDbEntity
  8
Cut
100
AcDbLine
 10
822.7656877955737
 20
-305.8005098926524
 30
0.0
 11
825.7806880339916
 21
-305.8005098926524
 31
0.0
  0
LINE
  5
8203
330
1F
100
AcDbEntity
  8
Cut
100
AcDbLine
 10
840.5806877955736
 20
-292.6751561087949
 30
0.0
 11
840.5806877955736
 21
-288.600509564827
 31
0.0
  0
ARC
  5
8204
330
1F
100
AcDbEntity
  8
Cut
100
AcDbCircle
 10
839.5806877955735
 20
-292.6751561087949
 30
0.0
 40
1.0
100
AcDbArc
 50
294.8410239733432
 51
0.0
  0
ARC
  5
8205
330
1F
100
AcDbEntity
  8
Cut
100
AcDbCircle
 10
839.7806877955735
 20
-288.600509564827
 30
0.0
 40
0.7999999999999546
100
AcDbArc
 50
0.0
 51
90.0
  0
LINE
  5
8206
330
1F
100
AcDbEntity
  8
Cut
100
AcDbLine
 10
839.7806877955735
 20
-287.8005095648268
 30
0.0
 11
835.5206877955726
 21
-287.8005095648268
 31
0.0
  0
ARC
  5
8207
330
1F
100
AcDbEntity
  8
Cut
100
AcDbCircle
 10
835.5206877955732
 20
-288.6005095648261
 30
0.0
 40
0.7999999999994998
100
AcDbArc
 50
90.00000000002605
 51
180.000000000026
  0
LINE
  5
8208
330
1F
100
AcDbEntity
  8
Cut
100
AcDbLine
 10
834.7206877955736
 20
-288.600509564827
 30
0.0
 11
834.7206877955736
 21
-289.8005098926524
 31
0.0
  0
ARC
  5
8209
330
1F
100
AcDbEntity
  8
Cut
100
AcDbCircle
 10
833.9206877955737
 20
-289.8005098926524
 30
0.0
 40
0.7999999999999546
100
AcDbArc
 50
180.0
 51
0.0
  0
LINE
  5
820A
330
1F
100
AcDbEntity
  8
Cut
100
AcDbLine
 10
833.1206877955738
 20
-289.8005098926524
 30
0.0
 11
830.8102877955727
 21
-289.8005098926524
 31
0.0
  0
ARC
  5
820B
330
1F
100
AcDbEntity
  8
Cut
100
AcDbCircle
 10
830.0102877955733
 20
-289.8005098926524
 30
0.0
 40
0.7999999999994998
100
AcDbArc
 50
180.0
 51
0.0
  0
LINE
  5
820C
330
1F
100
AcDbEntity
  8
Cut
100
AcDbLine
 10
829.2102877955738
 20
-289.8005098926524
 30
0.0
 11
829.2102877955738
 21
-284.5280632924655
 31
0.0
  0
ARC
  5
820D
330
1F
100
AcDbEntity
  8
Cut
100
AcDbCircle
 10
827.2102877955738
 20
-284.5280632924655
 30
0.0
 40
2.0
100
AcDbArc
 50
0.0
 51
62.05742719121783
  0
LINE
  5
820E
330
1F
100
AcDbEntity
  8
Cut
100
AcDbLine
 10
812.1136801033317
 20
-274.2565186003867
 30
0.0
 11
828.1474605044298
 21
-282.7612278972529
 31
0.0
  0
ARC
  5
820F
330
1F
100
AcDbEntity
  8
Cut
100
AcDbCircle
 10
811.1765073944759
 20
-276.0233539955994
 30
0.0
 40
2.0
100
AcDbArc
 50
62.05742719122795
 51
150.0000000000039
  0
LINE
  5
8210
330
1F
100
AcDbEntity
  8
Cut
100
AcDbLine
 10
809.4444565869068
 20
-275.0233539955998
 30
0.0
 11
808.6470301026144
 21
-276.404537181696
 31
0.0
  0
LINE
  5
8211
330
1F
100
AcDbEntity
  8
Cut
100
AcDbLine
 10
798.0016996558954
 20
-294.8427903787715
 30
0.0
 11
797.504705229563
 21
-295.7036099762577
 31
0.0
  0
ARC
  5
8212
330
1F
100
AcDbEntity
  8
Calque1
100
AcDbCircle
 10
799.2367560371319
 20
-296.7036099762577
 30
0.0
 40
2.0
100
AcDbArc
 50
150.0000000000039
 51
223.1431011637761
  0
LINE
  5
8213
330
1F
100
AcDbEntity
  8
Calque1
100
AcDbLine
 10
797.7774598922438
 20
-298.0712556765448
 30
0.0
 11
807.2402285471158
 21
-308.1681556376429
 31
0.0
  0
LINE
  5
8214
330
1F
100
AcDbEntity
  8
Calque1
100
AcDbLine
 10
825.780688033992
 20
-305.8005098926524
 30
0.0
 11
827.4354416041232
 21
-305.8005098926524
 31
0.0
  0
ARC
  5
8215
330
1F
100
AcDbEntity
  8
Calque1
100
AcDbCircle
 10
827.4354416041232
 20
-305.0005098926522
 30
0.0
 40
0.8
100
AcDbArc
 50
270.0
 51
28.52123729766552
  0
INSERT
  5
8216
330
1F
100
AcDbEntity
  8
Calque1
100
AcDbBlockReference
  2
cam plate rail v2.1
 10
805.0564156737419
 20
-286.6236637726792
 30
0.0
 50
355.0
  0
LINE
  5
8217
330
1F
100
AcDbEntity
  8
Calque1
100
AcDbLine
 10
828.1383537547339
 20
-304.618522316252
 30
0.0
 11
826.7493486625939
 21
-302.0625529160779
 31
0.0
  0
LINE
  5
8218
330
1F
100
AcDbEntity
  8
Cut
100
AcDbLine
 10
827.6664251458409
 20
-299.2926301415833
 30
0.0
 11
840.0007897422133
 21
-293.5826330255423
 31
0.0
  0
ARC
  5
8219
330
1F
100
AcDbEntity
  8
Calque1
100
AcDbCircle
 10
828.5066290391204
 20
-301.1075839750779
 30
0.0
 40
2.0
100
AcDbArc
 50
114.8410239733431
 51
208.5212372976655
  0
LINE
  5
821A
330
1F
100
AcDbEntity
  8
Cut
100
AcDbLine
 10
808.6995246920041
 20
-252.1756142595868
 30
0.0
 11
809.7806877955736
 21
-252.1756142595868
 31
0.0
  0
ARC
  5
821B
330
1F
100
AcDbEntity
  8
Calque1
100
AcDbCircle
 10
808.6995246920041
 20
-250.1756142595868
 30
0.0
 40
2.0
100
AcDbArc
 50
223.1431011637761
 51
270.0
  0
ARC
  5
821C
330
1F
100
AcDbEntity
  8
Cut
100
AcDbCircle
 10
809.7806877955736
 20
-251.3756142595866
 30
0.0
 40
0.8000000000001818
100
AcDbArc
 50
270.000000000013
 51
0.0
  0
LINE
  5
821D
330
1F
100
AcDbEntity
  8
Cut
100
AcDbLine
 10
810.5806877955735
 20
-251.3756142595866
 30
0.0
 11
810.5806877955735
 21
-249.1756142148834
 31
0.0
  0
ARC
  5
821E
330
1F
100
AcDbEntity
  8
Cut
100
AcDbCircle
 10
811.3806877955735
 20
-249.1756142148834
 30
0.0
 40
0.8000000000000682
100
AcDbArc
 50
0.0
 51
180.0
  0
LINE
  5
821F
330
1F
100
AcDbEntity
  8
Cut
100
AcDbLine
 10
812.1806877955737
 20
-249.1756142148834
 30
0.0
 11
814.7056877955735
 21
-249.1756142148834
 31
0.0
  0
ARC
  5
8220
330
1F
100
AcDbEntity
  8
Cut
100
AcDbCircle
 10
815.5056877955734
 20
-249.1756142148834
 30
0.0
 40
0.8000000000000682
100
AcDbArc
 50
0.0
 51
180.0
  0
LINE
  5
8221
330
1F
100
AcDbEntity
  8
Cut
100
AcDbLine
 10
816.3056877955737
 20
-249.1756142148834
 30
0.0
 11
816.3056877955737
 21
-251.3756142595866
 31
0.0
  0
ARC
  5
8222
330
1F
100
AcDbEntity
  8
Cut
100
AcDbCircle
 10
817.1056877955738
 20
-251.3756142595866
 30
0.0
 40
0.8000000000000682
100
AcDbArc
 50
179.9999999999739
 51
269.999999999987
  0
LINE
  5
8223
330
1F
100
AcDbEntity
  8
Cut
100
AcDbLine
 10
817.1056877955736
 20
-252.1756142595868
 30
0.0
 11
820.3656877955737
 21
-252.1756142595868
 31
0.0
  0
ARC
  5
8224
330
1F
100
AcDbEntity
  8
Cut
100
AcDbCircle
 10
820.3656877955731
 20
-251.3756142595871
 30
0.0
 40
0.7999999999997272
100
AcDbArc
 50
270.0000000000391
 51
0.0000000000260551
  0
LINE
  5
8225
330
1F
100
AcDbEntity
  8
Cut
100
AcDbLine
 10
821.1656877955727
 20
-251.3756142595866
 30
0.0
 11
821.1656877955727
 21
-249.1756142148834
 31
0.0
  0
ARC
  5
8226
330
1F
100
AcDbEntity
  8
Cut
100
AcDbCircle
 10
821.9656877955731
 20
-249.1756142148834
 30
0.0
 40
0.8000000000005229
100
AcDbArc
 50
0.0
 51
180.0
  0
LINE
  5
8227
330
1F
100
AcDbEntity
  8
Cut
100
AcDbLine
 10
822.7656877955737
 20
-249.1756142148834
 30
0.0
 11
825.7806880339916
 21
-249.1756142148834
 31
0.0
  0
LINE
  5
8228
330
1F
100
AcDbEntity
  8
Cut
100
AcDbLine
 10
840.5806877955736
 20
-239.3401781594266
 30
0.0
 11
840.5806877955736
 21
-233.975613887058
 31
0.0
  0
ARC
  5
8229
330
1F
100
AcDbEntity
  8
Cut
100
AcDbCircle
 10
839.5806877955735
 20
-239.3401781594266
 30
0.0
 40
1.0
100
AcDbArc
 50
280.246811940099
 51
0.0
  0
ARC
  5
822A
330
1F
100
AcDbEntity
  8
Cut
100
AcDbCircle
 10
839.7806877955735
 20
-233.975613887058
 30
0.0
 40
0.7999999999999546
100
AcDbArc
 50
0.0
 51
90.0
  0
LINE
  5
822B
330
1F
100
AcDbEntity
  8
Cut
100
AcDbLine
 10
839.7806877955735
 20
-233.1756138870578
 30
0.0
 11
835.5206877955726
 21
-233.1756138870578
 31
0.0
  0
ARC
  5
822C
330
1F
100
AcDbEntity
  8
Cut
100
AcDbCircle
 10
835.5206877955732
 20
-233.9756138870571
 30
0.0
 40
0.7999999999994998
100
AcDbArc
 50
90.00000000002605
 51
180.000000000026
  0
LINE
  5
822D
330
1F
100
AcDbEntity
  8
Cut
100
AcDbLine
 10
834.7206877955736
 20
-233.975613887058
 30
0.0
 11
834.7206877955736
 21
-235.1756142148833
 31
0.0
  0
ARC
  5
822E
330
1F
100
AcDbEntity
  8
Cut
100
AcDbCircle
 10
833.9206877955737
 20
-235.1756142148833
 30
0.0
 40
0.7999999999999546
100
AcDbArc
 50
180.0
 51
0.0
  0
LINE
  5
822F
330
1F
100
AcDbEntity
  8
Cut
100
AcDbLine
 10
833.1206877955738
 20
-235.1756142148833
 30
0.0
 11
830.8102877955727
 21
-235.1756142148833
 31
0.0
  0
ARC
  5
8230
330
1F
100
AcDbEntity
  8
Cut
100
AcDbCircle
 10
830.0102877955733
 20
-235.1756142148833
 30
0.0
 40
0.7999999999994998
100
AcDbArc
 50
180.0
 51
0.0
  0
LINE
  5
8231
330
1F
100
AcDbEntity
  8
Cut
100
AcDbLine
 10
829.2102877955738
 20
-235.1756142148833
 30
0.0
 11
829.2102877955738
 21
-227.9031676146965
 31
0.0
  0
ARC
  5
8232
330
1F
100
AcDbEntity
  8
Cut
100
AcDbCircle
 10
827.2102877955738
 20
-227.9031676146965
 30
0.0
 40
2.0
100
AcDbArc
 50
0.0
 51
62.05742719121783
  0
LINE
  5
8233
330
1F
100
AcDbEntity
  8
Cut
100
AcDbLine
 10
812.1136801033317
 20
-217.6316229226177
 30
0.0
 11
828.1474605044298
 21
-226.1363322194839
 31
0.0
  0
ARC
  5
8234
330
1F
100
AcDbEntity
  8
Cut
100
AcDbCircle
 10
811.1765073944759
 20
-219.3984583178303
 30
0.0
 40
2.0
100
AcDbArc
 50
62.05742719122795
 51
150.0000000000039
  0
LINE
  5
8235
330
1F
100
AcDbEntity
  8
Cut
100
AcDbLine
 10
809.4444565869068
 20
-218.3984583178308
 30
0.0
 11
808.6470301026144
 21
-219.779641503927
 31
0.0
  0
LINE
  5
8236
330
1F
100
AcDbEntity
  8
Cut
100
AcDbLine
 10
798.0016996558954
 20
-238.2178947010025
 30
0.0
 11
797.504705229563
 21
-239.0787142984887
 31
0.0
  0
ARC
  5
8237
330
1F
100
AcDbEntity
  8
Calque1
100
AcDbCircle
 10
799.2367560371319
 20
-240.0787142984886
 30
0.0
 40
2.0
100
AcDbArc
 50
150.0000000000039
 51
223.1431011637761
  0
LINE
  5
8238
330
1F
100
AcDbEntity
  8
Calque1
100
AcDbLine
 10
797.7774598922438
 20
-241.4463599987757
 30
0.0
 11
807.2402285471158
 21
-251.5432599598739
 31
0.0
  0
LINE
  5
8239
330
1F
100
AcDbEntity
  8
Calque1
100
AcDbLine
 10
825.780688033992
 20
-249.1756142148834
 30
0.0
 11
827.4354416041232
 21
-249.1756142148834
 31
0.0
  0
ARC
  5
823A
330
1F
100
AcDbEntity
  8
Calque1
100
AcDbCircle
 10
827.4354416041232
 20
-248.3756142148832
 30
0.0
 40
0.8
100
AcDbArc
 50
270.0
 51
28.52123729764212
  0
INSERT
  5
823B
330
1F
100
AcDbEntity
  8
Calque1
100
AcDbBlockReference
  2
cam plate rail v2.1
 10
805.0564156737419
 20
-229.9987680949103
 30
0.0
 50
355.0
  0
LINE
  5
823C
330
1F
100
AcDbEntity
  8
Calque1
100
AcDbLine
 10
828.1383537547339
 20
-247.993626638483
 30
0.0
 11
826.7038214363466
 21
-245.3538805856374
 31
0.0
  0
LINE
  5
823D
330
1F
100
AcDbEntity
  8
Cut
100
AcDbLine
 10
828.1053242307411
 20
-242.4308104500715
 30
0.0
 11
839.7585765866395
 21
-240.3242287567096
 31
0.0
  0
ARC
  5
823E
330
1F
100
AcDbEntity
  8
Calque1
100
AcDbCircle
 10
828.4611018128732
 20
-244.3989116446374
 30
0.0
 40
2.0
100
AcDbArc
 50
100.246811940099
 51
208.5212372976655
  0
LINE
  5
823F
330
1F
100
AcDbEntity
  8
Cut
100
AcDbLine
 10
887.9058344593644
 20
-419.7171301139942
 30
0.0
 11
887.9865132598897
 21
-419.7171301139942
 31
0.0
  0
ARC
  5
8240
330
1F
100
AcDbEntity
  8
Calque1
100
AcDbCircle
 10
887.9058344593644
 20
-417.7171301139942
 30
0.0
 40
2.0
100
AcDbArc
 50
222.0565976422535
 51
270.0
  0
ARC
  5
8241
330
1F
100
AcDbEntity
  8
Cut
100
AcDbCircle
 10
887.9865132598897
 20
-418.917130113994
 30
0.0
 40
0.8000000000001818
100
AcDbArc
 50
270.000000000013
 51
0.0
  0
LINE
  5
8242
330
1F
100
AcDbEntity
  8
Cut
100
AcDbLine
 10
888.7865132598896
 20
-418.917130113994
 30
0.0
 11
888.7865132598896
 21
-416.7171300692907
 31
0.0
  0
ARC
  5
8243
330
1F
100
AcDbEntity
  8
Cut
100
AcDbCircle
 10
889.5865132598897
 20
-416.7171300692907
 30
0.0
 40
0.8000000000000682
100
AcDbArc
 50
0.0
 51
180.0
  0
LINE
  5
8244
330
1F
100
AcDbEntity
  8
Cut
100
AcDbLine
 10
890.3865132598898
 20
-416.7171300692907
 30
0.0
 11
892.9115132598896
 21
-416.7171300692907
 31
0.0
  0
ARC
  5
8245
330
1F
100
AcDbEntity
  8
Cut
100
AcDbCircle
 10
893.7115132598897
 20
-416.7171300692907
 30
0.0
 40
0.8000000000000682
100
AcDbArc
 50
0.0
 51
180.0
  0
LINE
  5
8246
330
1F
100
AcDbEntity
  8
Cut
100
AcDbLine
 10
894.5115132598898
 20
-416.7171300692907
 30
0.0
 11
894.5115132598898
 21
-418.917130113994
 31
0.0
  0
ARC
  5
8247
330
1F
100
AcDbEntity
  8
Cut
100
AcDbCircle
 10
895.3115132598901
 20
-418.917130113994
 30
0.0
 40
0.8000000000000682
100
AcDbArc
 50
179.9999999999739
 51
269.999999999987
  0
LINE
  5
8248
330
1F
100
AcDbEntity
  8
Cut
100
AcDbLine
 10
895.3115132598897
 20
-419.7171301139942
 30
0.0
 11
898.5715132598897
 21
-419.7171301139942
 31
0.0
  0
ARC
  5
8249
330
1F
100
AcDbEntity
  8
Cut
100
AcDbCircle
 10
898.5715132598894
 20
-418.9171301139944
 30
0.0
 40
0.7999999999997272
100
AcDbArc
 50
270.0000000000391
 51
0.0000000000260551
  0
LINE
  5
824A
330
1F
100
AcDbEntity
  8
Cut
100
AcDbLine
 10
899.3715132598888
 20
-418.917130113994
 30
0.0
 11
899.3715132598888
 21
-416.7171300692907
 31
0.0
  0
ARC
  5
824B
330
1F
100
AcDbEntity
  8
Cut
100
AcDbCircle
 10
900.1715132598892
 20
-416.7171300692907
 30
0.0
 40
0.8000000000005229
100
AcDbArc
 50
0.0
 51
180.0
  0
LINE
  5
824C
330
1F
100
AcDbEntity
  8
Cut
100
AcDbLine
 10
900.9715132598898
 20
-416.7171300692907
 30
0.0
 11
903.9865134983079
 21
-416.7171300692907
 31
0.0
  0
LINE
  5
824D
330
1F
100
AcDbEntity
  8
Cut
100
AcDbLine
 10
918.7865132598897
 20
-398.5230059325368
 30
0.0
 11
918.7865132598897
 21
-396.7171300692908
 31
0.0
  0
ARC
  5
824E
330
1F
100
AcDbEntity
  8
Cut
100
AcDbCircle
 10
916.7865132598898
 20
-398.5230059325368
 30
0.0
 40
2.0
100
AcDbArc
 50
303.7612270571579
 51
0.0
  0
LINE
  5
824F
330
1F
100
AcDbEntity
  8
Cut
100
AcDbLine
 10
918.7865132598897
 20
-396.7171300692908
 30
0.0
 11
918.7865132598897
 21
-395.5171297414654
 31
0.0
  0
ARC
  5
8250
330
1F
100
AcDbEntity
  8
Cut
100
AcDbCircle
 10
917.9865132598898
 20
-395.5171297414654
 30
0.0
 40
0.7999999999999546
100
AcDbArc
 50
0.0
 51
90.0
  0
LINE
  5
8251
330
1F
100
AcDbEntity
  8
Cut
100
AcDbLine
 10
917.9865132598898
 20
-394.7171297414652
 30
0.0
 11
913.7265132598889
 21
-394.7171297414652
 31
0.0
  0
ARC
  5
8252
330
1F
100
AcDbEntity
  8
Cut
100
AcDbCircle
 10
913.7265132598892
 20
-395.5171297414645
 30
0.0
 40
0.7999999999994998
100
AcDbArc
 50
90.00000000002605
 51
180.000000000026
  0
LINE
  5
8253
330
1F
100
AcDbEntity
  8
Cut
100
AcDbLine
 10
912.9265132598899
 20
-395.5171297414654
 30
0.0
 11
912.9265132598899
 21
-396.7171300692908
 31
0.0
  0
ARC
  5
8254
330
1F
100
AcDbEntity
  8
Cut
100
AcDbCircle
 10
912.1265132598898
 20
-396.7171300692908
 30
0.0
 40
0.7999999999999546
100
AcDbArc
 50
180.0
 51
0.0
  0
LINE
  5
8255
330
1F
100
AcDbEntity
  8
Cut
100
AcDbLine
 10
911.3265132598899
 20
-396.7171300692908
 30
0.0
 11
909.016113259889
 21
-396.7171300692908
 31
0.0
  0
ARC
  5
8256
330
1F
100
AcDbEntity
  8
Cut
100
AcDbCircle
 10
908.2161132598894
 20
-396.7171300692908
 30
0.0
 40
0.7999999999994998
100
AcDbArc
 50
180.0
 51
0.0
  0
LINE
  5
8257
330
1F
100
AcDbEntity
  8
Cut
100
AcDbLine
 10
907.4161132598899
 20
-396.7171300692908
 30
0.0
 11
907.4161132598899
 21
-395.6060237456277
 31
0.0
  0
ARC
  5
8258
330
1F
100
AcDbEntity
  8
Cut
100
AcDbCircle
 10
905.4161132598899
 20
-395.6060237456277
 30
0.0
 40
2.0
100
AcDbArc
 50
0.0
 51
57.05742719123907
  0
LINE
  5
8259
330
1F
100
AcDbEntity
  8
Cut
100
AcDbLine
 10
892.0603630080073
 20
-384.568540990143
 30
0.0
 11
906.503709594831
 21
-393.9275916760394
 31
0.0
  0
ARC
  5
825A
330
1F
100
AcDbEntity
  8
Cut
100
AcDbCircle
 10
890.9727666730661
 20
-386.2469730597313
 30
0.0
 40
2.0
100
AcDbArc
 50
57.05742719123907
 51
145.0000000000143
  0
LINE
  5
825B
330
1F
100
AcDbEntity
  8
Cut
100
AcDbLine
 10
904.8213988914573
 20
-408.9269260762712
 30
0.0
 11
917.8979795560605
 21
-400.1857273982295
 31
0.0
  0
ARC
  5
825C
330
1F
100
AcDbEntity
  8
Calque1
100
AcDbCircle
 10
905.9328651876283
 20
-410.589647541964
 30
0.0
 40
2.0
100
AcDbArc
 50
123.761227057158
 51
208.5212372976655
  0
LINE
  5
825D
330
1F
100
AcDbEntity
  8
Cut
100
AcDbLine
 10
889.3344625844882
 20
-385.0998201870293
 30
0.0
 11
888.4196925022633
 21
-386.406247256587
 31
0.0
  0
LINE
  5
825E
330
1F
100
AcDbEntity
  8
Cut
100
AcDbLine
 10
876.2078710994465
 20
-403.846535651709
 30
0.0
 11
875.5876492531449
 21
-404.7323042452421
 31
0.0
  0
ARC
  5
825F
330
1F
100
AcDbEntity
  8
Calque1
100
AcDbCircle
 10
877.225953341723
 20
-405.8794571179446
 30
0.0
 40
2.0
100
AcDbArc
 50
144.9999999999909
 51
222.0565976422535
  0
LINE
  5
8260
330
1F
100
AcDbEntity
  8
Calque1
100
AcDbLine
 10
875.740986370474
 20
-407.2191858570181
 30
0.0
 11
886.4208674881156
 21
-419.0568588530677
 31
0.0
  0
LINE
  5
8261
330
1F
100
AcDbEntity
  8
Calque1
100
AcDbLine
 10
903.9865134983081
 20
-416.7171300692907
 30
0.0
 11
905.6412670684395
 21
-416.7171300692907
 31
0.0
  0
LINE
  5
8262
330
1F
100
AcDbEntity
  8
Calque1
100
AcDbLine
 10
906.34417921905
 20
-415.5351424928904
 30
0.0
 11
904.1755848111018
 21
-411.544616482964
 31
0.0
  0
ARC
  5
8263
330
1F
100
AcDbEntity
  8
Calque1
100
AcDbCircle
 10
905.6412670684395
 20
-415.9171300692905
 30
0.0
 40
0.8
100
AcDbArc
 50
270.0
 51
28.52123729766552
  0
INSERT
  5
8264
330
1F
100
AcDbEntity
  8
Calque1
100
AcDbBlockReference
  2
cam plate rail v2.1
 10
883.952085877059
 20
-396.2735443181837
 30
0.0
 50
350.0
  0
LINE
  5
8265
330
1F
100
AcDbEntity
  8
Cut
100
AcDbLine
 10
887.9058344593644
 20
-367.6260370571153
 30
0.0
 11
887.9865132598897
 21
-367.6260370571153
 31
0.0
  0
ARC
  5
8266
330
1F
100
AcDbEntity
  8
Calque1
100
AcDbCircle
 10
887.9058344593644
 20
-365.6260370571154
 30
0.0
 40
2.0
100
AcDbArc
 50
222.0565976422535
 51
270.0
  0
ARC
  5
8267
330
1F
100
AcDbEntity
  8
Cut
100
AcDbCircle
 10
887.9865132598897
 20
-366.8260370571152
 30
0.0
 40
0.8000000000001818
100
AcDbArc
 50
270.000000000013
 51
0.0
  0
LINE
  5
8268
330
1F
100
AcDbEntity
  8
Cut
100
AcDbLine
 10
888.7865132598896
 20
-366.8260370571152
 30
0.0
 11
888.7865132598896
 21
-364.6260370124119
 31
0.0
  0
ARC
  5
8269
330
1F
100
AcDbEntity
  8
Cut
100
AcDbCircle
 10
889.5865132598897
 20
-364.6260370124119
 30
0.0
 40
0.8000000000000682
100
AcDbArc
 50
0.0
 51
180.0
  0
LINE
  5
826A
330
1F
100
AcDbEntity
  8
Cut
100
AcDbLine
 10
890.3865132598898
 20
-364.6260370124119
 30
0.0
 11
892.9115132598896
 21
-364.6260370124119
 31
0.0
  0
ARC
  5
826B
330
1F
100
AcDbEntity
  8
Cut
100
AcDbCircle
 10
893.7115132598897
 20
-364.6260370124119
 30
0.0
 40
0.8000000000000682
100
AcDbArc
 50
0.0
 51
180.0
  0
LINE
  5
826C
330
1F
100
AcDbEntity
  8
Cut
100
AcDbLine
 10
894.5115132598898
 20
-364.6260370124119
 30
0.0
 11
894.5115132598898
 21
-366.8260370571152
 31
0.0
  0
ARC
  5
826D
330
1F
100
AcDbEntity
  8
Cut
100
AcDbCircle
 10
895.3115132598901
 20
-366.8260370571152
 30
0.0
 40
0.8000000000000682
100
AcDbArc
 50
179.9999999999739
 51
269.999999999987
  0
LINE
  5
826E
330
1F
100
AcDbEntity
  8
Cut
100
AcDbLine
 10
895.3115132598897
 20
-367.6260370571153
 30
0.0
 11
898.5715132598897
 21
-367.6260370571153
 31
0.0
  0
ARC
  5
826F
330
1F
100
AcDbEntity
  8
Cut
100
AcDbCircle
 10
898.5715132598894
 20
-366.8260370571156
 30
0.0
 40
0.7999999999997272
100
AcDbArc
 50
270.0000000000391
 51
0.0000000000260551
  0
LINE
  5
8270
330
1F
100
AcDbEntity
  8
Cut
100
AcDbLine
 10
899.3715132598888
 20
-366.8260370571152
 30
0.0
 11
899.3715132598888
 21
-364.6260370124119
 31
0.0
  0
ARC
  5
8271
330
1F
100
AcDbEntity
  8
Cut
100
AcDbCircle
 10
900.1715132598892
 20
-364.6260370124119
 30
0.0
 40
0.8000000000005229
100
AcDbArc
 50
0.0
 51
180.0
  0
LINE
  5
8272
330
1F
100
AcDbEntity
  8
Cut
100
AcDbLine
 10
900.9715132598898
 20
-364.6260370124119
 30
0.0
 11
903.9865134983079
 21
-364.6260370124119
 31
0.0
  0
LINE
  5
8273
330
1F
100
AcDbEntity
  8
Cut
100
AcDbLine
 10
918.7865132598897
 20
-348.9662980521061
 30
0.0
 11
918.7865132598897
 21
-346.6260370124119
 31
0.0
  0
ARC
  5
8274
330
1F
100
AcDbEntity
  8
Cut
100
AcDbCircle
 10
917.7865132598897
 20
-348.9662980521061
 30
0.0
 40
1.0
100
AcDbArc
 50
303.7612270571579
 51
0.0
  0
LINE
  5
8275
330
1F
100
AcDbEntity
  8
Cut
100
AcDbLine
 10
918.7865132598897
 20
-346.6260370124119
 30
0.0
 11
918.7865132598897
 21
-345.4260366845865
 31
0.0
  0
ARC
  5
8276
330
1F
100
AcDbEntity
  8
Cut
100
AcDbCircle
 10
917.9865132598898
 20
-345.4260366845865
 30
0.0
 40
0.7999999999999546
100
AcDbArc
 50
0.0
 51
90.0
  0
LINE
  5
8277
330
1F
100
AcDbEntity
  8
Cut
100
AcDbLine
 10
917.9865132598898
 20
-344.6260366845863
 30
0.0
 11
913.7265132598889
 21
-344.6260366845863
 31
0.0
  0
ARC
  5
8278
330
1F
100
AcDbEntity
  8
Cut
100
AcDbCircle
 10
913.7265132598892
 20
-345.4260366845856
 30
0.0
 40
0.7999999999994998
100
AcDbArc
 50
90.00000000002605
 51
180.000000000026
  0
LINE
  5
8279
330
1F
100
AcDbEntity
  8
Cut
100
AcDbLine
 10
912.9265132598899
 20
-345.4260366845865
 30
0.0
 11
912.9265132598899
 21
-346.6260370124119
 31
0.0
  0
ARC
  5
827A
330
1F
100
AcDbEntity
  8
Cut
100
AcDbCircle
 10
912.1265132598898
 20
-346.6260370124119
 30
0.0
 40
0.7999999999999546
100
AcDbArc
 50
180.0
 51
0.0
  0
LINE
  5
827B
330
1F
100
AcDbEntity
  8
Cut
100
AcDbLine
 10
911.3265132598899
 20
-346.6260370124119
 30
0.0
 11
909.016113259889
 21
-346.6260370124119
 31
0.0
  0
ARC
  5
827C
330
1F
100
AcDbEntity
  8
Cut
100
AcDbCircle
 10
908.2161132598894
 20
-346.6260370124119
 30
0.0
 40
0.7999999999994998
100
AcDbArc
 50
180.0
 51
0.0
  0
LINE
  5
827D
330
1F
100
AcDbEntity
  8
Cut
100
AcDbLine
 10
907.4161132598899
 20
-346.6260370124119
 30
0.0
 11
907.4161132598899
 21
-343.5149306887488
 31
0.0
  0
ARC
  5
827E
330
1F
100
AcDbEntity
  8
Cut
100
AcDbCircle
 10
905.4161132598899
 20
-343.5149306887488
 30
0.0
 40
2.0
100
AcDbArc
 50
0.0
 51
57.05742719123907
  0
LINE
  5
827F
330
1F
100
AcDbEntity
  8
Cut
100
AcDbLine
 10
892.0603630080073
 20
-332.4774479332641
 30
0.0
 11
906.503709594831
 21
-341.8364986191605
 31
0.0
  0
ARC
  5
8280
330
1F
100
AcDbEntity
  8
Cut
100
AcDbCircle
 10
890.9727666730661
 20
-334.1558800028524
 30
0.0
 40
2.0
100
AcDbArc
 50
57.05742719123907
 51
145.0000000000143
  0
LINE
  5
8281
330
1F
100
AcDbEntity
  8
Cut
100
AcDbLine
 10
889.3344625844882
 20
-333.0087271301504
 30
0.0
 11
888.4196925022633
 21
-334.3151541997081
 31
0.0
  0
LINE
  5
8282
330
1F
100
AcDbEntity
  8
Cut
100
AcDbLine
 10
876.2078710994465
 20
-351.7554425948301
 30
0.0
 11
875.5876492531449
 21
-352.6412111883633
 31
0.0
  0
ARC
  5
8283
330
1F
100
AcDbEntity
  8
Calque1
100
AcDbCircle
 10
877.225953341723
 20
-353.7883640610658
 30
0.0
 40
2.0
100
AcDbArc
 50
144.9999999999909
 51
222.0565976422535
  0
LINE
  5
8284
330
1F
100
AcDbEntity
  8
Calque1
100
AcDbLine
 10
875.740986370474
 20
-355.1280928001393
 30
0.0
 11
886.4208674881156
 21
-366.9657657961888
 31
0.0
  0
LINE
  5
8285
330
1F
100
AcDbEntity
  8
Calque1
100
AcDbLine
 10
903.9865134983081
 20
-364.6260370124119
 30
0.0
 11
905.6412670684395
 21
-364.6260370124119
 31
0.0
  0
ARC
  5
8286
330
1F
100
AcDbEntity
  8
Calque1
100
AcDbCircle
 10
905.6412670684395
 20
-363.8260370124117
 30
0.0
 40
0.8
100
AcDbArc
 50
270.0
 51
28.52123729766552
  0
INSERT
  5
8287
330
1F
100
AcDbEntity
  8
Calque1
100
AcDbBlockReference
  2
cam plate rail v2.1
 10
883.952085877059
 20
-344.1824512613048
 30
0.0
 50
350.0
  0
LINE
  5
8288
330
1F
100
AcDbEntity
  8
Cut
100
AcDbLine
 10
905.6186543814872
 20
-358.3028979338178
 30
0.0
 11
918.3422464079752
 21
-349.7976587849525
 31
0.0
  0
ARC
  5
8289
330
1F
100
AcDbEntity
  8
Calque1
100
AcDbCircle
 10
906.730120677658
 20
-359.9656193995106
 30
0.0
 40
2.0
100
AcDbArc
 50
123.761227057158
 51
208.5212372976655
  0
LINE
  5
828A
330
1F
100
AcDbEntity
  8
Calque1
100
AcDbLine
 10
906.34417921905
 20
-363.4440494360115
 30
0.0
 11
904.9728403011314
 21
-360.9205883405107
 31
0.0
  0
LINE
  5
828B
330
1F
100
AcDbEntity
  8
Cut
100
AcDbLine
 10
887.9058344593644
 20
-306.4890309325992
 30
0.0
 11
887.9865132598897
 21
-306.4890309325992
 31
0.0
  0
ARC
  5
828C
330
1F
100
AcDbEntity
  8
Calque1
100
AcDbCircle
 10
887.9058344593644
 20
-304.4890309325992
 30
0.0
 40
2.0
100
AcDbArc
 50
222.0565976422535
 51
270.0
  0
ARC
  5
828D
330
1F
100
AcDbEntity
  8
Cut
100
AcDbCircle
 10
887.9865132598897
 20
-305.6890309325991
 30
0.0
 40
0.8000000000001818
100
AcDbArc
 50
270.000000000013
 51
0.0
  0
LINE
  5
828E
330
1F
100
AcDbEntity
  8
Cut
100
AcDbLine
 10
888.7865132598896
 20
-305.6890309325991
 30
0.0
 11
888.7865132598896
 21
-303.4890308878957
 31
0.0
  0
ARC
  5
828F
330
1F
100
AcDbEntity
  8
Cut
100
AcDbCircle
 10
889.5865132598897
 20
-303.4890308878957
 30
0.0
 40
0.8000000000000682
100
AcDbArc
 50
0.0
 51
180.0
  0
LINE
  5
8290
330
1F
100
AcDbEntity
  8
Cut
100
AcDbLine
 10
890.3865132598898
 20
-303.4890308878957
 30
0.0
 11
892.9115132598896
 21
-303.4890308878957
 31
0.0
  0
ARC
  5
8291
330
1F
100
AcDbEntity
  8
Cut
100
AcDbCircle
 10
893.7115132598897
 20
-303.4890308878957
 30
0.0
 40
0.8000000000000682
100
AcDbArc
 50
0.0
 51
180.0
  0
LINE
  5
8292
330
1F
100
AcDbEntity
  8
Cut
100
AcDbLine
 10
894.5115132598898
 20
-303.4890308878957
 30
0.0
 11
894.5115132598898
 21
-305.6890309325991
 31
0.0
  0
ARC
  5
8293
330
1F
100
AcDbEntity
  8
Cut
100
AcDbCircle
 10
895.3115132598901
 20
-305.6890309325991
 30
0.0
 40
0.8000000000000682
100
AcDbArc
 50
179.9999999999739
 51
269.999999999987
  0
LINE
  5
8294
330
1F
100
AcDbEntity
  8
Cut
100
AcDbLine
 10
895.3115132598897
 20
-306.4890309325992
 30
0.0
 11
898.5715132598897
 21
-306.4890309325992
 31
0.0
  0
ARC
  5
8295
330
1F
100
AcDbEntity
  8
Cut
100
AcDbCircle
 10
898.5715132598894
 20
-305.6890309325995
 30
0.0
 40
0.7999999999997272
100
AcDbArc
 50
270.0000000000391
 51
0.0000000000260551
  0
LINE
  5
8296
330
1F
100
AcDbEntity
  8
Cut
100
AcDbLine
 10
899.3715132598888
 20
-305.6890309325991
 30
0.0
 11
899.3715132598888
 21
-303.4890308878957
 31
0.0
  0
ARC
  5
8297
330
1F
100
AcDbEntity
  8
Cut
100
AcDbCircle
 10
900.1715132598892
 20
-303.4890308878957
 30
0.0
 40
0.8000000000005229
100
AcDbArc
 50
0.0
 51
180.0
  0
LINE
  5
8298
330
1F
100
AcDbEntity
  8
Cut
100
AcDbLine
 10
900.9715132598898
 20
-303.4890308878957
 30
0.0
 11
903.9865134983079
 21
-303.4890308878957
 31
0.0
  0
LINE
  5
8299
330
1F
100
AcDbEntity
  8
Cut
100
AcDbLine
 10
918.7865132598897
 20
-290.3636771040383
 30
0.0
 11
918.7865132598897
 21
-286.2890305600704
 31
0.0
  0
ARC
  5
829A
330
1F
100
AcDbEntity
  8
Cut
100
AcDbCircle
 10
917.7865132598897
 20
-290.3636771040383
 30
0.0
 40
1.0
100
AcDbArc
 50
294.8410239733432
 51
0.0
  0
ARC
  5
829B
330
1F
100
AcDbEntity
  8
Cut
100
AcDbCircle
 10
917.9865132598898
 20
-286.2890305600704
 30
0.0
 40
0.7999999999999546
100
AcDbArc
 50
0.0
 51
90.0
  0
LINE
  5
829C
330
1F
100
AcDbEntity
  8
Cut
100
AcDbLine
 10
917.9865132598898
 20
-285.4890305600702
 30
0.0
 11
913.7265132598889
 21
-285.4890305600702
 31
0.0
  0
ARC
  5
829D
330
1F
100
AcDbEntity
  8
Cut
100
AcDbCircle
 10
913.7265132598892
 20
-286.2890305600695
 30
0.0
 40
0.7999999999994998
100
AcDbArc
 50
90.00000000002605
 51
180.000000000026
  0
LINE
  5
829E
330
1F
100
AcDbEntity
  8
Cut
100
AcDbLine
 10
912.9265132598899
 20
-286.2890305600704
 30
0.0
 11
912.9265132598899
 21
-287.4890308878958
 31
0.0
  0
ARC
  5
829F
330
1F
100
AcDbEntity
  8
Cut
100
AcDbCircle
 10
912.1265132598898
 20
-287.4890308878958
 30
0.0
 40
0.7999999999999546
100
AcDbArc
 50
180.0
 51
0.0
  0
LINE
  5
82A0
330
1F
100
AcDbEntity
  8
Cut
100
AcDbLine
 10
911.3265132598899
 20
-287.4890308878958
 30
0.0
 11
909.016113259889
 21
-287.4890308878958
 31
0.0
  0
ARC
  5
82A1
330
1F
100
AcDbEntity
  8
Cut
100
AcDbCircle
 10
908.2161132598894
 20
-287.4890308878958
 30
0.0
 40
0.7999999999994998
100
AcDbArc
 50
180.0
 51
0.0
  0
LINE
  5
82A2
330
1F
100
AcDbEntity
  8
Cut
100
AcDbLine
 10
907.4161132598899
 20
-287.4890308878958
 30
0.0
 11
907.4161132598899
 21
-282.3779245642327
 31
0.0
  0
ARC
  5
82A3
330
1F
100
AcDbEntity
  8
Cut
100
AcDbCircle
 10
905.4161132598899
 20
-282.3779245642327
 30
0.0
 40
2.0
100
AcDbArc
 50
0.0
 51
57.05742719123907
  0
LINE
  5
82A4
330
1F
100
AcDbEntity
  8
Cut
100
AcDbLine
 10
892.0603630080073
 20
-271.340441808748
 30
0.0
 11
906.503709594831
 21
-280.6994924946443
 31
0.0
  0
ARC
  5
82A5
330
1F
100
AcDbEntity
  8
Cut
100
AcDbCircle
 10
890.9727666730661
 20
-273.0188738783363
 30
0.0
 40
2.0
100
AcDbArc
 50
57.05742719123907
 51
145.0000000000143
  0
LINE
  5
82A6
330
1F
100
AcDbEntity
  8
Cut
100
AcDbLine
 10
889.3344625844882
 20
-271.8717210056343
 30
0.0
 11
888.4196925022633
 21
-273.178148075192
 31
0.0
  0
LINE
  5
82A7
330
1F
100
AcDbEntity
  8
Cut
100
AcDbLine
 10
876.2078710994465
 20
-290.618436470314
 30
0.0
 11
875.5876492531449
 21
-291.5042050638472
 31
0.0
  0
ARC
  5
82A8
330
1F
100
AcDbEntity
  8
Calque1
100
AcDbCircle
 10
877.225953341723
 20
-292.6513579365496
 30
0.0
 40
2.0
100
AcDbArc
 50
144.9999999999909
 51
222.0565976422535
  0
LINE
  5
82A9
330
1F
100
AcDbEntity
  8
Calque1
100
AcDbLine
 10
875.740986370474
 20
-293.9910866756232
 30
0.0
 11
886.4208674881156
 21
-305.8287596716728
 31
0.0
  0
LINE
  5
82AA
330
1F
100
AcDbEntity
  8
Calque1
100
AcDbLine
 10
903.9865134983081
 20
-303.4890308878957
 30
0.0
 11
905.6412670684395
 21
-303.4890308878957
 31
0.0
  0
ARC
  5
82AB
330
1F
100
AcDbEntity
  8
Calque1
100
AcDbCircle
 10
905.6412670684395
 20
-302.6890308878956
 30
0.0
 40
0.8
100
AcDbArc
 50
270.0
 51
28.52123729766552
  0
INSERT
  5
82AC
330
1F
100
AcDbEntity
  8
Calque1
100
AcDbBlockReference
  2
cam plate rail v2.1
 10
883.952085877059
 20
-283.0454451367887
 30
0.0
 50
350.0
  0
LINE
  5
82AD
330
1F
100
AcDbEntity
  8
Calque1
100
AcDbLine
 10
906.34417921905
 20
-302.3070433114954
 30
0.0
 11
904.9551741269102
 21
-299.7510739113213
 31
0.0
  0
LINE
  5
82AE
330
1F
100
AcDbEntity
  8
Cut
100
AcDbLine
 10
905.8722506101572
 20
-296.9811511368266
 30
0.0
 11
918.2066152065294
 21
-291.2711540207856
 31
0.0
  0
ARC
  5
82AF
330
1F
100
AcDbEntity
  8
Calque1
100
AcDbCircle
 10
906.7124545034367
 20
-298.7961049703212
 30
0.0
 40
2.0
100
AcDbArc
 50
114.8410239733431
 51
208.5212372976655
  0
LINE
  5
82B0
330
1F
100
AcDbEntity
  8
Cut
100
AcDbLine
 10
887.9058344593644
 20
-252.5144047363474
 30
0.0
 11
887.9865132598897
 21
-252.5144047363474
 31
0.0
  0
ARC
  5
82B1
330
1F
100
AcDbEntity
  8
Calque1
100
AcDbCircle
 10
887.9058344593644
 20
-250.5144047363474
 30
0.0
 40
2.0
100
AcDbArc
 50
222.0565976422535
 51
270.0
  0
ARC
  5
82B2
330
1F
100
AcDbEntity
  8
Cut
100
AcDbCircle
 10
887.9865132598897
 20
-251.7144047363472
 30
0.0
 40
0.8000000000001818
100
AcDbArc
 50
270.000000000013
 51
0.0
  0
LINE
  5
82B3
330
1F
100
AcDbEntity
  8
Cut
100
AcDbLine
 10
888.7865132598896
 20
-251.7144047363472
 30
0.0
 11
888.7865132598896
 21
-249.5144046916439
 31
0.0
  0
ARC
  5
82B4
330
1F
100
AcDbEntity
  8
Cut
100
AcDbCircle
 10
889.5865132598897
 20
-249.5144046916439
 30
0.0
 40
0.8000000000000682
100
AcDbArc
 50
0.0
 51
180.0
  0
LINE
  5
82B5
330
1F
100
AcDbEntity
  8
Cut
100
AcDbLine
 10
890.3865132598898
 20
-249.5144046916439
 30
0.0
 11
892.9115132598896
 21
-249.5144046916439
 31
0.0
  0
ARC
  5
82B6
330
1F
100
AcDbEntity
  8
Cut
100
AcDbCircle
 10
893.7115132598897
 20
-249.5144046916439
 30
0.0
 40
0.8000000000000682
100
AcDbArc
 50
0.0
 51
180.0
  0
LINE
  5
82B7
330
1F
100
AcDbEntity
  8
Cut
100
AcDbLine
 10
894.5115132598898
 20
-249.5144046916439
 30
0.0
 11
894.5115132598898
 21
-251.7144047363472
 31
0.0
  0
ARC
  5
82B8
330
1F
100
AcDbEntity
  8
Cut
100
AcDbCircle
 10
895.3115132598901
 20
-251.7144047363472
 30
0.0
 40
0.8000000000000682
100
AcDbArc
 50
179.9999999999739
 51
269.999999999987
  0
LINE
  5
82B9
330
1F
100
AcDbEntity
  8
Cut
100
AcDbLine
 10
895.3115132598897
 20
-252.5144047363474
 30
0.0
 11
898.5715132598897
 21
-252.5144047363474
 31
0.0
  0
ARC
  5
82BA
330
1F
100
AcDbEntity
  8
Cut
100
AcDbCircle
 10
898.5715132598894
 20
-251.7144047363477
 30
0.0
 40
0.7999999999997272
100
AcDbArc
 50
270.0000000000391
 51
0.0000000000260551
  0
LINE
  5
82BB
330
1F
100
AcDbEntity
  8
Cut
100
AcDbLine
 10
899.3715132598888
 20
-251.7144047363472
 30
0.0
 11
899.3715132598888
 21
-249.5144046916439
 31
0.0
  0
ARC
  5
82BC
330
1F
100
AcDbEntity
  8
Cut
100
AcDbCircle
 10
900.1715132598892
 20
-249.5144046916439
 30
0.0
 40
0.8000000000005229
100
AcDbArc
 50
0.0
 51
180.0
  0
LINE
  5
82BD
330
1F
100
AcDbEntity
  8
Cut
100
AcDbLine
 10
900.9715132598898
 20
-249.5144046916439
 30
0.0
 11
903.9865134983079
 21
-249.5144046916439
 31
0.0
  0
LINE
  5
82BE
330
1F
100
AcDbEntity
  8
Cut
100
AcDbLine
 10
918.7865132598897
 20
-239.6789686361872
 30
0.0
 11
918.7865132598897
 21
-234.3144043638186
 31
0.0
  0
ARC
  5
82BF
330
1F
100
AcDbEntity
  8
Cut
100
AcDbCircle
 10
917.7865132598897
 20
-239.6789686361872
 30
0.0
 40
1.0
100
AcDbArc
 50
280.246811940099
 51
0.0
  0
ARC
  5
82C0
330
1F
100
AcDbEntity
  8
Cut
100
AcDbCircle
 10
917.9865132598898
 20
-234.3144043638186
 30
0.0
 40
0.7999999999999546
100
AcDbArc
 50
0.0
 51
90.0
  0
LINE
  5
82C1
330
1F
100
AcDbEntity
  8
Cut
100
AcDbLine
 10
917.9865132598898
 20
-233.5144043638184
 30
0.0
 11
913.7265132598889
 21
-233.5144043638184
 31
0.0
  0
ARC
  5
82C2
330
1F
100
AcDbEntity
  8
Cut
100
AcDbCircle
 10
913.7265132598892
 20
-234.3144043638176
 30
0.0
 40
0.7999999999994998
100
AcDbArc
 50
90.00000000002605
 51
180.000000000026
  0
LINE
  5
82C3
330
1F
100
AcDbEntity
  8
Cut
100
AcDbLine
 10
912.9265132598899
 20
-234.3144043638186
 30
0.0
 11
912.9265132598899
 21
-235.5144046916439
 31
0.0
  0
ARC
  5
82C4
330
1F
100
AcDbEntity
  8
Cut
100
AcDbCircle
 10
912.1265132598898
 20
-235.5144046916439
 30
0.0
 40
0.7999999999999546
100
AcDbArc
 50
180.0
 51
0.0
  0
LINE
  5
82C5
330
1F
100
AcDbEntity
  8
Cut
100
AcDbLine
 10
911.3265132598899
 20
-235.5144046916439
 30
0.0
 11
909.016113259889
 21
-235.5144046916439
 31
0.0
  0
ARC
  5
82C6
330
1F
100
AcDbEntity
  8
Cut
100
AcDbCircle
 10
908.2161132598894
 20
-235.5144046916439
 30
0.0
 40
0.7999999999994998
100
AcDbArc
 50
180.0
 51
0.0
  0
LINE
  5
82C7
330
1F
100
AcDbEntity
  8
Cut
100
AcDbLine
 10
907.4161132598899
 20
-235.5144046916439
 30
0.0
 11
907.4161132598899
 21
-228.4032983679808
 31
0.0
  0
ARC
  5
82C8
330
1F
100
AcDbEntity
  8
Cut
100
AcDbCircle
 10
905.4161132598899
 20
-228.4032983679808
 30
0.0
 40
2.0
100
AcDbArc
 50
0.0
 51
57.05742719123907
  0
LINE
  5
82C9
330
1F
100
AcDbEntity
  8
Cut
100
AcDbLine
 10
892.0603630080073
 20
-217.3658156124961
 30
0.0
 11
906.503709594831
 21
-226.7248662983925
 31
0.0
  0
ARC
  5
82CA
330
1F
100
AcDbEntity
  8
Cut
100
AcDbCircle
 10
890.9727666730661
 20
-219.0442476820845
 30
0.0
 40
2.0
100
AcDbArc
 50
57.05742719123907
 51
145.0000000000143
  0
LINE
  5
82CB
330
1F
100
AcDbEntity
  8
Cut
100
AcDbLine
 10
889.3344625844882
 20
-217.8970948093824
 30
0.0
 11
888.4196925022633
 21
-219.2035218789401
 31
0.0
  0
LINE
  5
82CC
330
1F
100
AcDbEntity
  8
Cut
100
AcDbLine
 10
876.2078710994465
 20
-236.6438102740622
 30
0.0
 11
875.5876492531449
 21
-237.5295788675953
 31
0.0
  0
ARC
  5
82CD
330
1F
100
AcDbEntity
  8
Calque1
100
AcDbCircle
 10
877.225953341723
 20
-238.6767317402978
 30
0.0
 40
2.0
100
AcDbArc
 50
144.9999999999909
 51
222.0565976422535
  0
LINE
  5
82CE
330
1F
100
AcDbEntity
  8
Calque1
100
AcDbLine
 10
875.740986370474
 20
-240.0164604793713
 30
0.0
 11
886.4208674881156
 21
-251.8541334754209
 31
0.0
  0
LINE
  5
82CF
330
1F
100
AcDbEntity
  8
Calque1
100
AcDbLine
 10
903.9865134983081
 20
-249.5144046916439
 30
0.0
 11
905.6412670684395
 21
-249.5144046916439
 31
0.0
  0
ARC
  5
82D0
330
1F
100
AcDbEntity
  8
Calque1
100
AcDbCircle
 10
905.6412670684395
 20
-248.7144046916437
 30
0.0
 40
0.8
100
AcDbArc
 50
270.0
 51
28.52123729766552
  0
INSERT
  5
82D1
330
1F
100
AcDbEntity
  8
Calque1
100
AcDbBlockReference
  2
cam plate rail v2.1
 10
883.952085877059
 20
-229.0708189405368
 30
0.0
 50
350.0
  0
LINE
  5
82D2
330
1F
100
AcDbEntity
  8
Calque1
100
AcDbLine
 10
906.34417921905
 20
-248.3324171152435
 30
0.0
 11
904.9096469006629
 21
-245.6926710623979
 31
0.0
  0
LINE
  5
82D3
330
1F
100
AcDbEntity
  8
Cut
100
AcDbLine
 10
906.3111496950574
 20
-242.769600926832
 30
0.0
 11
917.9644020509556
 21
-240.6630192334701
 31
0.0
  0
ARC
  5
82D4
330
1F
100
AcDbEntity
  8
Calque1
100
AcDbCircle
 10
906.6669272771894
 20
-244.7377021213979
 30
0.0
 40
2.0
100
AcDbArc
 50
100.246811940099
 51
208.5212372976655
  0
MTEXT
  5
831E
102
{ACAD_XDICTIONARY
360
831F
102
}
330
1F
100
AcDbEntity
  8
0
  6
JIS_09_08
100
AcDbMText
 10
496.6269322867019
 20
-103.6914498357819
 30
0.0
 40
10.0
 41
327.7561439170822
 46
0.0
 71
     1
 72
     5
  1
\pi85.87807;{\fISOCPEUR|b0|i0|c0|p34;2mm (x2 = 1 + 1 mirrored)}
 73
     1
 44
1.0
1001
ACAD
1000
ACAD_MTEXT_COLUMN_INFO_BEGIN
1070
    75
1070
     2
1070
    79
1070
     0
1070
    76
1070
     1
1070
    78
1070
     0
1070
    48
1040
327.7561439170822
1070
    49
1040
12.5
1070
    50
1070
     1
1040
0.0
1000
ACAD_MTEXT_COLUMN_INFO_END
  0
MTEXT
  5
8320
102
{ACAD_XDICTIONARY
360
8321
102
}
330
1F
100
AcDbEntity
  8
0
  6
JIS_09_08
100
AcDbMText
 10
495.7234259057668
 20
-83.415421662437
 30
0.0
 40
10.0
 41
327.7561439170822
 46
0.0
 71
     1
 72
     5
  1
\pi97.37807;{\fISOCPEUR|b0|i0|c0|p34;Side plate DJI O4Wide}
 73
     1
 44
1.0
1001
ACAD
1000
ACAD_MTEXT_COLUMN_INFO_BEGIN
1070
    75
1070
     2
1070
    79
1070
     0
1070
    76
1070
     1
1070
    78
1070
     0
1070
    48
1040
327.7561439170822
1070
    49
1040
12.5
1070
    50
1070
     1
1040
0.0
1000
ACAD_MTEXT_COLUMN_INFO_END
  0
MTEXT
  5
8322
102
{ACAD_XDICTIONARY
360
8323
102
}
330
1F
100
AcDbEntity
  8
0
  6
JIS_09_08
100
AcDbMText
 10
717.4148630227046
 20
-149.9799324655482
 30
0.0
 40
15.0
 41
40.63077035965856
 46
0.0
 71
     1
 72
     5
  1
{\fISOCPEUR|b0|i0|c0|p34;Tilt}
 73
     1
 44
1.0
1001
ACAD
1000
ACAD_MTEXT_COLUMN_INFO_BEGIN
1070
    75
1070
     2
1070
    79
1070
     0
1070
    76
1070
     1
1070
    78
1070
     0
1070
    48
1040
40.63077035965856
1070
    49
1040
12.5
1070
    50
1070
     1
1040
0.0
1000
ACAD_MTEXT_COLUMN_INFO_END
  0
LINE
  5
8324
330
1F
100
AcDbEntity
  8
Calque2
100
AcDbLine
 10
536.1638559959465
 20
-173.8514019873528
 30
0.0
 11
943.7603507110251
 21
-173.8514019873528
 31
0.0
  0
LINE
  5
8325
330
1F
100
AcDbEntity
  8
Calque2
100
AcDbLine
 10
536.1638559959465
 20
-140.183391640925
 30
0.0
 11
943.7603507110251
 21
-140.183391640925
 31
0.0
  0
MTEXT
  5
832F
102
{ACAD_XDICTIONARY
360
8330
102
}
330
1F
100
AcDbEntity
  8
0
  6
JIS_09_08
100
AcDbMText
 10
452.7801405392024
 20
-338.5868917808894
 30
0.0
 40
15.0
 41
40.63077035965856
 46
0.0
 71
     1
 72
     5
  1
{\fISOCPEUR|b0|i0|c0|p34;height}
 11
0.0000000000000001
 21
1.0
 31
0.0
 73
     1
 44
1.0
1001
ACAD
1000
ACAD_MTEXT_COLUMN_INFO_BEGIN
1070
    75
1070
     2
1070
    79
1070
     0
1070
    76
1070
     1
1070
    78
1070
     0
1070
    48
1040
40.63077035965856
1070
    49
1040
12.5
1070
    50
1070
     1
1040
0.0
1000
ACAD_MTEXT_COLUMN_INFO_END
  0
LINE
  5
8331
330
1F
100
AcDbEntity
  8
Calque2
100
AcDbLine
 10
478.1413224008066
 20
-208.2868621636225
 30
0.0
 11
478.1413224008066
 21
-437.7633471031713
 31
0.0
  0
LINE
  5
8332
330
1F
100
AcDbEntity
  8
Calque2
100
AcDbLine
 10
443.0399834787728
 20
-437.7633471031713
 30
0.0
 11
943.7603507110251
 21
-437.7633471031713
 31
0.0
  0
MTEXT
  5
8333
102
{ACAD_XDICTIONARY
360
8334
102
}
330
1F
100
AcDbEntity
  8
chamfered
  6
JIS_09_08
100
AcDbMText
 10
495.2067314894575
 20
-123.2669664079043
 30
0.0
 40
10.0
 41
327.7561439170822
 46
0.0
 71
     1
 72
     5
  1
\pi86.87807;{\fISOCPEUR|b0|i0|c0|p34;partial chamfered : 1.5mm}
 73
     1
 44
1.0
1001
ACAD
1000
ACAD_MTEXT_COLUMN_INFO_BEGIN
1070
    75
1070
     2
1070
    79
1070
     0
1070
    76
1070
     1
1070
    78
1070
     0
1070
    48
1040
327.7561439170822
1070
    49
1040
12.5
1070
    50
1070
     1
1040
0.0
1000
ACAD_MTEXT_COLUMN_INFO_END
  0
INSERT
  5
87EA
330
1F
100
AcDbEntity
  8
Calque1
100
AcDbBlockReference
  2
FIT
 10
794.258808339809
 20
179.5189139289178
 30
0.0
  0
LINE
  5
87EB
330
1F
100
AcDbEntity
  8
Calque1
100
AcDbLine
 10
799.4964755988115
 20
170.6241067994334
 30
0.0
 11
800.7121035835043
 21
170.6241067994334
 31
0.0
  0
ARC
  5
87EC
330
1F
100
AcDbEntity
  8
Calque1
100
AcDbCircle
 10
800.7121035835043
 20
171.4241067994335
 30
0.0
 40
0.8000000000001818
100
AcDbArc
 50
270.000000000013
 51
0.0
  0
LINE
  5
87ED
330
1F
100
AcDbEntity
  8
Calque1
100
AcDbLine
 10
801.5121035835043
 20
171.4241067994335
 30
0.0
 11
801.5121035835043
 21
173.6241068441368
 31
0.0
  0
ARC
  5
87EE
330
1F
100
AcDbEntity
  8
Calque1
100
AcDbCircle
 10
802.3121035835043
 20
173.6241068441368
 30
0.0
 40
0.8000000000000682
100
AcDbArc
 50
0.0
 51
180.0
  0
LINE
  5
87EF
330
1F
100
AcDbEntity
  8
Calque1
100
AcDbLine
 10
803.1121035835043
 20
173.6241068441368
 30
0.0
 11
805.6371035835043
 21
173.6241068441368
 31
0.0
  0
ARC
  5
87F0
330
1F
100
AcDbEntity
  8
Calque1
100
AcDbCircle
 10
806.4371035835042
 20
173.6241068441368
 30
0.0
 40
0.8000000000000682
100
AcDbArc
 50
0.0
 51
180.0
  0
LINE
  5
87F1
330
1F
100
AcDbEntity
  8
Calque1
100
AcDbLine
 10
807.2371035835043
 20
173.6241068441368
 30
0.0
 11
807.2371035835043
 21
171.4241067994335
 31
0.0
  0
ARC
  5
87F2
330
1F
100
AcDbEntity
  8
Calque1
100
AcDbCircle
 10
808.0371035835046
 20
171.4241067994333
 30
0.0
 40
0.8000000000000682
100
AcDbArc
 50
179.999999999987
 51
269.999999999987
  0
LINE
  5
87F3
330
1F
100
AcDbEntity
  8
Calque1
100
AcDbLine
 10
808.0371035835044
 20
170.6241067994334
 30
0.0
 11
811.2971035835043
 21
170.6241067994334
 31
0.0
  0
ARC
  5
87F4
330
1F
100
AcDbEntity
  8
Calque1
100
AcDbCircle
 10
811.2971035835039
 20
171.4241067994331
 30
0.0
 40
0.7999999999997272
100
AcDbArc
 50
270.0000000000391
 51
0.0000000000260551
  0
LINE
  5
87F5
330
1F
100
AcDbEntity
  8
Calque1
100
AcDbLine
 10
812.0971035835035
 20
171.4241067994335
 30
0.0
 11
812.0971035835035
 21
173.6241068441368
 31
0.0
  0
ARC
  5
87F6
330
1F
100
AcDbEntity
  8
Calque1
100
AcDbCircle
 10
812.8971035835037
 20
173.6241068441368
 30
0.0
 40
0.8000000000005229
100
AcDbArc
 50
0.0
 51
180.0
  0
LINE
  5
87F7
330
1F
100
AcDbEntity
  8
Calque1
100
AcDbLine
 10
813.6971035835044
 20
173.6241068441368
 30
0.0
 11
818.2121038219225
 21
173.6241068441368
 31
0.0
  0
LINE
  5
87F8
330
1F
100
AcDbEntity
  8
Calque1
100
AcDbLine
 10
820.6563262397903
 20
180.6616864435423
 30
0.0
 11
830.8544146163574
 21
182.5052152392173
 31
0.0
  0
ARC
  5
87F9
330
1F
100
AcDbEntity
  8
Calque1
100
AcDbCircle
 10
821.0121038219224
 20
178.6935852489762
 30
0.0
 40
2.0
100
AcDbArc
 50
100.246811940099
 51
180.0
  0
ARC
  5
87FA
330
1F
100
AcDbEntity
  8
Calque1
100
AcDbCircle
 10
830.7121035835043
 20
183.2924557170434
 30
0.0
 40
0.7999999999997484
100
AcDbArc
 50
280.2468119401121
 51
0.0000000000260551
  0
LINE
  5
87FB
330
1F
100
AcDbEntity
  8
Calque1
100
AcDbLine
 10
831.5121035835042
 20
183.2924557170439
 30
0.0
 11
831.5121035835042
 21
187.6241068441371
 31
0.0
  0
LINE
  5
87FC
330
1F
100
AcDbEntity
  8
Calque1
100
AcDbLine
 10
831.5121035835042
 20
187.6241068441371
 30
0.0
 11
831.5121035835042
 21
188.8241071719624
 31
0.0
  0
ARC
  5
87FD
330
1F
100
AcDbEntity
  8
Calque1
100
AcDbCircle
 10
830.7121035835043
 20
188.8241071719624
 30
0.0
 40
0.7999999999999546
100
AcDbArc
 50
0.0
 51
90.0
  0
LINE
  5
87FE
330
1F
100
AcDbEntity
  8
Calque1
100
AcDbLine
 10
830.7121035835043
 20
189.6241071719624
 30
0.0
 11
826.4521035835034
 21
189.6241071719624
 31
0.0
  0
ARC
  5
87FF
330
1F
100
AcDbEntity
  8
Calque1
100
AcDbCircle
 10
826.452103583504
 20
188.8241071719629
 30
0.0
 40
0.7999999999994998
100
AcDbArc
 50
90.00000000002605
 51
180.000000000026
  0
LINE
  5
8800
330
1F
100
AcDbEntity
  8
Calque1
100
AcDbLine
 10
825.6521035835044
 20
188.8241071719624
 30
0.0
 11
825.6521035835044
 21
187.6241068441371
 31
0.0
  0
ARC
  5
8801
330
1F
100
AcDbEntity
  8
Calque1
100
AcDbCircle
 10
824.8521035835045
 20
187.6241068441371
 30
0.0
 40
0.7999999999999546
100
AcDbArc
 50
180.0
 51
0.0
  0
LINE
  5
8802
330
1F
100
AcDbEntity
  8
Calque1
100
AcDbLine
 10
824.0521035835044
 20
187.6241068441371
 30
0.0
 11
821.7417035835035
 21
187.6241068441371
 31
0.0
  0
ARC
  5
8803
330
1F
100
AcDbEntity
  8
Calque1
100
AcDbCircle
 10
820.941703583504
 20
187.6241068441371
 30
0.0
 40
0.7999999999994998
100
AcDbArc
 50
180.0
 51
0.0
  0
LINE
  5
8804
330
1F
100
AcDbEntity
  8
Calque1
100
AcDbLine
 10
820.1417035835046
 20
187.6241068441371
 30
0.0
 11
820.1417035835046
 21
192.7154025627365
 31
0.0
  0
ARC
  5
8805
330
1F
100
AcDbEntity
  8
Calque1
100
AcDbCircle
 10
818.1417035835044
 20
192.7154025627365
 30
0.0
 40
2.0
100
AcDbArc
 50
0.0
 51
58.72701854151792
  0
LINE
  5
8806
330
1F
100
AcDbEntity
  8
Calque1
100
AcDbLine
 10
791.7149550457764
 20
180.6104888362125
 30
0.0
 11
793.3025810024584
 21
183.3603376566018
 31
0.0
  0
LINE
  5
8807
330
1F
100
AcDbEntity
  8
Calque1
100
AcDbLine
 10
795.6667945648319
 20
187.4552756665769
 30
0.0
 11
799.5836979019104
 21
194.2395512547346
 31
0.0
  0
LINE
  5
8808
330
1F
100
AcDbEntity
  8
Calque1
100
AcDbLine
 10
801.9479114642836
 20
198.3344892647081
 30
0.0
 11
803.7280370531851
 21
201.4177572285399
 31
0.0
  0
ARC
  5
8809
330
1F
100
AcDbEntity
  8
Calque1
100
AcDbCircle
 10
793.4470058533451
 20
179.6104888362127
 30
0.0
 40
2.0
100
AcDbArc
 50
150.0000000000009
 51
220.8891083588532
  0
LINE
  5
880A
330
1F
100
AcDbEntity
  8
Calque1
100
AcDbLine
 10
806.4983201075179
 20
202.127164670252
 30
0.0
 11
819.1799358302684
 21
194.4248100044483
 31
0.0
  0
ARC
  5
880B
330
1F
100
AcDbEntity
  8
Calque1
100
AcDbCircle
 10
805.4600878607539
 20
200.4177572285401
 30
0.0
 40
2.0
100
AcDbArc
 50
58.72701854151792
 51
150.0000000000009
  0
LINE
  5
880C
330
1F
100
AcDbEntity
  8
Calque1
100
AcDbLine
 10
791.9350500164162
 20
178.3012946003649
 30
0.0
 11
797.9845197618827
 21
171.3149125635855
 31
0.0
  0
ARC
  5
880D
330
1F
100
AcDbEntity
  8
Calque1
100
AcDbCircle
 10
799.4964755988115
 20
172.6241067994334
 30
0.0
 40
2.0
100
AcDbArc
 50
220.8891083588532
 51
270.0
  0
INSERT
  5
880E
330
1F
100
AcDbEntity
  8
Calque1
100
AcDbBlockReference
  2
FIT
 10
717.0206203206226
 20
178.59107734327
 30
0.0
 50
5.0
  0
LINE
  5
880F
330
1F
100
AcDbEntity
  8
Calque1
100
AcDbLine
 10
724.5470475742727
 20
201.2358362775197
 30
0.0
 11
723.0405786426895
 21
198.005203228207
 31
0.0
  0
LINE
  5
8810
330
1F
100
AcDbEntity
  8
Calque1
100
AcDbLine
 10
721.042258990461
 20
193.7197929046127
 30
0.0
 11
717.7315492310158
 21
186.619952913685
 31
0.0
  0
LINE
  5
8811
330
1F
100
AcDbEntity
  8
Calque1
100
AcDbLine
 10
715.7332295787869
 20
182.3345425900893
 30
0.0
 11
714.4071696064086
 21
179.4907978023132
 31
0.0
  0
ARC
  5
8812
330
1F
100
AcDbEntity
  8
Calque1
100
AcDbCircle
 10
716.2197851804817
 20
178.6455612788318
 30
0.0
 40
2.0
100
AcDbArc
 50
155.0000000000051
 51
221.6462872584281
  0
LINE
  5
8813
330
1F
100
AcDbEntity
  8
Calque1
100
AcDbLine
 10
714.7252622129963
 20
177.3165010470671
 30
0.0
 11
720.0800649561183
 21
171.2950465676686
 31
0.0
  0
LINE
  5
8814
330
1F
100
AcDbEntity
  8
Calque1
100
AcDbLine
 10
721.5745879236037
 20
170.6241067994334
 30
0.0
 11
721.6847818697824
 21
170.6241067994334
 31
0.0
  0
ARC
  5
8815
330
1F
100
AcDbEntity
  8
Calque1
100
AcDbCircle
 10
721.5745879236037
 20
172.6241067994334
 30
0.0
 40
2.0
100
AcDbArc
 50
221.6462872584281
 51
270.0
  0
ARC
  5
8816
330
1F
100
AcDbEntity
  8
Calque1
100
AcDbCircle
 10
721.6847818697824
 20
171.4241067994335
 30
0.0
 40
0.8000000000001818
100
AcDbArc
 50
270.000000000013
 51
0.0
  0
LINE
  5
8817
330
1F
100
AcDbEntity
  8
Calque1
100
AcDbLine
 10
722.4847818697824
 20
171.4241067994335
 30
0.0
 11
722.4847818697824
 21
173.6241068441368
 31
0.0
  0
ARC
  5
8818
330
1F
100
AcDbEntity
  8
Calque1
100
AcDbCircle
 10
723.2847818697823
 20
173.6241068441368
 30
0.0
 40
0.8000000000000682
100
AcDbArc
 50
0.0
 51
180.0
  0
LINE
  5
8819
330
1F
100
AcDbEntity
  8
Calque1
100
AcDbLine
 10
724.0847818697825
 20
173.6241068441368
 30
0.0
 11
726.6097818697824
 21
173.6241068441368
 31
0.0
  0
ARC
  5
881A
330
1F
100
AcDbEntity
  8
Calque1
100
AcDbCircle
 10
727.4097818697823
 20
173.6241068441368
 30
0.0
 40
0.8000000000000682
100
AcDbArc
 50
0.0
 51
180.0
  0
LINE
  5
881B
330
1F
100
AcDbEntity
  8
Calque1
100
AcDbLine
 10
728.2097818697825
 20
173.6241068441368
 30
0.0
 11
728.2097818697825
 21
171.4241067994335
 31
0.0
  0
ARC
  5
881C
330
1F
100
AcDbEntity
  8
Calque1
100
AcDbCircle
 10
729.0097818697827
 20
171.4241067994333
 30
0.0
 40
0.8000000000000682
100
AcDbArc
 50
179.999999999987
 51
269.999999999987
  0
LINE
  5
881D
330
1F
100
AcDbEntity
  8
Calque1
100
AcDbLine
 10
729.0097818697825
 20
170.6241067994334
 30
0.0
 11
732.2697818697824
 21
170.6241067994334
 31
0.0
  0
ARC
  5
881E
330
1F
100
AcDbEntity
  8
Calque1
100
AcDbCircle
 10
732.269781869782
 20
171.4241067994331
 30
0.0
 40
0.7999999999997272
100
AcDbArc
 50
270.0000000000391
 51
0.0000000000260551
  0
LINE
  5
881F
330
1F
100
AcDbEntity
  8
Calque1
100
AcDbLine
 10
733.0697818697815
 20
171.4241067994335
 30
0.0
 11
733.0697818697815
 21
173.6241068441368
 31
0.0
  0
ARC
  5
8820
330
1F
100
AcDbEntity
  8
Calque1
100
AcDbCircle
 10
733.8697818697819
 20
173.6241068441368
 30
0.0
 40
0.8000000000005229
100
AcDbArc
 50
0.0
 51
180.0
  0
LINE
  5
8821
330
1F
100
AcDbEntity
  8
Calque1
100
AcDbLine
 10
734.6697818697825
 20
173.6241068441368
 30
0.0
 11
739.1847821082006
 21
173.6241068441368
 31
0.0
  0
LINE
  5
8822
330
1F
100
AcDbEntity
  8
Calque1
100
AcDbLine
 10
741.6290045260685
 20
180.6616864435423
 30
0.0
 11
751.8270929026355
 21
182.5052152392173
 31
0.0
  0
ARC
  5
8823
330
1F
100
AcDbEntity
  8
Calque1
100
AcDbCircle
 10
741.9847821082005
 20
178.6935852489762
 30
0.0
 40
2.0
100
AcDbArc
 50
100.246811940099
 51
180.0
  0
ARC
  5
8824
330
1F
100
AcDbEntity
  8
Calque1
100
AcDbCircle
 10
751.6847818697824
 20
183.2924557170434
 30
0.0
 40
0.7999999999997484
100
AcDbArc
 50
280.2468119401121
 51
0.0000000000260551
  0
LINE
  5
8825
330
1F
100
AcDbEntity
  8
Calque1
100
AcDbLine
 10
752.4847818697824
 20
183.2924557170439
 30
0.0
 11
752.4847818697824
 21
187.6241068441371
 31
0.0
  0
LINE
  5
8826
330
1F
100
AcDbEntity
  8
Calque1
100
AcDbLine
 10
752.4847818697824
 20
187.6241068441371
 30
0.0
 11
752.4847818697824
 21
188.8241071719624
 31
0.0
  0
ARC
  5
8827
330
1F
100
AcDbEntity
  8
Calque1
100
AcDbCircle
 10
751.6847818697824
 20
188.8241071719624
 30
0.0
 40
0.7999999999999546
100
AcDbArc
 50
0.0
 51
90.0
  0
LINE
  5
8828
330
1F
100
AcDbEntity
  8
Calque1
100
AcDbLine
 10
751.6847818697824
 20
189.6241071719624
 30
0.0
 11
747.4247818697815
 21
189.6241071719624
 31
0.0
  0
ARC
  5
8829
330
1F
100
AcDbEntity
  8
Calque1
100
AcDbCircle
 10
747.4247818697819
 20
188.8241071719629
 30
0.0
 40
0.7999999999994998
100
AcDbArc
 50
90.00000000002605
 51
180.000000000026
  0
LINE
  5
882A
330
1F
100
AcDbEntity
  8
Calque1
100
AcDbLine
 10
746.6247818697825
 20
188.8241071719624
 30
0.0
 11
746.6247818697825
 21
187.6241068441371
 31
0.0
  0
ARC
  5
882B
330
1F
100
AcDbEntity
  8
Calque1
100
AcDbCircle
 10
745.8247818697826
 20
187.6241068441371
 30
0.0
 40
0.7999999999999546
100
AcDbArc
 50
180.0
 51
0.0
  0
LINE
  5
882C
330
1F
100
AcDbEntity
  8
Calque1
100
AcDbLine
 10
745.0247818697826
 20
187.6241068441371
 30
0.0
 11
742.7143818697816
 21
187.6241068441371
 31
0.0
  0
ARC
  5
882D
330
1F
100
AcDbEntity
  8
Calque1
100
AcDbCircle
 10
741.9143818697821
 20
187.6241068441371
 30
0.0
 40
0.7999999999994998
100
AcDbArc
 50
180.0
 51
0.0
  0
LINE
  5
882E
330
1F
100
AcDbEntity
  8
Calque1
100
AcDbLine
 10
741.1143818697826
 20
187.6241068441371
 30
0.0
 11
741.1143818697826
 21
194.1848468616877
 31
0.0
  0
ARC
  5
882F
330
1F
100
AcDbEntity
  8
Calque1
100
AcDbCircle
 10
739.1143818697826
 20
194.1848468616877
 30
0.0
 40
2.0
100
AcDbArc
 50
0.0
 51
64.0549635526243
  0
LINE
  5
8830
330
1F
100
AcDbEntity
  8
Calque1
100
AcDbLine
 10
727.2346806215782
 20
202.1890280738603
 30
0.0
 11
739.9893993430151
 21
195.9832751815098
 31
0.0
  0
ARC
  5
8831
330
1F
100
AcDbEntity
  8
Calque1
100
AcDbCircle
 10
726.359663148346
 20
200.3905997540383
 30
0.0
 40
2.0
100
AcDbArc
 50
64.0549635526243
 51
155.0000000000051
  0
INSERT
  5
8832
330
1F
100
AcDbEntity
  8
Calque1
100
AcDbBlockReference
  2
FIT
 10
884.498701745821
 20
180.5991530922582
 30
0.0
 50
355.0
  0
LINE
  5
8833
330
1F
100
AcDbEntity
  8
Calque1
100
AcDbLine
 10
891.4478741339285
 20
170.6241067994334
 30
0.0
 11
892.6534562034193
 21
170.6241067994334
 31
0.0
  0
ARC
  5
8834
330
1F
100
AcDbEntity
  8
Calque1
100
AcDbCircle
 10
892.6534562034193
 20
171.4241067994335
 30
0.0
 40
0.8000000000001818
100
AcDbArc
 50
270.000000000013
 51
0.0
  0
LINE
  5
8835
330
1F
100
AcDbEntity
  8
Calque1
100
AcDbLine
 10
893.4534562034194
 20
171.4241067994335
 30
0.0
 11
893.4534562034194
 21
173.6241068441368
 31
0.0
  0
ARC
  5
8836
330
1F
100
AcDbEntity
  8
Calque1
100
AcDbCircle
 10
894.2534562034193
 20
173.6241068441368
 30
0.0
 40
0.8000000000000682
100
AcDbArc
 50
0.0
 51
180.0
  0
LINE
  5
8837
330
1F
100
AcDbEntity
  8
Calque1
100
AcDbLine
 10
895.0534562034194
 20
173.6241068441368
 30
0.0
 11
897.5784562034194
 21
173.6241068441368
 31
0.0
  0
ARC
  5
8838
330
1F
100
AcDbEntity
  8
Calque1
100
AcDbCircle
 10
898.3784562034193
 20
173.6241068441368
 30
0.0
 40
0.8000000000000682
100
AcDbArc
 50
0.0
 51
180.0
  0
LINE
  5
8839
330
1F
100
AcDbEntity
  8
Calque1
100
AcDbLine
 10
899.1784562034196
 20
173.6241068441368
 30
0.0
 11
899.1784562034196
 21
171.4241067994335
 31
0.0
  0
ARC
  5
883A
330
1F
100
AcDbEntity
  8
Calque1
100
AcDbCircle
 10
899.9784562034196
 20
171.4241067994333
 30
0.0
 40
0.8000000000000682
100
AcDbArc
 50
179.999999999987
 51
269.999999999987
  0
LINE
  5
883B
330
1F
100
AcDbEntity
  8
Calque1
100
AcDbLine
 10
899.9784562034195
 20
170.6241067994334
 30
0.0
 11
903.2384562034193
 21
170.6241067994334
 31
0.0
  0
ARC
  5
883C
330
1F
100
AcDbEntity
  8
Calque1
100
AcDbCircle
 10
903.238456203419
 20
171.4241067994331
 30
0.0
 40
0.7999999999997272
100
AcDbArc
 50
270.0000000000391
 51
0.0000000000260551
  0
LINE
  5
883D
330
1F
100
AcDbEntity
  8
Calque1
100
AcDbLine
 10
904.0384562034185
 20
171.4241067994335
 30
0.0
 11
904.0384562034185
 21
173.6241068441368
 31
0.0
  0
ARC
  5
883E
330
1F
100
AcDbEntity
  8
Calque1
100
AcDbCircle
 10
904.8384562034188
 20
173.6241068441368
 30
0.0
 40
0.8000000000005229
100
AcDbArc
 50
0.0
 51
180.0
  0
LINE
  5
883F
330
1F
100
AcDbEntity
  8
Calque1
100
AcDbLine
 10
905.6384562034194
 20
173.6241068441368
 30
0.0
 11
910.1534564418376
 21
173.6241068441368
 31
0.0
  0
LINE
  5
8840
330
1F
100
AcDbEntity
  8
Calque1
100
AcDbLine
 10
912.5976788597053
 20
180.6616864435423
 30
0.0
 11
922.7957672362725
 21
182.5052152392173
 31
0.0
  0
ARC
  5
8841
330
1F
100
AcDbEntity
  8
Calque1
100
AcDbCircle
 10
912.9534564418374
 20
178.6935852489762
 30
0.0
 40
2.0
100
AcDbArc
 50
100.246811940099
 51
180.0
  0
ARC
  5
8842
330
1F
100
AcDbEntity
  8
Calque1
100
AcDbCircle
 10
922.6534562034194
 20
183.2924557170434
 30
0.0
 40
0.7999999999997484
100
AcDbArc
 50
280.2468119401121
 51
0.0000000000260551
  0
LINE
  5
8843
330
1F
100
AcDbEntity
  8
Calque1
100
AcDbLine
 10
923.4534562034193
 20
183.2924557170439
 30
0.0
 11
923.4534562034193
 21
187.6241068441371
 31
0.0
  0
LINE
  5
8844
330
1F
100
AcDbEntity
  8
Calque1
100
AcDbLine
 10
923.4534562034193
 20
187.6241068441371
 30
0.0
 11
923.4534562034193
 21
188.8241071719624
 31
0.0
  0
ARC
  5
8845
330
1F
100
AcDbEntity
  8
Calque1
100
AcDbCircle
 10
922.6534562034194
 20
188.8241071719624
 30
0.0
 40
0.7999999999999546
100
AcDbArc
 50
0.0
 51
90.0
  0
LINE
  5
8846
330
1F
100
AcDbEntity
  8
Calque1
100
AcDbLine
 10
922.6534562034194
 20
189.6241071719624
 30
0.0
 11
918.3934562034185
 21
189.6241071719624
 31
0.0
  0
ARC
  5
8847
330
1F
100
AcDbEntity
  8
Calque1
100
AcDbCircle
 10
918.393456203419
 20
188.8241071719629
 30
0.0
 40
0.7999999999994998
100
AcDbArc
 50
90.00000000002605
 51
180.000000000026
  0
LINE
  5
8848
330
1F
100
AcDbEntity
  8
Calque1
100
AcDbLine
 10
917.5934562034194
 20
188.8241071719624
 30
0.0
 11
917.5934562034194
 21
187.6241068441371
 31
0.0
  0
ARC
  5
8849
330
1F
100
AcDbEntity
  8
Calque1
100
AcDbCircle
 10
916.7934562034195
 20
187.6241068441371
 30
0.0
 40
0.7999999999999546
100
AcDbArc
 50
180.0
 51
0.0
  0
LINE
  5
884A
330
1F
100
AcDbEntity
  8
Calque1
100
AcDbLine
 10
915.9934562034194
 20
187.6241068441371
 30
0.0
 11
913.6830562034186
 21
187.6241068441371
 31
0.0
  0
ARC
  5
884B
330
1F
100
AcDbEntity
  8
Calque1
100
AcDbCircle
 10
912.883056203419
 20
187.6241068441371
 30
0.0
 40
0.7999999999994998
100
AcDbArc
 50
180.0
 51
0.0
  0
LINE
  5
884C
330
1F
100
AcDbEntity
  8
Calque1
100
AcDbLine
 10
912.0830562034196
 20
187.6241068441371
 30
0.0
 11
912.0830562034196
 21
192.7152855858383
 31
0.0
  0
ARC
  5
884D
330
1F
100
AcDbEntity
  8
Calque1
100
AcDbCircle
 10
910.0830562034195
 20
192.7152855858383
 30
0.0
 40
2.0
100
AcDbArc
 50
0.0
 51
58.66011062022715
  0
LINE
  5
884E
330
1F
100
AcDbEntity
  8
Calque1
100
AcDbLine
 10
882.0027720933273
 20
181.8270332977613
 30
0.0
 11
883.8809152803767
 21
184.5092997467225
 31
0.0
  0
ARC
  5
884F
330
1F
100
AcDbEntity
  8
Calque1
100
AcDbCircle
 10
883.6410761819054
 20
180.6798804250593
 30
0.0
 40
2.0
100
AcDbArc
 50
145.0000000000026
 51
224.1007710225911
  0
LINE
  5
8850
330
1F
100
AcDbEntity
  8
Calque1
100
AcDbLine
 10
886.5930296601346
 20
188.3826004922319
 30
0.0
 11
891.0863165753609
 21
194.7996792439337
 31
0.0
  0
LINE
  5
8851
330
1F
100
AcDbEntity
  8
Calque1
100
AcDbLine
 10
893.7984309551186
 20
198.6729799894415
 30
0.0
 11
895.8152736746869
 21
201.553329899306
 31
0.0
  0
LINE
  5
8852
330
1F
100
AcDbEntity
  8
Calque1
100
AcDbLine
 10
898.4938054853264
 20
202.114370893311
 30
0.0
 11
911.123283925481
 21
194.4234794525453
 31
0.0
  0
ARC
  5
8853
330
1F
100
AcDbEntity
  8
Calque1
100
AcDbCircle
 10
897.4535777632651
 20
200.406177026604
 30
0.0
 40
2.0
100
AcDbArc
 50
58.66011062022715
 51
145.0000000000026
  0
LINE
  5
8854
330
1F
100
AcDbEntity
  8
Calque1
100
AcDbLine
 10
882.2048423161431
 20
179.2880355045179
 30
0.0
 11
890.0116402681661
 21
171.2322618788919
 31
0.0
  0
ARC
  5
8855
330
1F
100
AcDbEntity
  8
Calque1
100
AcDbCircle
 10
891.4478741339285
 20
172.6241067994334
 30
0.0
 40
2.0
100
AcDbArc
 50
224.1007710225911
 51
270.0
  0
INSERT
  5
8856
330
1F
100
AcDbEntity
  8
Calque1
100
AcDbBlockReference
  2
FIT
 10
630.96898922431
 20
177.7248991590013
 30
0.0
 50
9.999999999999998
  0
LINE
  5
8857
330
1F
100
AcDbEntity
  8
Calque1
100
AcDbLine
 10
628.7641353611602
 20
176.3130988829971
 30
0.0
 11
633.8997577158304
 21
171.2059652895546
 31
0.0
  0
ARC
  5
8858
330
1F
100
AcDbEntity
  8
Calque1
100
AcDbCircle
 10
630.17441003581
 20
177.7312403928759
 30
0.0
 40
2.0
100
AcDbArc
 50
160.0000000000108
 51
225.1593596080103
  0
LINE
  5
8859
330
1F
100
AcDbEntity
  8
Calque1
100
AcDbLine
 10
635.3100323904802
 20
170.6241067994334
 30
0.0
 11
635.4148964356027
 21
170.6241067994334
 31
0.0
  0
ARC
  5
885A
330
1F
100
AcDbEntity
  8
Calque1
100
AcDbCircle
 10
635.3100323904802
 20
172.6241067994334
 30
0.0
 40
2.0
100
AcDbArc
 50
225.1593596080103
 51
270.0
  0
ARC
  5
885B
330
1F
100
AcDbEntity
  8
Calque1
100
AcDbCircle
 10
635.4148964356027
 20
171.4241067994335
 30
0.0
 40
0.8000000000001818
100
AcDbArc
 50
270.000000000013
 51
0.0
  0
LINE
  5
885C
330
1F
100
AcDbEntity
  8
Calque1
100
AcDbLine
 10
636.2148964356026
 20
171.4241067994335
 30
0.0
 11
636.2148964356026
 21
173.6241068441368
 31
0.0
  0
ARC
  5
885D
330
1F
100
AcDbEntity
  8
Calque1
100
AcDbCircle
 10
637.0148964356026
 20
173.6241068441368
 30
0.0
 40
0.8000000000000682
100
AcDbArc
 50
0.0
 51
180.0
  0
LINE
  5
885E
330
1F
100
AcDbEntity
  8
Calque1
100
AcDbLine
 10
637.8148964356028
 20
173.6241068441368
 30
0.0
 11
640.3398964356027
 21
173.6241068441368
 31
0.0
  0
ARC
  5
885F
330
1F
100
AcDbEntity
  8
Calque1
100
AcDbCircle
 10
641.1398964356026
 20
173.6241068441368
 30
0.0
 40
0.8000000000000682
100
AcDbArc
 50
0.0
 51
180.0
  0
LINE
  5
8860
330
1F
100
AcDbEntity
  8
Calque1
100
AcDbLine
 10
641.9398964356028
 20
173.6241068441368
 30
0.0
 11
641.9398964356028
 21
171.4241067994335
 31
0.0
  0
ARC
  5
8861
330
1F
100
AcDbEntity
  8
Calque1
100
AcDbCircle
 10
642.7398964356029
 20
171.4241067994333
 30
0.0
 40
0.8000000000000682
100
AcDbArc
 50
179.999999999987
 51
269.999999999987
  0
LINE
  5
8862
330
1F
100
AcDbEntity
  8
Calque1
100
AcDbLine
 10
642.7398964356028
 20
170.6241067994334
 30
0.0
 11
645.9998964356027
 21
170.6241067994334
 31
0.0
  0
ARC
  5
8863
330
1F
100
AcDbEntity
  8
Calque1
100
AcDbCircle
 10
645.9998964356023
 20
171.4241067994331
 30
0.0
 40
0.7999999999997272
100
AcDbArc
 50
270.0000000000391
 51
0.0000000000260551
  0
LINE
  5
8864
330
1F
100
AcDbEntity
  8
Calque1
100
AcDbLine
 10
646.7998964356017
 20
171.4241067994335
 30
0.0
 11
646.7998964356017
 21
173.6241068441368
 31
0.0
  0
ARC
  5
8865
330
1F
100
AcDbEntity
  8
Calque1
100
AcDbCircle
 10
647.5998964356022
 20
173.6241068441368
 30
0.0
 40
0.8000000000005229
100
AcDbArc
 50
0.0
 51
180.0
  0
LINE
  5
8866
330
1F
100
AcDbEntity
  8
Calque1
100
AcDbLine
 10
648.3998964356028
 20
173.6241068441368
 30
0.0
 11
652.9148966740208
 21
173.6241068441368
 31
0.0
  0
LINE
  5
8867
330
1F
100
AcDbEntity
  8
Calque1
100
AcDbLine
 10
655.3591190918886
 20
180.6616864435423
 30
0.0
 11
665.5572074684557
 21
182.5052152392173
 31
0.0
  0
ARC
  5
8868
330
1F
100
AcDbEntity
  8
Calque1
100
AcDbCircle
 10
655.7148966740207
 20
178.6935852489762
 30
0.0
 40
2.0
100
AcDbArc
 50
100.246811940099
 51
180.0
  0
ARC
  5
8869
330
1F
100
AcDbEntity
  8
Calque1
100
AcDbCircle
 10
665.4148964356027
 20
183.2924557170434
 30
0.0
 40
0.7999999999997484
100
AcDbArc
 50
280.2468119401121
 51
0.0000000000260551
  0
LINE
  5
886A
330
1F
100
AcDbEntity
  8
Calque1
100
AcDbLine
 10
666.2148964356027
 20
183.2924557170439
 30
0.0
 11
666.2148964356027
 21
187.6241068441371
 31
0.0
  0
LINE
  5
886B
330
1F
100
AcDbEntity
  8
Calque1
100
AcDbLine
 10
666.2148964356027
 20
187.6241068441371
 30
0.0
 11
666.2148964356027
 21
188.8241071719624
 31
0.0
  0
ARC
  5
886C
330
1F
100
AcDbEntity
  8
Calque1
100
AcDbCircle
 10
665.4148964356027
 20
188.8241071719624
 30
0.0
 40
0.7999999999999546
100
AcDbArc
 50
0.0
 51
90.0
  0
LINE
  5
886D
330
1F
100
AcDbEntity
  8
Calque1
100
AcDbLine
 10
665.4148964356027
 20
189.6241071719624
 30
0.0
 11
661.1548964356018
 21
189.6241071719624
 31
0.0
  0
ARC
  5
886E
330
1F
100
AcDbEntity
  8
Calque1
100
AcDbCircle
 10
661.1548964356022
 20
188.8241071719629
 30
0.0
 40
0.7999999999994998
100
AcDbArc
 50
90.00000000002605
 51
180.000000000026
  0
LINE
  5
886F
330
1F
100
AcDbEntity
  8
Calque1
100
AcDbLine
 10
660.3548964356027
 20
188.8241071719624
 30
0.0
 11
660.3548964356027
 21
187.6241068441371
 31
0.0
  0
ARC
  5
8870
330
1F
100
AcDbEntity
  8
Calque1
100
AcDbCircle
 10
659.5548964356027
 20
187.6241068441371
 30
0.0
 40
0.7999999999999546
100
AcDbArc
 50
180.0
 51
0.0
  0
LINE
  5
8871
330
1F
100
AcDbEntity
  8
Calque1
100
AcDbLine
 10
658.7548964356028
 20
187.6241068441371
 30
0.0
 11
656.4444964356018
 21
187.6241068441371
 31
0.0
  0
ARC
  5
8872
330
1F
100
AcDbEntity
  8
Calque1
100
AcDbCircle
 10
655.6444964356024
 20
187.6241068441371
 30
0.0
 40
0.7999999999994998
100
AcDbArc
 50
180.0
 51
0.0
  0
LINE
  5
8873
330
1F
100
AcDbEntity
  8
Calque1
100
AcDbLine
 10
654.8444964356028
 20
187.6241068441371
 30
0.0
 11
654.8444964356028
 21
194.7904729540049
 31
0.0
  0
ARC
  5
8874
330
1F
100
AcDbEntity
  8
Calque1
100
AcDbCircle
 10
652.8444964356029
 20
194.7904729540049
 30
0.0
 40
2.0
100
AcDbArc
 50
0.0
 51
69.3543699074379
  0
LINE
  5
8875
330
1F
100
AcDbEntity
  8
Calque1
100
AcDbLine
 10
639.0738296095314
 20
202.1163030877565
 30
0.0
 11
653.5496704560298
 21
196.6620310217427
 31
0.0
  0
ARC
  5
8876
330
1F
100
AcDbEntity
  8
Calque1
100
AcDbCircle
 10
638.3686555891046
 20
200.2447450200187
 30
0.0
 40
2.0
100
AcDbArc
 50
69.3543699074379
 51
160.0000000000108
  0
INSERT
  5
8877
330
1F
100
AcDbEntity
  8
Calque1
100
AcDbBlockReference
  2
FIT
 10
554.2747678204777
 20
176.6745640226764
 30
0.0
 50
15.0
  0
LINE
  5
8878
330
1F
100
AcDbEntity
  8
Calque1
100
AcDbLine
 10
551.9476991489179
 20
175.4588346502872
 30
0.0
 11
555.2192568180071
 21
171.3738795170916
 31
0.0
  0
ARC
  5
8879
330
1F
100
AcDbEntity
  8
Calque1
100
AcDbCircle
 10
556.7803243189461
 20
172.6241067994334
 30
0.0
 40
2.0
100
AcDbArc
 50
218.6905288992213
 51
270.0
  0
LINE
  5
887A
330
1F
100
AcDbEntity
  8
Calque1
100
AcDbLine
 10
556.7803243189461
 20
170.6241067994334
 30
0.0
 11
556.8871094410861
 21
170.6241067994334
 31
0.0
  0
ARC
  5
887B
330
1F
100
AcDbEntity
  8
Calque1
100
AcDbCircle
 10
556.8871094410861
 20
171.4241067994335
 30
0.0
 40
0.8000000000001818
100
AcDbArc
 50
270.000000000013
 51
0.0
  0
LINE
  5
887C
330
1F
100
AcDbEntity
  8
Calque1
100
AcDbLine
 10
557.687109441086
 20
171.4241067994335
 30
0.0
 11
557.687109441086
 21
173.6241068441368
 31
0.0
  0
ARC
  5
887D
330
1F
100
AcDbEntity
  8
Calque1
100
AcDbCircle
 10
558.487109441086
 20
173.6241068441368
 30
0.0
 40
0.8000000000000682
100
AcDbArc
 50
0.0
 51
180.0
  0
LINE
  5
887E
330
1F
100
AcDbEntity
  8
Calque1
100
AcDbLine
 10
559.2871094410861
 20
173.6241068441368
 30
0.0
 11
561.8121094410859
 21
173.6241068441368
 31
0.0
  0
ARC
  5
887F
330
1F
100
AcDbEntity
  8
Calque1
100
AcDbCircle
 10
562.6121094410859
 20
173.6241068441368
 30
0.0
 40
0.8000000000000682
100
AcDbArc
 50
0.0
 51
180.0
  0
LINE
  5
8880
330
1F
100
AcDbEntity
  8
Calque1
100
AcDbLine
 10
563.4121094410861
 20
173.6241068441368
 30
0.0
 11
563.4121094410861
 21
171.4241067994335
 31
0.0
  0
ARC
  5
8881
330
1F
100
AcDbEntity
  8
Calque1
100
AcDbCircle
 10
564.2121094410863
 20
171.4241067994333
 30
0.0
 40
0.8000000000000682
100
AcDbArc
 50
179.999999999987
 51
269.999999999987
  0
LINE
  5
8882
330
1F
100
AcDbEntity
  8
Calque1
100
AcDbLine
 10
564.212109441086
 20
170.6241067994334
 30
0.0
 11
567.4721094410861
 21
170.6241067994334
 31
0.0
  0
ARC
  5
8883
330
1F
100
AcDbEntity
  8
Calque1
100
AcDbCircle
 10
567.4721094410856
 20
171.4241067994331
 30
0.0
 40
0.7999999999997272
100
AcDbArc
 50
270.0000000000391
 51
0.0000000000260551
  0
LINE
  5
8884
330
1F
100
AcDbEntity
  8
Calque1
100
AcDbLine
 10
568.2721094410851
 20
171.4241067994335
 30
0.0
 11
568.2721094410851
 21
173.6241068441368
 31
0.0
  0
ARC
  5
8885
330
1F
100
AcDbEntity
  8
Calque1
100
AcDbCircle
 10
569.0721094410855
 20
173.6241068441368
 30
0.0
 40
0.8000000000005229
100
AcDbArc
 50
0.0
 51
180.0
  0
LINE
  5
8886
330
1F
100
AcDbEntity
  8
Calque1
100
AcDbLine
 10
576.831332097372
 20
180.6616864435421
 30
0.0
 11
587.0294204739391
 21
182.5052152392173
 31
0.0
  0
ARC
  5
8887
330
1F
100
AcDbEntity
  8
Calque1
100
AcDbCircle
 10
577.1871096795041
 20
178.693585248976
 30
0.0
 40
2.0
100
AcDbArc
 50
100.246811940099
 51
180.0
  0
ARC
  5
8888
330
1F
100
AcDbEntity
  8
Calque1
100
AcDbCircle
 10
586.887109441086
 20
183.2924557170434
 30
0.0
 40
0.7999999999997484
100
AcDbArc
 50
280.2468119401121
 51
0.0000000000260551
  0
LINE
  5
8889
330
1F
100
AcDbEntity
  8
Calque1
100
AcDbLine
 10
587.6871094410859
 20
183.2924557170439
 30
0.0
 11
587.6871094410859
 21
187.6241068441371
 31
0.0
  0
LINE
  5
888A
330
1F
100
AcDbEntity
  8
Calque1
100
AcDbLine
 10
587.6871094410859
 20
187.6241068441371
 30
0.0
 11
587.6871094410859
 21
188.8241071719624
 31
0.0
  0
ARC
  5
888B
330
1F
100
AcDbEntity
  8
Calque1
100
AcDbCircle
 10
586.887109441086
 20
188.8241071719624
 30
0.0
 40
0.7999999999999546
100
AcDbArc
 50
0.0
 51
90.0
  0
LINE
  5
888C
330
1F
100
AcDbEntity
  8
Calque1
100
AcDbLine
 10
586.887109441086
 20
189.6241071719624
 30
0.0
 11
582.6271094410851
 21
189.6241071719624
 31
0.0
  0
ARC
  5
888D
330
1F
100
AcDbEntity
  8
Calque1
100
AcDbCircle
 10
582.6271094410856
 20
188.8241071719629
 30
0.0
 40
0.7999999999994998
100
AcDbArc
 50
90.00000000002605
 51
180.000000000026
  0
LINE
  5
888E
330
1F
100
AcDbEntity
  8
Calque1
100
AcDbLine
 10
581.8271094410861
 20
188.8241071719624
 30
0.0
 11
581.8271094410861
 21
187.6241068441371
 31
0.0
  0
ARC
  5
888F
330
1F
100
AcDbEntity
  8
Calque1
100
AcDbCircle
 10
581.0271094410861
 20
187.6241068441371
 30
0.0
 40
0.7999999999999546
100
AcDbArc
 50
180.0
 51
0.0
  0
LINE
  5
8890
330
1F
100
AcDbEntity
  8
Calque1
100
AcDbLine
 10
580.2271094410862
 20
187.6241068441371
 30
0.0
 11
577.9167094410852
 21
187.6241068441371
 31
0.0
  0
LINE
  5
8891
330
1F
100
AcDbEntity
  8
Calque1
100
AcDbLine
 10
577.9167094410852
 20
187.6241068441371
 30
0.0
 11
580.2271094410862
 21
187.6241068441371
 31
0.0
  0
ARC
  5
8892
330
1F
100
AcDbEntity
  8
Calque1
100
AcDbCircle
 10
577.1167094410857
 20
187.6241068441371
 30
0.0
 40
0.7999999999994998
100
AcDbArc
 50
180.0
 51
0.0
  0
LINE
  5
8893
330
1F
100
AcDbEntity
  8
Calque1
100
AcDbLine
 10
576.3167094410862
 20
187.6241068441371
 30
0.0
 11
576.3167094410862
 21
191.5548047284329
 31
0.0
  0
ARC
  5
8894
330
1F
100
AcDbEntity
  8
Calque1
100
AcDbCircle
 10
574.3167094410862
 20
191.5548047284329
 30
0.0
 40
2.0
100
AcDbArc
 50
0.0
 51
14.99999999999445
  0
LINE
  5
8895
330
1F
100
AcDbEntity
  8
Calque1
100
AcDbLine
 10
560.2244593117229
 20
201.6926266144704
 30
0.0
 11
573.65845613815
 21
197.9439952790099
 31
0.0
  0
ARC
  5
8896
330
1F
100
AcDbEntity
  8
Calque1
100
AcDbCircle
 10
559.6869133983755
 20
199.7662194947152
 30
0.0
 40
2.0
100
AcDbArc
 50
74.40873632886294
 51
165.0000000000055
  0
INSERT
  5
8897
330
1F
100
AcDbEntity
  8
Calque1
100
AcDbBlockReference
  2
FIT
 10
794.258808339809
 20
122.5683240171357
 30
0.0
  0
LINE
  5
8898
330
1F
100
AcDbEntity
  8
Calque1
100
AcDbLine
 10
799.4964755988115
 20
113.6735168876512
 30
0.0
 11
800.7121035835043
 21
113.6735168876512
 31
0.0
  0
ARC
  5
8899
330
1F
100
AcDbEntity
  8
Calque1
100
AcDbCircle
 10
800.7121035835043
 20
114.4735168876514
 30
0.0
 40
0.8000000000001818
100
AcDbArc
 50
270.000000000013
 51
0.0
  0
LINE
  5
889A
330
1F
100
AcDbEntity
  8
Calque1
100
AcDbLine
 10
801.5121035835043
 20
114.4735168876514
 30
0.0
 11
801.5121035835043
 21
116.6735169323547
 31
0.0
  0
ARC
  5
889B
330
1F
100
AcDbEntity
  8
Calque1
100
AcDbCircle
 10
802.3121035835043
 20
116.6735169323547
 30
0.0
 40
0.8000000000000682
100
AcDbArc
 50
0.0
 51
180.0
  0
LINE
  5
889C
330
1F
100
AcDbEntity
  8
Calque1
100
AcDbLine
 10
803.1121035835043
 20
116.6735169323547
 30
0.0
 11
805.6371035835043
 21
116.6735169323547
 31
0.0
  0
ARC
  5
889D
330
1F
100
AcDbEntity
  8
Calque1
100
AcDbCircle
 10
806.4371035835042
 20
116.6735169323547
 30
0.0
 40
0.8000000000000682
100
AcDbArc
 50
0.0
 51
180.0
  0
LINE
  5
889E
330
1F
100
AcDbEntity
  8
Calque1
100
AcDbLine
 10
807.2371035835043
 20
116.6735169323547
 30
0.0
 11
807.2371035835043
 21
114.4735168876514
 31
0.0
  0
ARC
  5
889F
330
1F
100
AcDbEntity
  8
Calque1
100
AcDbCircle
 10
808.0371035835046
 20
114.4735168876512
 30
0.0
 40
0.8000000000000682
100
AcDbArc
 50
179.999999999987
 51
269.999999999987
  0
LINE
  5
88A0
330
1F
100
AcDbEntity
  8
Calque1
100
AcDbLine
 10
808.0371035835044
 20
113.6735168876512
 30
0.0
 11
811.2971035835043
 21
113.6735168876512
 31
0.0
  0
ARC
  5
88A1
330
1F
100
AcDbEntity
  8
Calque1
100
AcDbCircle
 10
811.2971035835039
 20
114.473516887651
 30
0.0
 40
0.7999999999997272
100
AcDbArc
 50
270.0000000000391
 51
0.0000000000260551
  0
LINE
  5
88A2
330
1F
100
AcDbEntity
  8
Calque1
100
AcDbLine
 10
812.0971035835035
 20
114.4735168876514
 30
0.0
 11
812.0971035835035
 21
116.6735169323547
 31
0.0
  0
ARC
  5
88A3
330
1F
100
AcDbEntity
  8
Calque1
100
AcDbCircle
 10
812.8971035835037
 20
116.6735169323547
 30
0.0
 40
0.8000000000005229
100
AcDbArc
 50
0.0
 51
180.0
  0
LINE
  5
88A4
330
1F
100
AcDbEntity
  8
Calque1
100
AcDbLine
 10
813.6971035835044
 20
116.6735169323547
 30
0.0
 11
818.2121038219225
 21
116.6735169323547
 31
0.0
  0
LINE
  5
88A5
330
1F
100
AcDbEntity
  8
Calque1
100
AcDbLine
 10
831.5121035835042
 20
129.7988707162124
 30
0.0
 11
831.5121035835042
 21
132.673516932355
 31
0.0
  0
ARC
  5
88A6
330
1F
100
AcDbEntity
  8
Calque1
100
AcDbCircle
 10
830.5121035835043
 20
129.7988707162124
 30
0.0
 40
1.0
100
AcDbArc
 50
294.8410239733395
 51
0.0
  0
LINE
  5
88A7
330
1F
100
AcDbEntity
  8
Calque1
100
AcDbLine
 10
831.5121035835042
 20
132.673516932355
 30
0.0
 11
831.5121035835042
 21
133.8735172601803
 31
0.0
  0
ARC
  5
88A8
330
1F
100
AcDbEntity
  8
Calque1
100
AcDbCircle
 10
830.7121035835043
 20
133.8735172601803
 30
0.0
 40
0.7999999999999546
100
AcDbArc
 50
0.0
 51
90.0
  0
LINE
  5
88A9
330
1F
100
AcDbEntity
  8
Calque1
100
AcDbLine
 10
830.7121035835043
 20
134.6735172601803
 30
0.0
 11
826.4521035835034
 21
134.6735172601803
 31
0.0
  0
ARC
  5
88AA
330
1F
100
AcDbEntity
  8
Calque1
100
AcDbCircle
 10
826.452103583504
 20
133.8735172601808
 30
0.0
 40
0.7999999999994998
100
AcDbArc
 50
90.00000000002605
 51
180.000000000026
  0
LINE
  5
88AB
330
1F
100
AcDbEntity
  8
Calque1
100
AcDbLine
 10
825.6521035835044
 20
133.8735172601803
 30
0.0
 11
825.6521035835044
 21
132.673516932355
 31
0.0
  0
ARC
  5
88AC
330
1F
100
AcDbEntity
  8
Calque1
100
AcDbCircle
 10
824.8521035835045
 20
132.673516932355
 30
0.0
 40
0.7999999999999546
100
AcDbArc
 50
180.0
 51
0.0
  0
LINE
  5
88AD
330
1F
100
AcDbEntity
  8
Calque1
100
AcDbLine
 10
824.0521035835044
 20
132.673516932355
 30
0.0
 11
821.7417035835035
 21
132.673516932355
 31
0.0
  0
ARC
  5
88AE
330
1F
100
AcDbEntity
  8
Calque1
100
AcDbCircle
 10
820.941703583504
 20
132.673516932355
 30
0.0
 40
0.7999999999994998
100
AcDbArc
 50
180.0
 51
0.0
  0
LINE
  5
88AF
330
1F
100
AcDbEntity
  8
Calque1
100
AcDbLine
 10
820.1417035835046
 20
132.673516932355
 30
0.0
 11
820.1417035835046
 21
135.7648126509544
 31
0.0
  0
ARC
  5
88B0
330
1F
100
AcDbEntity
  8
Calque1
100
AcDbCircle
 10
818.1417035835044
 20
135.7648126509544
 30
0.0
 40
2.0
100
AcDbArc
 50
0.0
 51
58.72701854151792
  0
LINE
  5
88B1
330
1F
100
AcDbEntity
  8
Calque1
100
AcDbLine
 10
791.7149550457764
 20
123.6598989244303
 30
0.0
 11
793.3025810024584
 21
126.4097477448195
 31
0.0
  0
LINE
  5
88B2
330
1F
100
AcDbEntity
  8
Calque1
100
AcDbLine
 10
801.9479114642836
 20
141.3838993529262
 30
0.0
 11
803.7280370531851
 21
144.4671673167577
 31
0.0
  0
ARC
  5
88B3
330
1F
100
AcDbEntity
  8
Calque1
100
AcDbCircle
 10
793.4470058533451
 20
122.6598989244306
 30
0.0
 40
2.0
100
AcDbArc
 50
150.0000000000009
 51
220.8891083588532
  0
LINE
  5
88B4
330
1F
100
AcDbEntity
  8
Calque1
100
AcDbLine
 10
806.4983201075179
 20
145.1765747584698
 30
0.0
 11
819.1799358302684
 21
137.4742200926662
 31
0.0
  0
ARC
  5
88B5
330
1F
100
AcDbEntity
  8
Calque1
100
AcDbCircle
 10
805.4600878607539
 20
143.467167316758
 30
0.0
 40
2.0
100
AcDbArc
 50
58.72701854151792
 51
150.0000000000009
  0
LINE
  5
88B6
330
1F
100
AcDbEntity
  8
Calque1
100
AcDbLine
 10
791.9350500164162
 20
121.3507046885828
 30
0.0
 11
797.9845197618827
 21
114.3643226518034
 31
0.0
  0
ARC
  5
88B7
330
1F
100
AcDbEntity
  8
Calque1
100
AcDbCircle
 10
799.4964755988115
 20
115.6735168876512
 30
0.0
 40
2.0
100
AcDbArc
 50
220.8891083588532
 51
270.0
  0
INSERT
  5
88B8
330
1F
100
AcDbEntity
  8
Calque1
100
AcDbBlockReference
  2
FIT
 10
717.0206203206226
 20
121.6404874314878
 30
0.0
 50
5.0
  0
LINE
  5
88B9
330
1F
100
AcDbEntity
  8
Calque1
100
AcDbLine
 10
714.7252622129963
 20
120.365911135285
 30
0.0
 11
720.0800649561183
 21
114.3444566558865
 31
0.0
  0
ARC
  5
88BA
330
1F
100
AcDbEntity
  8
Calque1
100
AcDbCircle
 10
716.2197851804817
 20
121.6949713670497
 30
0.0
 40
2.0
100
AcDbArc
 50
155.0000000000051
 51
221.6462872584281
  0
LINE
  5
88BB
330
1F
100
AcDbEntity
  8
Calque1
100
AcDbLine
 10
721.5745879236037
 20
113.6735168876512
 30
0.0
 11
721.6847818697824
 21
113.6735168876512
 31
0.0
  0
ARC
  5
88BC
330
1F
100
AcDbEntity
  8
Calque1
100
AcDbCircle
 10
721.5745879236037
 20
115.6735168876512
 30
0.0
 40
2.0
100
AcDbArc
 50
221.6462872584281
 51
270.0
  0
ARC
  5
88BD
330
1F
100
AcDbEntity
  8
Calque1
100
AcDbCircle
 10
721.6847818697824
 20
114.4735168876514
 30
0.0
 40
0.8000000000001818
100
AcDbArc
 50
270.000000000013
 51
0.0
  0
LINE
  5
88BE
330
1F
100
AcDbEntity
  8
Calque1
100
AcDbLine
 10
722.4847818697824
 20
114.4735168876514
 30
0.0
 11
722.4847818697824
 21
116.6735169323547
 31
0.0
  0
ARC
  5
88BF
330
1F
100
AcDbEntity
  8
Calque1
100
AcDbCircle
 10
723.2847818697823
 20
116.6735169323547
 30
0.0
 40
0.8000000000000682
100
AcDbArc
 50
0.0
 51
180.0
  0
LINE
  5
88C0
330
1F
100
AcDbEntity
  8
Calque1
100
AcDbLine
 10
724.0847818697825
 20
116.6735169323547
 30
0.0
 11
726.6097818697824
 21
116.6735169323547
 31
0.0
  0
ARC
  5
88C1
330
1F
100
AcDbEntity
  8
Calque1
100
AcDbCircle
 10
727.4097818697823
 20
116.6735169323547
 30
0.0
 40
0.8000000000000682
100
AcDbArc
 50
0.0
 51
180.0
  0
LINE
  5
88C2
330
1F
100
AcDbEntity
  8
Calque1
100
AcDbLine
 10
728.2097818697825
 20
116.6735169323547
 30
0.0
 11
728.2097818697825
 21
114.4735168876514
 31
0.0
  0
ARC
  5
88C3
330
1F
100
AcDbEntity
  8
Calque1
100
AcDbCircle
 10
729.0097818697827
 20
114.4735168876512
 30
0.0
 40
0.8000000000000682
100
AcDbArc
 50
179.999999999987
 51
269.999999999987
  0
LINE
  5
88C4
330
1F
100
AcDbEntity
  8
Calque1
100
AcDbLine
 10
729.0097818697825
 20
113.6735168876512
 30
0.0
 11
732.2697818697824
 21
113.6735168876512
 31
0.0
  0
ARC
  5
88C5
330
1F
100
AcDbEntity
  8
Calque1
100
AcDbCircle
 10
732.269781869782
 20
114.473516887651
 30
0.0
 40
0.7999999999997272
100
AcDbArc
 50
270.0000000000391
 51
0.0000000000260551
  0
LINE
  5
88C6
330
1F
100
AcDbEntity
  8
Calque1
100
AcDbLine
 10
733.0697818697815
 20
114.4735168876514
 30
0.0
 11
733.0697818697815
 21
116.6735169323547
 31
0.0
  0
ARC
  5
88C7
330
1F
100
AcDbEntity
  8
Calque1
100
AcDbCircle
 10
733.8697818697819
 20
116.6735169323547
 30
0.0
 40
0.8000000000005229
100
AcDbArc
 50
0.0
 51
180.0
  0
LINE
  5
88C8
330
1F
100
AcDbEntity
  8
Calque1
100
AcDbLine
 10
734.6697818697825
 20
116.6735169323547
 30
0.0
 11
739.1847821082006
 21
116.6735169323547
 31
0.0
  0
LINE
  5
88C9
330
1F
100
AcDbEntity
  8
Calque1
100
AcDbLine
 10
752.4847818697824
 20
129.7988707162124
 30
0.0
 11
752.4847818697824
 21
132.673516932355
 31
0.0
  0
ARC
  5
88CA
330
1F
100
AcDbEntity
  8
Calque1
100
AcDbCircle
 10
751.4847818697823
 20
129.7988707162124
 30
0.0
 40
1.0
100
AcDbArc
 50
294.8410239733395
 51
0.0
  0
LINE
  5
88CB
330
1F
100
AcDbEntity
  8
Calque1
100
AcDbLine
 10
752.4847818697824
 20
132.673516932355
 30
0.0
 11
752.4847818697824
 21
133.8735172601803
 31
0.0
  0
ARC
  5
88CC
330
1F
100
AcDbEntity
  8
Calque1
100
AcDbCircle
 10
751.6847818697824
 20
133.8735172601803
 30
0.0
 40
0.7999999999999546
100
AcDbArc
 50
0.0
 51
90.0
  0
LINE
  5
88CD
330
1F
100
AcDbEntity
  8
Calque1
100
AcDbLine
 10
751.6847818697824
 20
134.6735172601803
 30
0.0
 11
747.4247818697815
 21
134.6735172601803
 31
0.0
  0
ARC
  5
88CE
330
1F
100
AcDbEntity
  8
Calque1
100
AcDbCircle
 10
747.4247818697819
 20
133.8735172601808
 30
0.0
 40
0.7999999999994998
100
AcDbArc
 50
90.00000000002605
 51
180.000000000026
  0
LINE
  5
88CF
330
1F
100
AcDbEntity
  8
Calque1
100
AcDbLine
 10
746.6247818697825
 20
133.8735172601803
 30
0.0
 11
746.6247818697825
 21
132.673516932355
 31
0.0
  0
ARC
  5
88D0
330
1F
100
AcDbEntity
  8
Calque1
100
AcDbCircle
 10
745.8247818697826
 20
132.673516932355
 30
0.0
 40
0.7999999999999546
100
AcDbArc
 50
180.0
 51
0.0
  0
LINE
  5
88D1
330
1F
100
AcDbEntity
  8
Calque1
100
AcDbLine
 10
745.0247818697826
 20
132.673516932355
 30
0.0
 11
742.7143818697816
 21
132.673516932355
 31
0.0
  0
ARC
  5
88D2
330
1F
100
AcDbEntity
  8
Calque1
100
AcDbCircle
 10
741.9143818697821
 20
132.673516932355
 30
0.0
 40
0.7999999999994998
100
AcDbArc
 50
180.0
 51
0.0
  0
LINE
  5
88D3
330
1F
100
AcDbEntity
  8
Calque1
100
AcDbLine
 10
741.1143818697826
 20
132.673516932355
 30
0.0
 11
741.1143818697826
 21
137.2342569499056
 31
0.0
  0
ARC
  5
88D4
330
1F
100
AcDbEntity
  8
Calque1
100
AcDbCircle
 10
739.1143818697826
 20
137.2342569499056
 30
0.0
 40
2.0
100
AcDbArc
 50
0.0
 51
64.0549635526243
  0
LINE
  5
88D5
330
1F
100
AcDbEntity
  8
Calque1
100
AcDbLine
 10
727.2346806215782
 20
145.2384381620782
 30
0.0
 11
739.9893993430151
 21
139.0326852697276
 31
0.0
  0
ARC
  5
88D6
330
1F
100
AcDbEntity
  8
Calque1
100
AcDbCircle
 10
726.359663148346
 20
143.4400098422562
 30
0.0
 40
2.0
100
AcDbArc
 50
64.0549635526243
 51
155.0000000000051
  0
INSERT
  5
88D7
330
1F
100
AcDbEntity
  8
Calque1
100
AcDbBlockReference
  2
FIT
 10
884.498701745821
 20
123.648563180476
 30
0.0
 50
355.0
  0
LINE
  5
88D8
330
1F
100
AcDbEntity
  8
Calque1
100
AcDbLine
 10
891.4478741339285
 20
113.6735168876512
 30
0.0
 11
892.6534562034193
 21
113.6735168876512
 31
0.0
  0
ARC
  5
88D9
330
1F
100
AcDbEntity
  8
Calque1
100
AcDbCircle
 10
892.6534562034193
 20
114.4735168876514
 30
0.0
 40
0.8000000000001818
100
AcDbArc
 50
270.000000000013
 51
0.0
  0
LINE
  5
88DA
330
1F
100
AcDbEntity
  8
Calque1
100
AcDbLine
 10
893.4534562034194
 20
114.4735168876514
 30
0.0
 11
893.4534562034194
 21
116.6735169323547
 31
0.0
  0
ARC
  5
88DB
330
1F
100
AcDbEntity
  8
Calque1
100
AcDbCircle
 10
894.2534562034193
 20
116.6735169323547
 30
0.0
 40
0.8000000000000682
100
AcDbArc
 50
0.0
 51
180.0
  0
LINE
  5
88DC
330
1F
100
AcDbEntity
  8
Calque1
100
AcDbLine
 10
895.0534562034194
 20
116.6735169323547
 30
0.0
 11
897.5784562034194
 21
116.6735169323547
 31
0.0
  0
ARC
  5
88DD
330
1F
100
AcDbEntity
  8
Calque1
100
AcDbCircle
 10
898.3784562034193
 20
116.6735169323547
 30
0.0
 40
0.8000000000000682
100
AcDbArc
 50
0.0
 51
180.0
  0
LINE
  5
88DE
330
1F
100
AcDbEntity
  8
Calque1
100
AcDbLine
 10
899.1784562034196
 20
116.6735169323547
 30
0.0
 11
899.1784562034196
 21
114.4735168876514
 31
0.0
  0
ARC
  5
88DF
330
1F
100
AcDbEntity
  8
Calque1
100
AcDbCircle
 10
899.9784562034196
 20
114.4735168876512
 30
0.0
 40
0.8000000000000682
100
AcDbArc
 50
179.999999999987
 51
269.999999999987
  0
LINE
  5
88E0
330
1F
100
AcDbEntity
  8
Calque1
100
AcDbLine
 10
899.9784562034195
 20
113.6735168876512
 30
0.0
 11
903.2384562034193
 21
113.6735168876512
 31
0.0
  0
ARC
  5
88E1
330
1F
100
AcDbEntity
  8
Calque1
100
AcDbCircle
 10
903.238456203419
 20
114.473516887651
 30
0.0
 40
0.7999999999997272
100
AcDbArc
 50
270.0000000000391
 51
0.0000000000260551
  0
LINE
  5
88E2
330
1F
100
AcDbEntity
  8
Calque1
100
AcDbLine
 10
904.0384562034185
 20
114.4735168876514
 30
0.0
 11
904.0384562034185
 21
116.6735169323547
 31
0.0
  0
ARC
  5
88E3
330
1F
100
AcDbEntity
  8
Calque1
100
AcDbCircle
 10
904.8384562034188
 20
116.6735169323547
 30
0.0
 40
0.8000000000005229
100
AcDbArc
 50
0.0
 51
180.0
  0
LINE
  5
88E4
330
1F
100
AcDbEntity
  8
Calque1
100
AcDbLine
 10
905.6384562034194
 20
116.6735169323547
 30
0.0
 11
910.1534564418376
 21
116.6735169323547
 31
0.0
  0
LINE
  5
88E5
330
1F
100
AcDbEntity
  8
Calque1
100
AcDbLine
 10
923.4534562034193
 20
129.7988707162124
 30
0.0
 11
923.4534562034193
 21
132.673516932355
 31
0.0
  0
ARC
  5
88E6
330
1F
100
AcDbEntity
  8
Calque1
100
AcDbCircle
 10
922.4534562034193
 20
129.7988707162124
 30
0.0
 40
1.0
100
AcDbArc
 50
294.8410239733395
 51
0.0
  0
LINE
  5
88E7
330
1F
100
AcDbEntity
  8
Calque1
100
AcDbLine
 10
923.4534562034193
 20
132.673516932355
 30
0.0
 11
923.4534562034193
 21
133.8735172601803
 31
0.0
  0
ARC
  5
88E8
330
1F
100
AcDbEntity
  8
Calque1
100
AcDbCircle
 10
922.6534562034194
 20
133.8735172601803
 30
0.0
 40
0.7999999999999546
100
AcDbArc
 50
0.0
 51
90.0
  0
LINE
  5
88E9
330
1F
100
AcDbEntity
  8
Calque1
100
AcDbLine
 10
922.6534562034194
 20
134.6735172601803
 30
0.0
 11
918.3934562034185
 21
134.6735172601803
 31
0.0
  0
ARC
  5
88EA
330
1F
100
AcDbEntity
  8
Calque1
100
AcDbCircle
 10
918.393456203419
 20
133.8735172601808
 30
0.0
 40
0.7999999999994998
100
AcDbArc
 50
90.00000000002605
 51
180.000000000026
  0
LINE
  5
88EB
330
1F
100
AcDbEntity
  8
Calque1
100
AcDbLine
 10
917.5934562034194
 20
133.8735172601803
 30
0.0
 11
917.5934562034194
 21
132.673516932355
 31
0.0
  0
ARC
  5
88EC
330
1F
100
AcDbEntity
  8
Calque1
100
AcDbCircle
 10
916.7934562034195
 20
132.673516932355
 30
0.0
 40
0.7999999999999546
100
AcDbArc
 50
180.0
 51
0.0
  0
LINE
  5
88ED
330
1F
100
AcDbEntity
  8
Calque1
100
AcDbLine
 10
915.9934562034194
 20
132.673516932355
 30
0.0
 11
913.6830562034186
 21
132.673516932355
 31
0.0
  0
ARC
  5
88EE
330
1F
100
AcDbEntity
  8
Calque1
100
AcDbCircle
 10
912.883056203419
 20
132.673516932355
 30
0.0
 40
0.7999999999994998
100
AcDbArc
 50
180.0
 51
0.0
  0
LINE
  5
88EF
330
1F
100
AcDbEntity
  8
Calque1
100
AcDbLine
 10
912.0830562034196
 20
132.673516932355
 30
0.0
 11
912.0830562034196
 21
135.7646956740562
 31
0.0
  0
ARC
  5
88F0
330
1F
100
AcDbEntity
  8
Calque1
100
AcDbCircle
 10
910.0830562034195
 20
135.7646956740562
 30
0.0
 40
2.0
100
AcDbArc
 50
0.0
 51
58.66011062022715
  0
LINE
  5
88F1
330
1F
100
AcDbEntity
  8
Calque1
100
AcDbLine
 10
898.4938054853264
 20
145.1637809815288
 30
0.0
 11
911.123283925481
 21
137.4728895407632
 31
0.0
  0
ARC
  5
88F2
330
1F
100
AcDbEntity
  8
Calque1
100
AcDbCircle
 10
897.4535777632651
 20
143.4555871148218
 30
0.0
 40
2.0
100
AcDbArc
 50
58.66011062022715
 51
145.0000000000026
  0
LINE
  5
88F3
330
1F
100
AcDbEntity
  8
Calque1
100
AcDbLine
 10
882.2048423161431
 20
122.3374455927358
 30
0.0
 11
890.0116402681661
 21
114.2816719671098
 31
0.0
  0
ARC
  5
88F4
330
1F
100
AcDbEntity
  8
Calque1
100
AcDbCircle
 10
883.6410761819054
 20
123.7292905132772
 30
0.0
 40
2.0
100
AcDbArc
 50
145.0000000000026
 51
224.1007710225911
  0
ARC
  5
88F5
330
1F
100
AcDbEntity
  8
Calque1
100
AcDbCircle
 10
891.4478741339285
 20
115.6735168876512
 30
0.0
 40
2.0
100
AcDbArc
 50
224.1007710225911
 51
270.0
  0
INSERT
  5
88F6
330
1F
100
AcDbEntity
  8
Calque1
100
AcDbBlockReference
  2
FIT
 10
630.96898922431
 20
120.7743092472192
 30
0.0
 50
9.999999999999998
  0
LINE
  5
88F7
330
1F
100
AcDbEntity
  8
Calque1
100
AcDbLine
 10
628.7641353611602
 20
119.362508971215
 30
0.0
 11
633.8997577158304
 21
114.2553753777725
 31
0.0
  0
ARC
  5
88F8
330
1F
100
AcDbEntity
  8
Calque1
100
AcDbCircle
 10
630.17441003581
 20
120.7806504810938
 30
0.0
 40
2.0
100
AcDbArc
 50
160.0000000000108
 51
225.1593596080103
  0
LINE
  5
88F9
330
1F
100
AcDbEntity
  8
Calque1
100
AcDbLine
 10
635.3100323904802
 20
113.6735168876512
 30
0.0
 11
635.4148964356027
 21
113.6735168876512
 31
0.0
  0
ARC
  5
88FA
330
1F
100
AcDbEntity
  8
Calque1
100
AcDbCircle
 10
635.3100323904802
 20
115.6735168876512
 30
0.0
 40
2.0
100
AcDbArc
 50
225.1593596080103
 51
270.0
  0
ARC
  5
88FB
330
1F
100
AcDbEntity
  8
Calque1
100
AcDbCircle
 10
635.4148964356027
 20
114.4735168876514
 30
0.0
 40
0.8000000000001818
100
AcDbArc
 50
270.000000000013
 51
0.0
  0
LINE
  5
88FC
330
1F
100
AcDbEntity
  8
Calque1
100
AcDbLine
 10
636.2148964356026
 20
114.4735168876514
 30
0.0
 11
636.2148964356026
 21
116.6735169323547
 31
0.0
  0
ARC
  5
88FD
330
1F
100
AcDbEntity
  8
Calque1
100
AcDbCircle
 10
637.0148964356026
 20
116.6735169323547
 30
0.0
 40
0.8000000000000682
100
AcDbArc
 50
0.0
 51
180.0
  0
LINE
  5
88FE
330
1F
100
AcDbEntity
  8
Calque1
100
AcDbLine
 10
637.8148964356028
 20
116.6735169323547
 30
0.0
 11
640.3398964356027
 21
116.6735169323547
 31
0.0
  0
ARC
  5
88FF
330
1F
100
AcDbEntity
  8
Calque1
100
AcDbCircle
 10
641.1398964356026
 20
116.6735169323547
 30
0.0
 40
0.8000000000000682
100
AcDbArc
 50
0.0
 51
180.0
  0
LINE
  5
8900
330
1F
100
AcDbEntity
  8
Calque1
100
AcDbLine
 10
641.9398964356028
 20
116.6735169323547
 30
0.0
 11
641.9398964356028
 21
114.4735168876514
 31
0.0
  0
ARC
  5
8901
330
1F
100
AcDbEntity
  8
Calque1
100
AcDbCircle
 10
642.7398964356029
 20
114.4735168876512
 30
0.0
 40
0.8000000000000682
100
AcDbArc
 50
179.999999999987
 51
269.999999999987
  0
LINE
  5
8902
330
1F
100
AcDbEntity
  8
Calque1
100
AcDbLine
 10
642.7398964356028
 20
113.6735168876512
 30
0.0
 11
645.9998964356027
 21
113.6735168876512
 31
0.0
  0
ARC
  5
8903
330
1F
100
AcDbEntity
  8
Calque1
100
AcDbCircle
 10
645.9998964356023
 20
114.473516887651
 30
0.0
 40
0.7999999999997272
100
AcDbArc
 50
270.0000000000391
 51
0.0000000000260551
  0
LINE
  5
8904
330
1F
100
AcDbEntity
  8
Calque1
100
AcDbLine
 10
646.7998964356017
 20
114.4735168876514
 30
0.0
 11
646.7998964356017
 21
116.6735169323547
 31
0.0
  0
ARC
  5
8905
330
1F
100
AcDbEntity
  8
Calque1
100
AcDbCircle
 10
647.5998964356022
 20
116.6735169323547
 30
0.0
 40
0.8000000000005229
100
AcDbArc
 50
0.0
 51
180.0
  0
LINE
  5
8906
330
1F
100
AcDbEntity
  8
Calque1
100
AcDbLine
 10
648.3998964356028
 20
116.6735169323547
 30
0.0
 11
652.9148966740208
 21
116.6735169323547
 31
0.0
  0
LINE
  5
8907
330
1F
100
AcDbEntity
  8
Calque1
100
AcDbLine
 10
575.1871096795041
 20
174.4241068441368
 30
0.0
 11
575.1871096795041
 21
178.693585248976
 31
0.0
  0
ARC
  5
8908
330
1F
100
AcDbEntity
  8
Calque1
100
AcDbCircle
 10
574.3871096795041
 20
174.4241068441368
 30
0.0
 40
0.8
100
AcDbArc
 50
270.0
 51
0.0
  0
LINE
  5
8909
330
1F
100
AcDbEntity
  8
Calque1
100
AcDbLine
 10
666.2148964356027
 20
129.7988707162124
 30
0.0
 11
666.2148964356027
 21
132.673516932355
 31
0.0
  0
ARC
  5
890A
330
1F
100
AcDbEntity
  8
Calque1
100
AcDbCircle
 10
665.2148964356026
 20
129.7988707162124
 30
0.0
 40
1.0
100
AcDbArc
 50
294.8410239733395
 51
0.0
  0
LINE
  5
890B
330
1F
100
AcDbEntity
  8
Calque1
100
AcDbLine
 10
666.2148964356027
 20
132.673516932355
 30
0.0
 11
666.2148964356027
 21
133.8735172601803
 31
0.0
  0
ARC
  5
890C
330
1F
100
AcDbEntity
  8
Calque1
100
AcDbCircle
 10
665.4148964356027
 20
133.8735172601803
 30
0.0
 40
0.7999999999999546
100
AcDbArc
 50
0.0
 51
90.0
  0
LINE
  5
890D
330
1F
100
AcDbEntity
  8
Calque1
100
AcDbLine
 10
665.4148964356027
 20
134.6735172601803
 30
0.0
 11
661.1548964356018
 21
134.6735172601803
 31
0.0
  0
ARC
  5
890E
330
1F
100
AcDbEntity
  8
Calque1
100
AcDbCircle
 10
661.1548964356022
 20
133.8735172601808
 30
0.0
 40
0.7999999999994998
100
AcDbArc
 50
90.00000000002605
 51
180.000000000026
  0
LINE
  5
890F
330
1F
100
AcDbEntity
  8
Calque1
100
AcDbLine
 10
660.3548964356027
 20
133.8735172601803
 30
0.0
 11
660.3548964356027
 21
132.673516932355
 31
0.0
  0
ARC
  5
8910
330
1F
100
AcDbEntity
  8
Calque1
100
AcDbCircle
 10
659.5548964356027
 20
132.673516932355
 30
0.0
 40
0.7999999999999546
100
AcDbArc
 50
180.0
 51
0.0
  0
LINE
  5
8911
330
1F
100
AcDbEntity
  8
Calque1
100
AcDbLine
 10
658.7548964356028
 20
132.673516932355
 30
0.0
 11
656.4444964356018
 21
132.673516932355
 31
0.0
  0
ARC
  5
8912
330
1F
100
AcDbEntity
  8
Calque1
100
AcDbCircle
 10
655.6444964356024
 20
132.673516932355
 30
0.0
 40
0.7999999999994998
100
AcDbArc
 50
180.0
 51
0.0
  0
LINE
  5
8913
330
1F
100
AcDbEntity
  8
Calque1
100
AcDbLine
 10
654.8444964356028
 20
132.673516932355
 30
0.0
 11
654.8444964356028
 21
137.8398830422227
 31
0.0
  0
ARC
  5
8914
330
1F
100
AcDbEntity
  8
Calque1
100
AcDbCircle
 10
652.8444964356029
 20
137.8398830422227
 30
0.0
 40
2.0
100
AcDbArc
 50
0.0
 51
69.3543699074379
  0
LINE
  5
8915
330
1F
100
AcDbEntity
  8
Calque1
100
AcDbLine
 10
639.0738296095314
 20
145.1657131759744
 30
0.0
 11
653.5496704560298
 21
139.7114411099606
 31
0.0
  0
ARC
  5
8916
330
1F
100
AcDbEntity
  8
Calque1
100
AcDbCircle
 10
638.3686555891046
 20
143.2941551082365
 30
0.0
 40
2.0
100
AcDbArc
 50
69.3543699074379
 51
160.0000000000108
  0
INSERT
  5
8917
330
1F
100
AcDbEntity
  8
Calque1
100
AcDbBlockReference
  2
FIT
 10
554.2747678204777
 20
119.7239741108943
 30
0.0
 50
15.0
  0
LINE
  5
8918
330
1F
100
AcDbEntity
  8
Calque1
100
AcDbLine
 10
551.9476991489179
 20
118.5082447385051
 30
0.0
 11
555.2192568180071
 21
114.4232896053095
 31
0.0
  0
ARC
  5
8919
330
1F
100
AcDbEntity
  8
Calque1
100
AcDbCircle
 10
553.508766649857
 20
119.7584720208468
 30
0.0
 40
2.0
100
AcDbArc
 50
165.0000000000055
 51
218.6905288992213
  0
ARC
  5
891A
330
1F
100
AcDbEntity
  8
Calque1
100
AcDbCircle
 10
556.7803243189461
 20
115.6735168876512
 30
0.0
 40
2.0
100
AcDbArc
 50
218.6905288992213
 51
270.0
  0
LINE
  5
891B
330
1F
100
AcDbEntity
  8
Calque1
100
AcDbLine
 10
556.7803243189461
 20
113.6735168876512
 30
0.0
 11
556.8871094410861
 21
113.6735168876512
 31
0.0
  0
ARC
  5
891C
330
1F
100
AcDbEntity
  8
Calque1
100
AcDbCircle
 10
556.8871094410861
 20
114.4735168876514
 30
0.0
 40
0.8000000000001818
100
AcDbArc
 50
270.000000000013
 51
0.0
  0
LINE
  5
891D
330
1F
100
AcDbEntity
  8
Calque1
100
AcDbLine
 10
557.687109441086
 20
114.4735168876514
 30
0.0
 11
557.687109441086
 21
116.6735169323547
 31
0.0
  0
ARC
  5
891E
330
1F
100
AcDbEntity
  8
Calque1
100
AcDbCircle
 10
558.487109441086
 20
116.6735169323547
 30
0.0
 40
0.8000000000000682
100
AcDbArc
 50
0.0
 51
180.0
  0
LINE
  5
891F
330
1F
100
AcDbEntity
  8
Calque1
100
AcDbLine
 10
559.2871094410861
 20
116.6735169323547
 30
0.0
 11
561.8121094410859
 21
116.6735169323547
 31
0.0
  0
ARC
  5
8920
330
1F
100
AcDbEntity
  8
Calque1
100
AcDbCircle
 10
562.6121094410859
 20
116.6735169323547
 30
0.0
 40
0.8000000000000682
100
AcDbArc
 50
0.0
 51
180.0
  0
LINE
  5
8921
330
1F
100
AcDbEntity
  8
Calque1
100
AcDbLine
 10
563.4121094410861
 20
116.6735169323547
 30
0.0
 11
563.4121094410861
 21
114.4735168876514
 31
0.0
  0
ARC
  5
8922
330
1F
100
AcDbEntity
  8
Calque1
100
AcDbCircle
 10
564.2121094410863
 20
114.4735168876512
 30
0.0
 40
0.8000000000000682
100
AcDbArc
 50
179.999999999987
 51
269.999999999987
  0
LINE
  5
8923
330
1F
100
AcDbEntity
  8
Calque1
100
AcDbLine
 10
564.212109441086
 20
113.6735168876512
 30
0.0
 11
567.4721094410861
 21
113.6735168876512
 31
0.0
  0
ARC
  5
8924
330
1F
100
AcDbEntity
  8
Calque1
100
AcDbCircle
 10
567.4721094410856
 20
114.473516887651
 30
0.0
 40
0.7999999999997272
100
AcDbArc
 50
270.0000000000391
 51
0.0000000000260551
  0
LINE
  5
8925
330
1F
100
AcDbEntity
  8
Calque1
100
AcDbLine
 10
568.2721094410851
 20
114.4735168876514
 30
0.0
 11
568.2721094410851
 21
116.6735169323547
 31
0.0
  0
ARC
  5
8926
330
1F
100
AcDbEntity
  8
Calque1
100
AcDbCircle
 10
569.0721094410855
 20
116.6735169323547
 30
0.0
 40
0.8000000000005229
100
AcDbArc
 50
0.0
 51
180.0
  0
LINE
  5
8927
330
1F
100
AcDbEntity
  8
Calque1
100
AcDbLine
 10
587.6871094410859
 20
129.7988707162124
 30
0.0
 11
587.6871094410859
 21
132.673516932355
 31
0.0
  0
ARC
  5
8928
330
1F
100
AcDbEntity
  8
Calque1
100
AcDbCircle
 10
586.687109441086
 20
129.7988707162124
 30
0.0
 40
1.0
100
AcDbArc
 50
294.8410239733395
 51
0.0
  0
LINE
  5
8929
330
1F
100
AcDbEntity
  8
Calque1
100
AcDbLine
 10
587.6871094410859
 20
132.673516932355
 30
0.0
 11
587.6871094410859
 21
133.8735172601803
 31
0.0
  0
ARC
  5
892A
330
1F
100
AcDbEntity
  8
Calque1
100
AcDbCircle
 10
586.887109441086
 20
133.8735172601803
 30
0.0
 40
0.7999999999999546
100
AcDbArc
 50
0.0
 51
90.0
  0
LINE
  5
892B
330
1F
100
AcDbEntity
  8
Calque1
100
AcDbLine
 10
586.887109441086
 20
134.6735172601803
 30
0.0
 11
582.6271094410851
 21
134.6735172601803
 31
0.0
  0
ARC
  5
892C
330
1F
100
AcDbEntity
  8
Calque1
100
AcDbCircle
 10
582.6271094410856
 20
133.8735172601808
 30
0.0
 40
0.7999999999994998
100
AcDbArc
 50
90.00000000002605
 51
180.000000000026
  0
LINE
  5
892D
330
1F
100
AcDbEntity
  8
Calque1
100
AcDbLine
 10
581.8271094410861
 20
133.8735172601803
 30
0.0
 11
581.8271094410861
 21
132.673516932355
 31
0.0
  0
ARC
  5
892E
330
1F
100
AcDbEntity
  8
Calque1
100
AcDbCircle
 10
581.0271094410861
 20
132.673516932355
 30
0.0
 40
0.7999999999999546
100
AcDbArc
 50
180.0
 51
0.0
  0
LINE
  5
892F
330
1F
100
AcDbEntity
  8
Calque1
100
AcDbLine
 10
580.2271094410862
 20
132.673516932355
 30
0.0
 11
577.9167094410852
 21
132.673516932355
 31
0.0
  0
ARC
  5
8930
330
1F
100
AcDbEntity
  8
Calque1
100
AcDbCircle
 10
577.1167094410857
 20
132.673516932355
 30
0.0
 40
0.7999999999994998
100
AcDbArc
 50
180.0
 51
0.0
  0
LINE
  5
8931
330
1F
100
AcDbEntity
  8
Calque1
100
AcDbLine
 10
576.3167094410862
 20
132.673516932355
 30
0.0
 11
576.3167094410862
 21
136.6042148166507
 31
0.0
  0
ARC
  5
8932
330
1F
100
AcDbEntity
  8
Calque1
100
AcDbCircle
 10
574.3167094410862
 20
136.6042148166507
 30
0.0
 40
2.0
100
AcDbArc
 50
0.0
 51
14.99999999999445
  0
LINE
  5
8933
330
1F
100
AcDbEntity
  8
Calque1
100
AcDbLine
 10
560.2244593117229
 20
144.7420367026882
 30
0.0
 11
574.237660923046
 21
140.831783682009
 31
0.0
  0
ARC
  5
8934
330
1F
100
AcDbEntity
  8
Calque1
100
AcDbCircle
 10
559.6869133983755
 20
142.8156295829331
 30
0.0
 40
2.0
100
AcDbArc
 50
74.40873632886294
 51
165.0000000000055
  0
LINE
  5
8935
330
1F
100
AcDbEntity
  8
Calque1
100
AcDbLine
 10
576.3469057862244
 20
123.9100821581369
 30
0.0
 11
587.1072113877257
 21
128.8913937994651
 31
0.0
  0
ARC
  5
8936
330
1F
100
AcDbEntity
  8
Calque1
100
AcDbCircle
 10
577.1871096795041
 20
122.0951283246421
 30
0.0
 40
2.0
100
AcDbArc
 50
114.8410239733401
 51
180.0
  0
LINE
  5
8937
330
1F
100
AcDbEntity
  8
Calque1
100
AcDbLine
 10
654.874692780741
 20
123.9100821581369
 30
0.0
 11
665.6349983822424
 21
128.8913937994651
 31
0.0
  0
ARC
  5
8938
330
1F
100
AcDbEntity
  8
Calque1
100
AcDbCircle
 10
655.7148966740207
 20
122.0951283246421
 30
0.0
 40
2.0
100
AcDbArc
 50
114.8410239733401
 51
180.0
  0
LINE
  5
8939
330
1F
100
AcDbEntity
  8
Calque1
100
AcDbLine
 10
741.1445782149208
 20
123.9100821581369
 30
0.0
 11
751.9048838164222
 21
128.8913937994651
 31
0.0
  0
ARC
  5
893A
330
1F
100
AcDbEntity
  8
Calque1
100
AcDbCircle
 10
741.9847821082005
 20
122.0951283246421
 30
0.0
 40
2.0
100
AcDbArc
 50
114.8410239733401
 51
180.0
  0
LINE
  5
893B
330
1F
100
AcDbEntity
  8
Calque1
100
AcDbLine
 10
820.1718999286427
 20
123.9100821581369
 30
0.0
 11
830.9322055301441
 21
128.8913937994651
 31
0.0
  0
ARC
  5
893C
330
1F
100
AcDbEntity
  8
Calque1
100
AcDbCircle
 10
821.0121038219224
 20
122.0951283246421
 30
0.0
 40
2.0
100
AcDbArc
 50
114.8410239733401
 51
180.0
  0
LINE
  5
893D
330
1F
100
AcDbEntity
  8
Calque1
100
AcDbLine
 10
912.1132525485577
 20
123.9100821581369
 30
0.0
 11
922.8735581500592
 21
128.8913937994651
 31
0.0
  0
ARC
  5
893E
330
1F
100
AcDbEntity
  8
Calque1
100
AcDbCircle
 10
912.9534564418374
 20
122.0951283246421
 30
0.0
 40
2.0
100
AcDbArc
 50
114.8410239733401
 51
180.0
  0
INSERT
  5
893F
330
1F
100
AcDbEntity
  8
Calque1
100
AcDbBlockReference
  2
FIT
 10
794.258808339809
 20
65.52058867540023
 30
0.0
  0
LINE
  5
8940
330
1F
100
AcDbEntity
  8
Calque1
100
AcDbLine
 10
799.4964755988115
 20
56.6257815459158
 30
0.0
 11
800.7121035835043
 21
56.6257815459158
 31
0.0
  0
ARC
  5
8941
330
1F
100
AcDbEntity
  8
Calque1
100
AcDbCircle
 10
800.7121035835043
 20
57.42578154591598
 30
0.0
 40
0.8000000000001818
100
AcDbArc
 50
270.000000000013
 51
0.0
  0
LINE
  5
8942
330
1F
100
AcDbEntity
  8
Calque1
100
AcDbLine
 10
801.5121035835043
 20
57.42578154591598
 30
0.0
 11
801.5121035835043
 21
59.62578159061928
 31
0.0
  0
ARC
  5
8943
330
1F
100
AcDbEntity
  8
Calque1
100
AcDbCircle
 10
802.3121035835043
 20
59.62578159061928
 30
0.0
 40
0.8000000000000682
100
AcDbArc
 50
0.0
 51
180.0
  0
LINE
  5
8944
330
1F
100
AcDbEntity
  8
Calque1
100
AcDbLine
 10
803.1121035835043
 20
59.62578159061928
 30
0.0
 11
805.6371035835043
 21
59.62578159061928
 31
0.0
  0
ARC
  5
8945
330
1F
100
AcDbEntity
  8
Calque1
100
AcDbCircle
 10
806.4371035835042
 20
59.62578159061928
 30
0.0
 40
0.8000000000000682
100
AcDbArc
 50
0.0
 51
180.0
  0
LINE
  5
8946
330
1F
100
AcDbEntity
  8
Calque1
100
AcDbLine
 10
807.2371035835043
 20
59.62578159061928
 30
0.0
 11
807.2371035835043
 21
57.42578154591598
 31
0.0
  0
ARC
  5
8947
330
1F
100
AcDbEntity
  8
Calque1
100
AcDbCircle
 10
808.0371035835046
 20
57.42578154591598
 30
0.0
 40
0.8000000000000682
100
AcDbArc
 50
179.999999999987
 51
269.999999999987
  0
LINE
  5
8948
330
1F
100
AcDbEntity
  8
Calque1
100
AcDbLine
 10
808.0371035835044
 20
56.6257815459158
 30
0.0
 11
811.2971035835043
 21
56.6257815459158
 31
0.0
  0
ARC
  5
8949
330
1F
100
AcDbEntity
  8
Calque1
100
AcDbCircle
 10
811.2971035835039
 20
57.42578154591552
 30
0.0
 40
0.7999999999997272
100
AcDbArc
 50
270.0000000000391
 51
0.0000000000260551
  0
LINE
  5
894A
330
1F
100
AcDbEntity
  8
Calque1
100
AcDbLine
 10
812.0971035835035
 20
57.42578154591598
 30
0.0
 11
812.0971035835035
 21
59.62578159061928
 31
0.0
  0
ARC
  5
894B
330
1F
100
AcDbEntity
  8
Calque1
100
AcDbCircle
 10
812.8971035835037
 20
59.62578159061928
 30
0.0
 40
0.8000000000005229
100
AcDbArc
 50
0.0
 51
180.0
  0
LINE
  5
894C
330
1F
100
AcDbEntity
  8
Calque1
100
AcDbLine
 10
813.6971035835044
 20
59.62578159061928
 30
0.0
 11
818.2121038219225
 21
59.62578159061928
 31
0.0
  0
LINE
  5
894D
330
1F
100
AcDbEntity
  8
Calque1
100
AcDbLine
 10
831.5121035835042
 20
75.28552055092501
 30
0.0
 11
831.5121035835042
 21
77.62578159061928
 31
0.0
  0
ARC
  5
894E
330
1F
100
AcDbEntity
  8
Calque1
100
AcDbCircle
 10
830.5121035835043
 20
75.28552055092501
 30
0.0
 40
1.0
100
AcDbArc
 50
303.7612270571553
 51
0.0
  0
LINE
  5
894F
330
1F
100
AcDbEntity
  8
Calque1
100
AcDbLine
 10
831.5121035835042
 20
77.62578159061928
 30
0.0
 11
831.5121035835042
 21
78.82578191844465
 31
0.0
  0
ARC
  5
8950
330
1F
100
AcDbEntity
  8
Calque1
100
AcDbCircle
 10
830.7121035835043
 20
78.82578191844465
 30
0.0
 40
0.7999999999999546
100
AcDbArc
 50
0.0
 51
90.0
  0
LINE
  5
8951
330
1F
100
AcDbEntity
  8
Calque1
100
AcDbLine
 10
830.7121035835043
 20
79.62578191844483
 30
0.0
 11
826.4521035835034
 21
79.62578191844483
 31
0.0
  0
ARC
  5
8952
330
1F
100
AcDbEntity
  8
Calque1
100
AcDbCircle
 10
826.452103583504
 20
78.82578191844555
 30
0.0
 40
0.7999999999994998
100
AcDbArc
 50
90.00000000002605
 51
180.000000000026
  0
LINE
  5
8953
330
1F
100
AcDbEntity
  8
Calque1
100
AcDbLine
 10
825.6521035835044
 20
78.82578191844465
 30
0.0
 11
825.6521035835044
 21
77.62578159061928
 31
0.0
  0
ARC
  5
8954
330
1F
100
AcDbEntity
  8
Calque1
100
AcDbCircle
 10
824.8521035835045
 20
77.62578159061928
 30
0.0
 40
0.7999999999999546
100
AcDbArc
 50
180.0
 51
0.0
  0
LINE
  5
8955
330
1F
100
AcDbEntity
  8
Calque1
100
AcDbLine
 10
824.0521035835044
 20
77.62578159061928
 30
0.0
 11
821.7417035835035
 21
77.62578159061928
 31
0.0
  0
ARC
  5
8956
330
1F
100
AcDbEntity
  8
Calque1
100
AcDbCircle
 10
820.941703583504
 20
77.62578159061928
 30
0.0
 40
0.7999999999994998
100
AcDbArc
 50
180.0
 51
0.0
  0
LINE
  5
8957
330
1F
100
AcDbEntity
  8
Calque1
100
AcDbLine
 10
820.1417035835046
 20
77.62578159061928
 30
0.0
 11
820.1417035835046
 21
78.71707730921895
 31
0.0
  0
ARC
  5
8958
330
1F
100
AcDbEntity
  8
Calque1
100
AcDbCircle
 10
818.1417035835044
 20
78.71707730921895
 30
0.0
 40
2.0
100
AcDbArc
 50
0.0
 51
58.72701854151792
  0
LINE
  5
8959
330
1F
100
AcDbEntity
  8
Calque1
100
AcDbLine
 10
791.7149550457764
 20
66.6121635826949
 30
0.0
 11
793.3025810024584
 21
69.36201240308361
 31
0.0
  0
LINE
  5
895A
330
1F
100
AcDbEntity
  8
Calque1
100
AcDbLine
 10
801.9479114642836
 20
84.33616401119122
 30
0.0
 11
803.7280370531851
 21
87.41943197502228
 31
0.0
  0
ARC
  5
895B
330
1F
100
AcDbEntity
  8
Calque1
100
AcDbCircle
 10
793.4470058533451
 20
65.6121635826949
 30
0.0
 40
2.0
100
AcDbArc
 50
150.0000000000009
 51
220.8891083588532
  0
LINE
  5
895C
330
1F
100
AcDbEntity
  8
Calque1
100
AcDbLine
 10
806.4983201075179
 20
88.12883941673414
 30
0.0
 11
819.1799358302684
 21
80.42648475093079
 31
0.0
  0
ARC
  5
895D
330
1F
100
AcDbEntity
  8
Calque1
100
AcDbCircle
 10
805.4600878607539
 20
86.41943197502229
 30
0.0
 40
2.0
100
AcDbArc
 50
58.72701854151792
 51
150.0000000000009
  0
LINE
  5
895E
330
1F
100
AcDbEntity
  8
Calque1
100
AcDbLine
 10
791.9350500164162
 20
64.30296934684708
 30
0.0
 11
797.9845197618827
 21
57.31658731006797
 31
0.0
  0
ARC
  5
895F
330
1F
100
AcDbEntity
  8
Calque1
100
AcDbCircle
 10
799.4964755988115
 20
58.6257815459158
 30
0.0
 40
2.0
100
AcDbArc
 50
220.8891083588532
 51
270.0
  0
INSERT
  5
8960
330
1F
100
AcDbEntity
  8
Calque1
100
AcDbBlockReference
  2
FIT
 10
717.0206203206226
 20
64.5927520897522
 30
0.0
 50
5.0
  0
LINE
  5
8961
330
1F
100
AcDbEntity
  8
Calque1
100
AcDbLine
 10
714.7252622129965
 20
63.31817579354953
 30
0.0
 11
720.0800649561183
 21
57.29672131415106
 31
0.0
  0
LINE
  5
8962
330
1F
100
AcDbEntity
  8
Calque1
100
AcDbLine
 10
721.5745879236037
 20
56.6257815459158
 30
0.0
 11
721.6847818697824
 21
56.6257815459158
 31
0.0
  0
ARC
  5
8963
330
1F
100
AcDbEntity
  8
Calque1
100
AcDbCircle
 10
721.5745879236037
 20
58.6257815459158
 30
0.0
 40
2.0
100
AcDbArc
 50
221.6462872584281
 51
270.0
  0
ARC
  5
8964
330
1F
100
AcDbEntity
  8
Calque1
100
AcDbCircle
 10
721.6847818697824
 20
57.42578154591598
 30
0.0
 40
0.8000000000001818
100
AcDbArc
 50
270.000000000013
 51
0.0
  0
LINE
  5
8965
330
1F
100
AcDbEntity
  8
Calque1
100
AcDbLine
 10
722.4847818697824
 20
57.42578154591598
 30
0.0
 11
722.4847818697824
 21
59.62578159061928
 31
0.0
  0
ARC
  5
8966
330
1F
100
AcDbEntity
  8
Calque1
100
AcDbCircle
 10
723.2847818697823
 20
59.62578159061928
 30
0.0
 40
0.8000000000000682
100
AcDbArc
 50
0.0
 51
180.0
  0
LINE
  5
8967
330
1F
100
AcDbEntity
  8
Calque1
100
AcDbLine
 10
724.0847818697825
 20
59.62578159061928
 30
0.0
 11
726.6097818697824
 21
59.62578159061928
 31
0.0
  0
ARC
  5
8968
330
1F
100
AcDbEntity
  8
Calque1
100
AcDbCircle
 10
727.4097818697823
 20
59.62578159061928
 30
0.0
 40
0.8000000000000682
100
AcDbArc
 50
0.0
 51
180.0
  0
LINE
  5
8969
330
1F
100
AcDbEntity
  8
Calque1
100
AcDbLine
 10
728.2097818697825
 20
59.62578159061928
 30
0.0
 11
728.2097818697825
 21
57.42578154591598
 31
0.0
  0
ARC
  5
896A
330
1F
100
AcDbEntity
  8
Calque1
100
AcDbCircle
 10
729.0097818697827
 20
57.42578154591598
 30
0.0
 40
0.8000000000000682
100
AcDbArc
 50
179.999999999987
 51
269.999999999987
  0
LINE
  5
896B
330
1F
100
AcDbEntity
  8
Calque1
100
AcDbLine
 10
729.0097818697825
 20
56.6257815459158
 30
0.0
 11
732.2697818697824
 21
56.6257815459158
 31
0.0
  0
ARC
  5
896C
330
1F
100
AcDbEntity
  8
Calque1
100
AcDbCircle
 10
732.269781869782
 20
57.42578154591552
 30
0.0
 40
0.7999999999997272
100
AcDbArc
 50
270.0000000000391
 51
0.0000000000260551
  0
LINE
  5
896D
330
1F
100
AcDbEntity
  8
Calque1
100
AcDbLine
 10
733.0697818697815
 20
57.42578154591598
 30
0.0
 11
733.0697818697815
 21
59.62578159061928
 31
0.0
  0
ARC
  5
896E
330
1F
100
AcDbEntity
  8
Calque1
100
AcDbCircle
 10
733.8697818697819
 20
59.62578159061928
 30
0.0
 40
0.8000000000005229
100
AcDbArc
 50
0.0
 51
180.0
  0
LINE
  5
896F
330
1F
100
AcDbEntity
  8
Calque1
100
AcDbLine
 10
734.6697818697825
 20
59.62578159061928
 30
0.0
 11
739.1847821082006
 21
59.62578159061928
 31
0.0
  0
LINE
  5
8970
330
1F
100
AcDbEntity
  8
Calque1
100
AcDbLine
 10
752.4847818697824
 20
75.28552055092501
 30
0.0
 11
752.4847818697824
 21
77.62578159061928
 31
0.0
  0
ARC
  5
8971
330
1F
100
AcDbEntity
  8
Calque1
100
AcDbCircle
 10
751.4847818697823
 20
75.28552055092501
 30
0.0
 40
1.0
100
AcDbArc
 50
303.7612270571553
 51
0.0
  0
LINE
  5
8972
330
1F
100
AcDbEntity
  8
Calque1
100
AcDbLine
 10
752.4847818697824
 20
77.62578159061928
 30
0.0
 11
752.4847818697824
 21
78.82578191844465
 31
0.0
  0
ARC
  5
8973
330
1F
100
AcDbEntity
  8
Calque1
100
AcDbCircle
 10
751.6847818697824
 20
78.82578191844465
 30
0.0
 40
0.7999999999999546
100
AcDbArc
 50
0.0
 51
90.0
  0
LINE
  5
8974
330
1F
100
AcDbEntity
  8
Calque1
100
AcDbLine
 10
751.6847818697824
 20
79.62578191844483
 30
0.0
 11
747.4247818697815
 21
79.62578191844483
 31
0.0
  0
ARC
  5
8975
330
1F
100
AcDbEntity
  8
Calque1
100
AcDbCircle
 10
747.4247818697819
 20
78.82578191844555
 30
0.0
 40
0.7999999999994998
100
AcDbArc
 50
90.00000000002605
 51
180.000000000026
  0
LINE
  5
8976
330
1F
100
AcDbEntity
  8
Calque1
100
AcDbLine
 10
746.6247818697825
 20
78.82578191844465
 30
0.0
 11
746.6247818697825
 21
77.62578159061928
 31
0.0
  0
ARC
  5
8977
330
1F
100
AcDbEntity
  8
Calque1
100
AcDbCircle
 10
745.8247818697826
 20
77.62578159061928
 30
0.0
 40
0.7999999999999546
100
AcDbArc
 50
180.0
 51
0.0
  0
LINE
  5
8978
330
1F
100
AcDbEntity
  8
Calque1
100
AcDbLine
 10
745.0247818697826
 20
77.62578159061928
 30
0.0
 11
742.7143818697816
 21
77.62578159061928
 31
0.0
  0
ARC
  5
8979
330
1F
100
AcDbEntity
  8
Calque1
100
AcDbCircle
 10
741.9143818697821
 20
77.62578159061928
 30
0.0
 40
0.7999999999994998
100
AcDbArc
 50
180.0
 51
0.0
  0
LINE
  5
897A
330
1F
100
AcDbEntity
  8
Calque1
100
AcDbLine
 10
741.1143818697826
 20
77.62578159061928
 30
0.0
 11
741.1143818697826
 21
80.18652160817016
 31
0.0
  0
ARC
  5
897B
330
1F
100
AcDbEntity
  8
Calque1
100
AcDbCircle
 10
739.1143818697826
 20
80.18652160817016
 30
0.0
 40
2.0
100
AcDbArc
 50
0.0
 51
64.0549635526243
  0
LINE
  5
897C
330
1F
100
AcDbEntity
  8
Calque1
100
AcDbLine
 10
727.2346806215785
 20
88.19070282034278
 30
0.0
 11
739.9893993430151
 21
81.9849499279922
 31
0.0
  0
ARC
  5
897D
330
1F
100
AcDbEntity
  8
Calque1
100
AcDbCircle
 10
726.359663148346
 20
86.39227450052073
 30
0.0
 40
2.0
100
AcDbArc
 50
64.0549635526243
 51
155.0000000000051
  0
INSERT
  5
897E
330
1F
100
AcDbEntity
  8
Calque1
100
AcDbBlockReference
  2
FIT
 10
884.498701745821
 20
66.60082783874083
 30
0.0
 50
355.0
  0
LINE
  5
897F
330
1F
100
AcDbEntity
  8
Calque1
100
AcDbLine
 10
891.4478741339285
 20
56.6257815459158
 30
0.0
 11
892.6534562034193
 21
56.6257815459158
 31
0.0
  0
ARC
  5
8980
330
1F
100
AcDbEntity
  8
Calque1
100
AcDbCircle
 10
892.6534562034193
 20
57.42578154591598
 30
0.0
 40
0.8000000000001818
100
AcDbArc
 50
270.000000000013
 51
0.0
  0
LINE
  5
8981
330
1F
100
AcDbEntity
  8
Calque1
100
AcDbLine
 10
893.4534562034194
 20
57.42578154591598
 30
0.0
 11
893.4534562034194
 21
59.62578159061928
 31
0.0
  0
ARC
  5
8982
330
1F
100
AcDbEntity
  8
Calque1
100
AcDbCircle
 10
894.2534562034193
 20
59.62578159061928
 30
0.0
 40
0.8000000000000682
100
AcDbArc
 50
0.0
 51
180.0
  0
LINE
  5
8983
330
1F
100
AcDbEntity
  8
Calque1
100
AcDbLine
 10
895.0534562034194
 20
59.62578159061928
 30
0.0
 11
897.5784562034194
 21
59.62578159061928
 31
0.0
  0
ARC
  5
8984
330
1F
100
AcDbEntity
  8
Calque1
100
AcDbCircle
 10
898.3784562034193
 20
59.62578159061928
 30
0.0
 40
0.8000000000000682
100
AcDbArc
 50
0.0
 51
180.0
  0
LINE
  5
8985
330
1F
100
AcDbEntity
  8
Calque1
100
AcDbLine
 10
899.1784562034196
 20
59.62578159061928
 30
0.0
 11
899.1784562034196
 21
57.42578154591598
 31
0.0
  0
ARC
  5
8986
330
1F
100
AcDbEntity
  8
Calque1
100
AcDbCircle
 10
899.9784562034196
 20
57.42578154591598
 30
0.0
 40
0.8000000000000682
100
AcDbArc
 50
179.999999999987
 51
269.999999999987
  0
LINE
  5
8987
330
1F
100
AcDbEntity
  8
Calque1
100
AcDbLine
 10
899.9784562034195
 20
56.6257815459158
 30
0.0
 11
903.2384562034193
 21
56.6257815459158
 31
0.0
  0
ARC
  5
8988
330
1F
100
AcDbEntity
  8
Calque1
100
AcDbCircle
 10
903.238456203419
 20
57.42578154591552
 30
0.0
 40
0.7999999999997272
100
AcDbArc
 50
270.0000000000391
 51
0.0000000000260551
  0
LINE
  5
8989
330
1F
100
AcDbEntity
  8
Calque1
100
AcDbLine
 10
904.0384562034185
 20
57.42578154591598
 30
0.0
 11
904.0384562034185
 21
59.62578159061928
 31
0.0
  0
ARC
  5
898A
330
1F
100
AcDbEntity
  8
Calque1
100
AcDbCircle
 10
904.8384562034188
 20
59.62578159061928
 30
0.0
 40
0.8000000000005229
100
AcDbArc
 50
0.0
 51
180.0
  0
LINE
  5
898B
330
1F
100
AcDbEntity
  8
Calque1
100
AcDbLine
 10
905.6384562034194
 20
59.62578159061928
 30
0.0
 11
910.1534564418376
 21
59.62578159061928
 31
0.0
  0
LINE
  5
898C
330
1F
100
AcDbEntity
  8
Calque1
100
AcDbLine
 10
923.4534562034193
 20
75.28552055092501
 30
0.0
 11
923.4534562034193
 21
77.62578159061928
 31
0.0
  0
ARC
  5
898D
330
1F
100
AcDbEntity
  8
Calque1
100
AcDbCircle
 10
922.4534562034193
 20
75.28552055092501
 30
0.0
 40
1.0
100
AcDbArc
 50
303.7612270571553
 51
0.0
  0
LINE
  5
898E
330
1F
100
AcDbEntity
  8
Calque1
100
AcDbLine
 10
923.4534562034193
 20
77.62578159061928
 30
0.0
 11
923.4534562034193
 21
78.82578191844465
 31
0.0
  0
ARC
  5
898F
330
1F
100
AcDbEntity
  8
Calque1
100
AcDbCircle
 10
922.6534562034194
 20
78.82578191844465
 30
0.0
 40
0.7999999999999546
100
AcDbArc
 50
0.0
 51
90.0
  0
LINE
  5
8990
330
1F
100
AcDbEntity
  8
Calque1
100
AcDbLine
 10
922.6534562034194
 20
79.62578191844483
 30
0.0
 11
918.3934562034185
 21
79.62578191844483
 31
0.0
  0
ARC
  5
8991
330
1F
100
AcDbEntity
  8
Calque1
100
AcDbCircle
 10
918.393456203419
 20
78.82578191844555
 30
0.0
 40
0.7999999999994998
100
AcDbArc
 50
90.00000000002605
 51
180.000000000026
  0
LINE
  5
8992
330
1F
100
AcDbEntity
  8
Calque1
100
AcDbLine
 10
917.5934562034194
 20
78.82578191844465
 30
0.0
 11
917.5934562034194
 21
77.62578159061928
 31
0.0
  0
ARC
  5
8993
330
1F
100
AcDbEntity
  8
Calque1
100
AcDbCircle
 10
916.7934562034195
 20
77.62578159061928
 30
0.0
 40
0.7999999999999546
100
AcDbArc
 50
180.0
 51
0.0
  0
LINE
  5
8994
330
1F
100
AcDbEntity
  8
Calque1
100
AcDbLine
 10
915.9934562034194
 20
77.62578159061928
 30
0.0
 11
913.6830562034186
 21
77.62578159061928
 31
0.0
  0
ARC
  5
8995
330
1F
100
AcDbEntity
  8
Calque1
100
AcDbCircle
 10
912.883056203419
 20
77.62578159061928
 30
0.0
 40
0.7999999999994998
100
AcDbArc
 50
180.0
 51
0.0
  0
LINE
  5
8996
330
1F
100
AcDbEntity
  8
Calque1
100
AcDbLine
 10
912.0830562034196
 20
77.62578159061928
 30
0.0
 11
912.0830562034196
 21
78.71696033232097
 31
0.0
  0
ARC
  5
8997
330
1F
100
AcDbEntity
  8
Calque1
100
AcDbCircle
 10
910.0830562034195
 20
78.71696033232097
 30
0.0
 40
2.0
100
AcDbArc
 50
0.0
 51
58.66011062022715
  0
LINE
  5
8998
330
1F
100
AcDbEntity
  8
Calque1
100
AcDbLine
 10
898.4938054853262
 20
88.11604563979342
 30
0.0
 11
911.123283925481
 21
80.42515419902798
 31
0.0
  0
ARC
  5
8999
330
1F
100
AcDbEntity
  8
Calque1
100
AcDbCircle
 10
897.4535777632651
 20
86.40785177308641
 30
0.0
 40
2.0
100
AcDbArc
 50
58.66011062022715
 51
145.0000000000026
  0
LINE
  5
899A
330
1F
100
AcDbEntity
  8
Calque1
100
AcDbLine
 10
882.204842316143
 20
65.2897102510006
 30
0.0
 11
890.0116402681661
 21
57.23393662537461
 31
0.0
  0
ARC
  5
899B
330
1F
100
AcDbEntity
  8
Calque1
100
AcDbCircle
 10
883.6410761819054
 20
66.68155517154224
 30
0.0
 40
2.0
100
AcDbArc
 50
145.0000000000026
 51
224.1007710225911
  0
ARC
  5
899C
330
1F
100
AcDbEntity
  8
Calque1
100
AcDbCircle
 10
891.4478741339285
 20
58.6257815459158
 30
0.0
 40
2.0
100
AcDbArc
 50
224.1007710225911
 51
270.0
  0
INSERT
  5
899D
330
1F
100
AcDbEntity
  8
Calque1
100
AcDbBlockReference
  2
FIT
 10
630.96898922431
 20
63.7265739054838
 30
0.0
 50
9.999999999999998
  0
LINE
  5
899E
330
1F
100
AcDbEntity
  8
Calque1
100
AcDbLine
 10
628.76413536116
 20
62.31477362947959
 30
0.0
 11
633.8997577158304
 21
57.20764003603704
 31
0.0
  0
ARC
  5
899F
330
1F
100
AcDbEntity
  8
Calque1
100
AcDbCircle
 10
630.17441003581
 20
63.73291513935834
 30
0.0
 40
2.0
100
AcDbArc
 50
160.0000000000108
 51
225.1593596080103
  0
LINE
  5
89A0
330
1F
100
AcDbEntity
  8
Calque1
100
AcDbLine
 10
635.3100323904802
 20
56.6257815459158
 30
0.0
 11
635.4148964356027
 21
56.6257815459158
 31
0.0
  0
ARC
  5
89A1
330
1F
100
AcDbEntity
  8
Calque1
100
AcDbCircle
 10
635.3100323904802
 20
58.6257815459158
 30
0.0
 40
2.0
100
AcDbArc
 50
225.1593596080103
 51
270.0
  0
ARC
  5
89A2
330
1F
100
AcDbEntity
  8
Calque1
100
AcDbCircle
 10
635.4148964356027
 20
57.42578154591598
 30
0.0
 40
0.8000000000001818
100
AcDbArc
 50
270.000000000013
 51
0.0
  0
LINE
  5
89A3
330
1F
100
AcDbEntity
  8
Calque1
100
AcDbLine
 10
636.2148964356026
 20
57.42578154591598
 30
0.0
 11
636.2148964356026
 21
59.62578159061928
 31
0.0
  0
ARC
  5
89A4
330
1F
100
AcDbEntity
  8
Calque1
100
AcDbCircle
 10
637.0148964356026
 20
59.62578159061928
 30
0.0
 40
0.8000000000000682
100
AcDbArc
 50
0.0
 51
180.0
  0
LINE
  5
89A5
330
1F
100
AcDbEntity
  8
Calque1
100
AcDbLine
 10
637.8148964356028
 20
59.62578159061928
 30
0.0
 11
640.3398964356027
 21
59.62578159061928
 31
0.0
  0
ARC
  5
89A6
330
1F
100
AcDbEntity
  8
Calque1
100
AcDbCircle
 10
641.1398964356026
 20
59.62578159061928
 30
0.0
 40
0.8000000000000682
100
AcDbArc
 50
0.0
 51
180.0
  0
LINE
  5
89A7
330
1F
100
AcDbEntity
  8
Calque1
100
AcDbLine
 10
641.9398964356028
 20
59.62578159061928
 30
0.0
 11
641.9398964356028
 21
57.42578154591598
 31
0.0
  0
ARC
  5
89A8
330
1F
100
AcDbEntity
  8
Calque1
100
AcDbCircle
 10
642.7398964356029
 20
57.42578154591598
 30
0.0
 40
0.8000000000000682
100
AcDbArc
 50
179.999999999987
 51
269.999999999987
  0
LINE
  5
89A9
330
1F
100
AcDbEntity
  8
Calque1
100
AcDbLine
 10
642.7398964356028
 20
56.6257815459158
 30
0.0
 11
645.9998964356027
 21
56.6257815459158
 31
0.0
  0
ARC
  5
89AA
330
1F
100
AcDbEntity
  8
Calque1
100
AcDbCircle
 10
645.9998964356023
 20
57.42578154591552
 30
0.0
 40
0.7999999999997272
100
AcDbArc
 50
270.0000000000391
 51
0.0000000000260551
  0
LINE
  5
89AB
330
1F
100
AcDbEntity
  8
Calque1
100
AcDbLine
 10
646.7998964356017
 20
57.42578154591598
 30
0.0
 11
646.7998964356017
 21
59.62578159061928
 31
0.0
  0
ARC
  5
89AC
330
1F
100
AcDbEntity
  8
Calque1
100
AcDbCircle
 10
647.5998964356022
 20
59.62578159061928
 30
0.0
 40
0.8000000000005229
100
AcDbArc
 50
0.0
 51
180.0
  0
LINE
  5
89AD
330
1F
100
AcDbEntity
  8
Calque1
100
AcDbLine
 10
648.3998964356028
 20
59.62578159061928
 30
0.0
 11
652.9148966740208
 21
59.62578159061928
 31
0.0
  0
LINE
  5
89AE
330
1F
100
AcDbEntity
  8
Calque1
100
AcDbLine
 10
666.2148964356027
 20
75.28552055092501
 30
0.0
 11
666.2148964356027
 21
77.62578159061928
 31
0.0
  0
ARC
  5
89AF
330
1F
100
AcDbEntity
  8
Calque1
100
AcDbCircle
 10
665.2148964356026
 20
75.28552055092501
 30
0.0
 40
1.0
100
AcDbArc
 50
303.7612270571553
 51
0.0
  0
LINE
  5
89B0
330
1F
100
AcDbEntity
  8
Calque1
100
AcDbLine
 10
666.2148964356027
 20
77.62578159061928
 30
0.0
 11
666.2148964356027
 21
78.82578191844465
 31
0.0
  0
ARC
  5
89B1
330
1F
100
AcDbEntity
  8
Calque1
100
AcDbCircle
 10
665.4148964356027
 20
78.82578191844465
 30
0.0
 40
0.7999999999999546
100
AcDbArc
 50
0.0
 51
90.0
  0
LINE
  5
89B2
330
1F
100
AcDbEntity
  8
Calque1
100
AcDbLine
 10
665.4148964356027
 20
79.62578191844483
 30
0.0
 11
661.1548964356018
 21
79.62578191844483
 31
0.0
  0
ARC
  5
89B3
330
1F
100
AcDbEntity
  8
Calque1
100
AcDbCircle
 10
661.1548964356022
 20
78.82578191844555
 30
0.0
 40
0.7999999999994998
100
AcDbArc
 50
90.00000000002605
 51
180.000000000026
  0
LINE
  5
89B4
330
1F
100
AcDbEntity
  8
Calque1
100
AcDbLine
 10
660.3548964356027
 20
78.82578191844465
 30
0.0
 11
660.3548964356027
 21
77.62578159061928
 31
0.0
  0
ARC
  5
89B5
330
1F
100
AcDbEntity
  8
Calque1
100
AcDbCircle
 10
659.5548964356027
 20
77.62578159061928
 30
0.0
 40
0.7999999999999546
100
AcDbArc
 50
180.0
 51
0.0
  0
LINE
  5
89B6
330
1F
100
AcDbEntity
  8
Calque1
100
AcDbLine
 10
658.7548964356028
 20
77.62578159061928
 30
0.0
 11
656.4444964356018
 21
77.62578159061928
 31
0.0
  0
ARC
  5
89B7
330
1F
100
AcDbEntity
  8
Calque1
100
AcDbCircle
 10
655.6444964356024
 20
77.62578159061928
 30
0.0
 40
0.7999999999994998
100
AcDbArc
 50
180.0
 51
0.0
  0
LINE
  5
89B8
330
1F
100
AcDbEntity
  8
Calque1
100
AcDbLine
 10
654.8444964356028
 20
77.62578159061928
 30
0.0
 11
654.8444964356028
 21
80.79214770048753
 31
0.0
  0
ARC
  5
89B9
330
1F
100
AcDbEntity
  8
Calque1
100
AcDbCircle
 10
652.8444964356029
 20
80.79214770048753
 30
0.0
 40
2.0
100
AcDbArc
 50
0.0
 51
69.3543699074379
  0
LINE
  5
89BA
330
1F
100
AcDbEntity
  8
Calque1
100
AcDbLine
 10
639.0738296095316
 20
88.11797783423896
 30
0.0
 11
653.5496704560298
 21
82.66370576822515
 31
0.0
  0
ARC
  5
89BB
330
1F
100
AcDbEntity
  8
Calque1
100
AcDbCircle
 10
638.3686555891046
 20
86.24641976650087
 30
0.0
 40
2.0
100
AcDbArc
 50
69.3543699074379
 51
159.9999999999978
  0
INSERT
  5
89BC
330
1F
100
AcDbEntity
  8
Calque1
100
AcDbBlockReference
  2
FIT
 10
554.2747678204777
 20
62.67623876915883
 30
0.0
 50
15.0
  0
LINE
  5
89BD
330
1F
100
AcDbEntity
  8
Calque1
100
AcDbLine
 10
551.9476991489182
 20
61.46050939676939
 30
0.0
 11
555.2192568180071
 21
57.37555426357409
 31
0.0
  0
ARC
  5
89BE
330
1F
100
AcDbEntity
  8
Calque1
100
AcDbCircle
 10
553.508766649857
 20
62.7107366791111
 30
0.0
 40
2.0
100
AcDbArc
 50
165.0000000000055
 51
218.6905288992213
  0
ARC
  5
89BF
330
1F
100
AcDbEntity
  8
Calque1
100
AcDbCircle
 10
556.7803243189461
 20
58.6257815459158
 30
0.0
 40
2.0
100
AcDbArc
 50
218.6905288992213
 51
270.0
  0
LINE
  5
89C0
330
1F
100
AcDbEntity
  8
Calque1
100
AcDbLine
 10
556.7803243189461
 20
56.6257815459158
 30
0.0
 11
556.8871094410861
 21
56.6257815459158
 31
0.0
  0
ARC
  5
89C1
330
1F
100
AcDbEntity
  8
Calque1
100
AcDbCircle
 10
556.8871094410861
 20
57.42578154591598
 30
0.0
 40
0.8000000000001818
100
AcDbArc
 50
270.000000000013
 51
0.0
  0
LINE
  5
89C2
330
1F
100
AcDbEntity
  8
Calque1
100
AcDbLine
 10
557.687109441086
 20
57.42578154591598
 30
0.0
 11
557.687109441086
 21
59.62578159061928
 31
0.0
  0
ARC
  5
89C3
330
1F
100
AcDbEntity
  8
Calque1
100
AcDbCircle
 10
558.487109441086
 20
59.62578159061928
 30
0.0
 40
0.8000000000000682
100
AcDbArc
 50
0.0
 51
180.0
  0
LINE
  5
89C4
330
1F
100
AcDbEntity
  8
Calque1
100
AcDbLine
 10
559.2871094410861
 20
59.62578159061928
 30
0.0
 11
561.8121094410859
 21
59.62578159061928
 31
0.0
  0
ARC
  5
89C5
330
1F
100
AcDbEntity
  8
Calque1
100
AcDbCircle
 10
562.6121094410859
 20
59.62578159061928
 30
0.0
 40
0.8000000000000682
100
AcDbArc
 50
0.0
 51
180.0
  0
LINE
  5
89C6
330
1F
100
AcDbEntity
  8
Calque1
100
AcDbLine
 10
563.4121094410861
 20
59.62578159061928
 30
0.0
 11
563.4121094410861
 21
57.42578154591598
 31
0.0
  0
ARC
  5
89C7
330
1F
100
AcDbEntity
  8
Calque1
100
AcDbCircle
 10
564.2121094410863
 20
57.42578154591598
 30
0.0
 40
0.8000000000000682
100
AcDbArc
 50
179.999999999987
 51
269.999999999987
  0
LINE
  5
89C8
330
1F
100
AcDbEntity
  8
Calque1
100
AcDbLine
 10
564.212109441086
 20
56.6257815459158
 30
0.0
 11
567.4721094410861
 21
56.6257815459158
 31
0.0
  0
ARC
  5
89C9
330
1F
100
AcDbEntity
  8
Calque1
100
AcDbCircle
 10
567.4721094410856
 20
57.42578154591552
 30
0.0
 40
0.7999999999997272
100
AcDbArc
 50
270.0000000000391
 51
0.0000000000260551
  0
LINE
  5
89CA
330
1F
100
AcDbEntity
  8
Calque1
100
AcDbLine
 10
568.2721094410851
 20
57.42578154591598
 30
0.0
 11
568.2721094410851
 21
59.62578159061928
 31
0.0
  0
ARC
  5
89CB
330
1F
100
AcDbEntity
  8
Calque1
100
AcDbCircle
 10
569.0721094410855
 20
59.62578159061928
 30
0.0
 40
0.8000000000005229
100
AcDbArc
 50
0.0
 51
180.0
  0
LINE
  5
89CC
330
1F
100
AcDbEntity
  8
Calque1
100
AcDbLine
 10
587.6871094410859
 20
75.28552055092501
 30
0.0
 11
587.6871094410859
 21
77.62578159061928
 31
0.0
  0
ARC
  5
89CD
330
1F
100
AcDbEntity
  8
Calque1
100
AcDbCircle
 10
586.687109441086
 20
75.28552055092501
 30
0.0
 40
1.0
100
AcDbArc
 50
303.7612270571553
 51
0.0
  0
LINE
  5
89CE
330
1F
100
AcDbEntity
  8
Calque1
100
AcDbLine
 10
587.6871094410859
 20
77.62578159061928
 30
0.0
 11
587.6871094410859
 21
78.82578191844465
 31
0.0
  0
ARC
  5
89CF
330
1F
100
AcDbEntity
  8
Calque1
100
AcDbCircle
 10
586.887109441086
 20
78.82578191844465
 30
0.0
 40
0.7999999999999546
100
AcDbArc
 50
0.0
 51
90.0
  0
LINE
  5
89D0
330
1F
100
AcDbEntity
  8
Calque1
100
AcDbLine
 10
586.887109441086
 20
79.62578191844483
 30
0.0
 11
582.6271094410851
 21
79.62578191844483
 31
0.0
  0
ARC
  5
89D1
330
1F
100
AcDbEntity
  8
Calque1
100
AcDbCircle
 10
582.6271094410856
 20
78.82578191844555
 30
0.0
 40
0.7999999999994998
100
AcDbArc
 50
90.00000000002605
 51
180.000000000026
  0
LINE
  5
89D2
330
1F
100
AcDbEntity
  8
Calque1
100
AcDbLine
 10
581.8271094410861
 20
78.82578191844465
 30
0.0
 11
581.8271094410861
 21
77.62578159061928
 31
0.0
  0
ARC
  5
89D3
330
1F
100
AcDbEntity
  8
Calque1
100
AcDbCircle
 10
581.0271094410861
 20
77.62578159061928
 30
0.0
 40
0.7999999999999546
100
AcDbArc
 50
180.0
 51
0.0
  0
LINE
  5
89D4
330
1F
100
AcDbEntity
  8
Calque1
100
AcDbLine
 10
580.2271094410862
 20
77.62578159061928
 30
0.0
 11
577.9167094410852
 21
77.62578159061928
 31
0.0
  0
ARC
  5
89D5
330
1F
100
AcDbEntity
  8
Calque1
100
AcDbCircle
 10
577.1167094410857
 20
77.62578159061928
 30
0.0
 40
0.7999999999994998
100
AcDbArc
 50
180.0
 51
0.0
  0
LINE
  5
89D6
330
1F
100
AcDbEntity
  8
Calque1
100
AcDbLine
 10
576.3167094410862
 20
77.62578159061928
 30
0.0
 11
576.3167094410862
 21
81.68558630368085
 31
0.0
  0
ARC
  5
89D7
330
1F
100
AcDbEntity
  8
Calque1
100
AcDbCircle
 10
574.3167094410862
 20
81.68558630368085
 30
0.0
 40
2.0
100
AcDbArc
 50
0.0
 51
74.40873632886294
  0
LINE
  5
89D8
330
1F
100
AcDbEntity
  8
Calque1
100
AcDbLine
 10
560.2244593117229
 20
87.69430136095257
 30
0.0
 11
574.8542553544337
 21
83.61199342343576
 31
0.0
  0
ARC
  5
89D9
330
1F
100
AcDbEntity
  8
Calque1
100
AcDbCircle
 10
559.6869133983755
 20
85.76789424119722
 30
0.0
 40
2.0
100
AcDbArc
 50
74.40873632886294
 51
165.0000000000055
  0
LINE
  5
89DA
330
1F
100
AcDbEntity
  8
Calque1
100
AcDbLine
 10
576.0756433833332
 20
66.98931029516558
 30
0.0
 11
587.2428425891714
 21
74.45415981807861
 31
0.0
  0
ARC
  5
89DB
330
1F
100
AcDbEntity
  8
Calque1
100
AcDbCircle
 10
577.1871096795041
 20
65.32658882947254
 30
0.0
 40
2.0
100
AcDbArc
 50
123.7612270571552
 51
180.0
  0
LINE
  5
89DC
330
1F
100
AcDbEntity
  8
Calque1
100
AcDbLine
 10
654.6034303778498
 20
66.98931029516535
 30
0.0
 11
665.7706295836881
 21
74.45415981807861
 31
0.0
  0
ARC
  5
89DD
330
1F
100
AcDbEntity
  8
Calque1
100
AcDbCircle
 10
655.7148966740207
 20
65.32658882947231
 30
0.0
 40
2.0
100
AcDbArc
 50
123.7612270571552
 51
180.0
  0
LINE
  5
89DE
330
1F
100
AcDbEntity
  8
Calque1
100
AcDbLine
 10
740.8733158120297
 20
66.98931029516535
 30
0.0
 11
752.0405150178678
 21
74.45415981807861
 31
0.0
  0
ARC
  5
89DF
330
1F
100
AcDbEntity
  8
Calque1
100
AcDbCircle
 10
741.9847821082005
 20
65.32658882947231
 30
0.0
 40
2.0
100
AcDbArc
 50
123.7612270571552
 51
180.0
  0
LINE
  5
89E0
330
1F
100
AcDbEntity
  8
Calque1
100
AcDbLine
 10
819.9006375257516
 20
66.98931029516535
 30
0.0
 11
831.0678367315897
 21
74.45415981807861
 31
0.0
  0
ARC
  5
89E1
330
1F
100
AcDbEntity
  8
Calque1
100
AcDbCircle
 10
821.0121038219224
 20
65.32658882947231
 30
0.0
 40
2.0
100
AcDbArc
 50
123.7612270571552
 51
180.0
  0
LINE
  5
89E2
330
1F
100
AcDbEntity
  8
Calque1
100
AcDbLine
 10
911.8419901456666
 20
66.98931029516535
 30
0.0
 11
923.0091893515048
 21
74.45415981807861
 31
0.0
  0
ARC
  5
89E3
330
1F
100
AcDbEntity
  8
Calque1
100
AcDbCircle
 10
912.9534564418374
 20
65.32658882947231
 30
0.0
 40
2.0
100
AcDbArc
 50
123.7612270571552
 51
180.0
  0
INSERT
  5
89E4
330
1F
100
AcDbEntity
  8
Calque1
100
AcDbBlockReference
  2
FIT
 10
794.258808339809
 20
8.472853333664772
 30
0.0
  0
LINE
  5
89E5
330
1F
100
AcDbEntity
  8
Calque1
100
AcDbLine
 10
799.4964755988115
 20
-0.4219537958196611
 30
0.0
 11
800.7121035835043
 21
-0.4219537958196611
 31
0.0
  0
ARC
  5
89E6
330
1F
100
AcDbEntity
  8
Calque1
100
AcDbCircle
 10
800.7121035835043
 20
0.3780462041805208
 30
0.0
 40
0.8000000000001818
100
AcDbArc
 50
270.000000000013
 51
0.0
  0
LINE
  5
89E7
330
1F
100
AcDbEntity
  8
Calque1
100
AcDbLine
 10
801.5121035835043
 20
0.3780462041805208
 30
0.0
 11
801.5121035835043
 21
2.578046248883822
 31
0.0
  0
ARC
  5
89E8
330
1F
100
AcDbEntity
  8
Calque1
100
AcDbCircle
 10
802.3121035835043
 20
2.578046248883822
 30
0.0
 40
0.8000000000000682
100
AcDbArc
 50
0.0
 51
180.0
  0
LINE
  5
89E9
330
1F
100
AcDbEntity
  8
Calque1
100
AcDbLine
 10
803.1121035835043
 20
2.578046248883822
 30
0.0
 11
805.6371035835043
 21
2.578046248883822
 31
0.0
  0
ARC
  5
89EA
330
1F
100
AcDbEntity
  8
Calque1
100
AcDbCircle
 10
806.4371035835042
 20
2.578046248883822
 30
0.0
 40
0.8000000000000682
100
AcDbArc
 50
0.0
 51
180.0
  0
LINE
  5
89EB
330
1F
100
AcDbEntity
  8
Calque1
100
AcDbLine
 10
807.2371035835043
 20
2.578046248883822
 30
0.0
 11
807.2371035835043
 21
0.3780462041805208
 31
0.0
  0
ARC
  5
89EC
330
1F
100
AcDbEntity
  8
Calque1
100
AcDbCircle
 10
808.0371035835046
 20
0.3780462041805208
 30
0.0
 40
0.8000000000000682
100
AcDbArc
 50
179.999999999987
 51
269.999999999987
  0
LINE
  5
89ED
330
1F
100
AcDbEntity
  8
Calque1
100
AcDbLine
 10
808.0371035835044
 20
-0.4219537958196611
 30
0.0
 11
811.2971035835043
 21
-0.4219537958196611
 31
0.0
  0
ARC
  5
89EE
330
1F
100
AcDbEntity
  8
Calque1
100
AcDbCircle
 10
811.2971035835039
 20
0.3780462041800661
 30
0.0
 40
0.7999999999997272
100
AcDbArc
 50
270.0000000000391
 51
0.0000000000260551
  0
LINE
  5
89EF
330
1F
100
AcDbEntity
  8
Calque1
100
AcDbLine
 10
812.0971035835035
 20
0.3780462041805208
 30
0.0
 11
812.0971035835035
 21
2.578046248883822
 31
0.0
  0
ARC
  5
89F0
330
1F
100
AcDbEntity
  8
Calque1
100
AcDbCircle
 10
812.8971035835037
 20
2.578046248883822
 30
0.0
 40
0.8000000000005229
100
AcDbArc
 50
0.0
 51
180.0
  0
LINE
  5
89F1
330
1F
100
AcDbEntity
  8
Calque1
100
AcDbLine
 10
813.6971035835044
 20
2.578046248883822
 30
0.0
 11
818.2121038219225
 21
2.578046248883822
 31
0.0
  0
LINE
  5
89F2
330
1F
100
AcDbEntity
  8
Calque1
100
AcDbLine
 10
831.5121035835042
 20
20.23778520918956
 30
0.0
 11
831.5121035835042
 21
22.57804624888382
 31
0.0
  0
LINE
  5
89F3
330
1F
100
AcDbEntity
  8
Calque1
100
AcDbLine
 10
831.5121035835042
 20
22.57804624888382
 30
0.0
 11
831.5121035835042
 21
23.77804657670919
 31
0.0
  0
ARC
  5
89F4
330
1F
100
AcDbEntity
  8
Calque1
100
AcDbCircle
 10
830.7121035835043
 20
23.77804657670919
 30
0.0
 40
0.7999999999999546
100
AcDbArc
 50
0.0
 51
90.0
  0
LINE
  5
89F5
330
1F
100
AcDbEntity
  8
Calque1
100
AcDbLine
 10
830.7121035835043
 20
24.57804657670937
 30
0.0
 11
826.4521035835034
 21
24.57804657670937
 31
0.0
  0
ARC
  5
89F6
330
1F
100
AcDbEntity
  8
Calque1
100
AcDbCircle
 10
826.452103583504
 20
23.7780465767101
 30
0.0
 40
0.7999999999994998
100
AcDbArc
 50
90.00000000002605
 51
180.000000000026
  0
LINE
  5
89F7
330
1F
100
AcDbEntity
  8
Calque1
100
AcDbLine
 10
825.6521035835044
 20
23.77804657670919
 30
0.0
 11
825.6521035835044
 21
22.57804624888382
 31
0.0
  0
ARC
  5
89F8
330
1F
100
AcDbEntity
  8
Calque1
100
AcDbCircle
 10
824.8521035835045
 20
22.57804624888382
 30
0.0
 40
0.7999999999999546
100
AcDbArc
 50
180.0
 51
0.0
  0
LINE
  5
89F9
330
1F
100
AcDbEntity
  8
Calque1
100
AcDbLine
 10
824.0521035835044
 20
22.57804624888382
 30
0.0
 11
821.7417035835035
 21
22.57804624888382
 31
0.0
  0
ARC
  5
89FA
330
1F
100
AcDbEntity
  8
Calque1
100
AcDbCircle
 10
820.941703583504
 20
22.57804624888382
 30
0.0
 40
0.7999999999994998
100
AcDbArc
 50
180.0
 51
0.0
  0
LINE
  5
89FB
330
1F
100
AcDbEntity
  8
Calque1
100
AcDbLine
 10
820.1417035835046
 20
22.57804624888382
 30
0.0
 11
820.1417035835046
 21
23.65270761876451
 31
0.0
  0
ARC
  5
89FC
330
1F
100
AcDbEntity
  8
Calque1
100
AcDbCircle
 10
818.1417035835044
 20
23.65270761876451
 30
0.0
 40
2.0
100
AcDbArc
 50
0.0
 51
65.78868476694537
  0
LINE
  5
89FD
330
1F
100
AcDbEntity
  8
Calque1
100
AcDbLine
 10
791.7149550457764
 20
9.564428240959443
 30
0.0
 11
793.3025810024587
 21
12.3142770613486
 31
0.0
  0
LINE
  5
89FE
330
1F
100
AcDbEntity
  8
Calque1
100
AcDbLine
 10
801.9479114642836
 20
27.2884286694553
 30
0.0
 11
803.7204125847488
 21
30.35849066657471
 31
0.0
  0
ARC
  5
89FF
330
1F
100
AcDbEntity
  8
Calque1
100
AcDbCircle
 10
793.4470058533451
 20
8.564428240959443
 30
0.0
 40
2.0
100
AcDbArc
 50
150.0000000000009
 51
220.8891083588532
  0
LINE
  5
8A00
330
1F
100
AcDbEntity
  8
Calque1
100
AcDbLine
 10
806.2726697096982
 20
31.18256895352676
 30
0.0
 11
818.9619099008851
 21
25.47678590571655
 31
0.0
  0
ARC
  5
8A01
330
1F
100
AcDbEntity
  8
Calque1
100
AcDbCircle
 10
805.4524633923179
 20
29.35849066657471
 30
0.0
 40
2.0
100
AcDbArc
 50
65.78868476694537
 51
150.0000000000009
  0
LINE
  5
8A02
330
1F
100
AcDbEntity
  8
Calque1
100
AcDbLine
 10
791.9350500164162
 20
7.255234005111617
 30
0.0
 11
797.9845197618827
 21
0.2688519683325126
 31
0.0
  0
ARC
  5
8A03
330
1F
100
AcDbEntity
  8
Calque1
100
AcDbCircle
 10
799.4964755988115
 20
1.578046204180338
 30
0.0
 40
2.0
100
AcDbArc
 50
220.8891083588532
 51
270.0
  0
INSERT
  5
8A04
330
1F
100
AcDbEntity
  8
Calque1
100
AcDbBlockReference
  2
FIT
 10
717.0206203206226
 20
7.545016748016735
 30
0.0
 50
5.0
  0
LINE
  5
8A05
330
1F
100
AcDbEntity
  8
Calque1
100
AcDbLine
 10
714.7252622129963
 20
6.270440451814067
 30
0.0
 11
720.0800649561183
 21
0.2489859724155963
 31
0.0
  0
LINE
  5
8A06
330
1F
100
AcDbEntity
  8
Calque1
100
AcDbLine
 10
721.5745879236037
 20
-0.4219537958196611
 30
0.0
 11
721.6847818697824
 21
-0.4219537958196611
 31
0.0
  0
ARC
  5
8A07
330
1F
100
AcDbEntity
  8
Calque1
100
AcDbCircle
 10
721.5745879236037
 20
1.578046204180338
 30
0.0
 40
2.0
100
AcDbArc
 50
221.6462872584281
 51
270.0
  0
ARC
  5
8A08
330
1F
100
AcDbEntity
  8
Calque1
100
AcDbCircle
 10
721.6847818697824
 20
0.3780462041805208
 30
0.0
 40
0.8000000000001818
100
AcDbArc
 50
270.000000000013
 51
0.0
  0
LINE
  5
8A09
330
1F
100
AcDbEntity
  8
Calque1
100
AcDbLine
 10
722.4847818697824
 20
0.3780462041805208
 30
0.0
 11
722.4847818697824
 21
2.578046248883822
 31
0.0
  0
ARC
  5
8A0A
330
1F
100
AcDbEntity
  8
Calque1
100
AcDbCircle
 10
723.2847818697823
 20
2.578046248883822
 30
0.0
 40
0.8000000000000682
100
AcDbArc
 50
0.0
 51
180.0
  0
LINE
  5
8A0B
330
1F
100
AcDbEntity
  8
Calque1
100
AcDbLine
 10
724.0847818697825
 20
2.578046248883822
 30
0.0
 11
726.6097818697824
 21
2.578046248883822
 31
0.0
  0
ARC
  5
8A0C
330
1F
100
AcDbEntity
  8
Calque1
100
AcDbCircle
 10
727.4097818697823
 20
2.578046248883822
 30
0.0
 40
0.8000000000000682
100
AcDbArc
 50
0.0
 51
180.0
  0
LINE
  5
8A0D
330
1F
100
AcDbEntity
  8
Calque1
100
AcDbLine
 10
728.2097818697825
 20
2.578046248883822
 30
0.0
 11
728.2097818697825
 21
0.3780462041805208
 31
0.0
  0
ARC
  5
8A0E
330
1F
100
AcDbEntity
  8
Calque1
100
AcDbCircle
 10
729.0097818697827
 20
0.3780462041805208
 30
0.0
 40
0.8000000000000682
100
AcDbArc
 50
179.999999999987
 51
269.999999999987
  0
LINE
  5
8A0F
330
1F
100
AcDbEntity
  8
Calque1
100
AcDbLine
 10
729.0097818697825
 20
-0.4219537958196611
 30
0.0
 11
732.2697818697824
 21
-0.4219537958196611
 31
0.0
  0
ARC
  5
8A10
330
1F
100
AcDbEntity
  8
Calque1
100
AcDbCircle
 10
732.269781869782
 20
0.3780462041800661
 30
0.0
 40
0.7999999999997272
100
AcDbArc
 50
270.0000000000391
 51
0.0000000000260551
  0
LINE
  5
8A11
330
1F
100
AcDbEntity
  8
Calque1
100
AcDbLine
 10
733.0697818697815
 20
0.3780462041805208
 30
0.0
 11
733.0697818697815
 21
2.578046248883822
 31
0.0
  0
ARC
  5
8A12
330
1F
100
AcDbEntity
  8
Calque1
100
AcDbCircle
 10
733.8697818697819
 20
2.578046248883822
 30
0.0
 40
0.8000000000005229
100
AcDbArc
 50
0.0
 51
180.0
  0
LINE
  5
8A13
330
1F
100
AcDbEntity
  8
Calque1
100
AcDbLine
 10
734.6697818697825
 20
2.578046248883822
 30
0.0
 11
739.1847821082006
 21
2.578046248883822
 31
0.0
  0
LINE
  5
8A14
330
1F
100
AcDbEntity
  8
Calque1
100
AcDbLine
 10
752.4847818697824
 20
20.23778520918956
 30
0.0
 11
752.4847818697824
 21
22.57804624888382
 31
0.0
  0
LINE
  5
8A15
330
1F
100
AcDbEntity
  8
Calque1
100
AcDbLine
 10
752.4847818697824
 20
22.57804624888382
 30
0.0
 11
752.4847818697824
 21
23.77804657670919
 31
0.0
  0
ARC
  5
8A16
330
1F
100
AcDbEntity
  8
Calque1
100
AcDbCircle
 10
751.6847818697824
 20
23.77804657670919
 30
0.0
 40
0.7999999999999546
100
AcDbArc
 50
0.0
 51
90.0
  0
LINE
  5
8A17
330
1F
100
AcDbEntity
  8
Calque1
100
AcDbLine
 10
751.6847818697824
 20
24.57804657670937
 30
0.0
 11
747.4247818697815
 21
24.57804657670937
 31
0.0
  0
ARC
  5
8A18
330
1F
100
AcDbEntity
  8
Calque1
100
AcDbCircle
 10
747.4247818697819
 20
23.7780465767101
 30
0.0
 40
0.7999999999994998
100
AcDbArc
 50
90.00000000002605
 51
180.000000000026
  0
LINE
  5
8A19
330
1F
100
AcDbEntity
  8
Calque1
100
AcDbLine
 10
746.6247818697825
 20
23.77804657670919
 30
0.0
 11
746.6247818697825
 21
22.57804624888382
 31
0.0
  0
ARC
  5
8A1A
330
1F
100
AcDbEntity
  8
Calque1
100
AcDbCircle
 10
745.8247818697826
 20
22.57804624888382
 30
0.0
 40
0.7999999999999546
100
AcDbArc
 50
180.0
 51
0.0
  0
LINE
  5
8A1B
330
1F
100
AcDbEntity
  8
Calque1
100
AcDbLine
 10
745.0247818697826
 20
22.57804624888382
 30
0.0
 11
742.7143818697816
 21
22.57804624888382
 31
0.0
  0
ARC
  5
8A1C
330
1F
100
AcDbEntity
  8
Calque1
100
AcDbCircle
 10
741.9143818697821
 20
22.57804624888382
 30
0.0
 40
0.7999999999994998
100
AcDbArc
 50
180.0
 51
0.0
  0
LINE
  5
8A1D
330
1F
100
AcDbEntity
  8
Calque1
100
AcDbLine
 10
741.1143818697826
 20
22.57804624888382
 30
0.0
 11
741.1143818697826
 21
25.11838609155808
 31
0.0
  0
ARC
  5
8A1E
330
1F
100
AcDbEntity
  8
Calque1
100
AcDbCircle
 10
739.1143818697826
 20
25.11838609155808
 30
0.0
 40
2.0
100
AcDbArc
 50
0.0
 51
72.04313895939193
  0
LINE
  5
8A1F
330
1F
100
AcDbEntity
  8
Calque1
100
AcDbLine
 10
726.938790781566
 20
31.1667536262458
 30
0.0
 11
739.7309835504863
 21
27.02096391318679
 31
0.0
  0
ARC
  5
8A20
330
1F
100
AcDbEntity
  8
Calque1
100
AcDbCircle
 10
726.3221891008623
 20
29.26417580461708
 30
0.0
 40
2.0
100
AcDbArc
 50
72.04313895939193
 51
155.0000000000051
  0
INSERT
  5
8A21
330
1F
100
AcDbEntity
  8
Calque1
100
AcDbBlockReference
  2
FIT
 10
884.498701745821
 20
9.553092497005366
 30
0.0
 50
355.0
  0
LINE
  5
8A22
330
1F
100
AcDbEntity
  8
Calque1
100
AcDbLine
 10
891.4478741339285
 20
-0.4219537958196611
 30
0.0
 11
892.6534562034193
 21
-0.4219537958196611
 31
0.0
  0
ARC
  5
8A23
330
1F
100
AcDbEntity
  8
Calque1
100
AcDbCircle
 10
892.6534562034193
 20
0.3780462041805208
 30
0.0
 40
0.8000000000001818
100
AcDbArc
 50
270.000000000013
 51
0.0
  0
LINE
  5
8A24
330
1F
100
AcDbEntity
  8
Calque1
100
AcDbLine
 10
893.4534562034194
 20
0.3780462041805208
 30
0.0
 11
893.4534562034194
 21
2.578046248883822
 31
0.0
  0
ARC
  5
8A25
330
1F
100
AcDbEntity
  8
Calque1
100
AcDbCircle
 10
894.2534562034193
 20
2.578046248883822
 30
0.0
 40
0.8000000000000682
100
AcDbArc
 50
0.0
 51
180.0
  0
LINE
  5
8A26
330
1F
100
AcDbEntity
  8
Calque1
100
AcDbLine
 10
895.0534562034194
 20
2.578046248883822
 30
0.0
 11
897.5784562034194
 21
2.578046248883822
 31
0.0
  0
ARC
  5
8A27
330
1F
100
AcDbEntity
  8
Calque1
100
AcDbCircle
 10
898.3784562034193
 20
2.578046248883822
 30
0.0
 40
0.8000000000000682
100
AcDbArc
 50
0.0
 51
180.0
  0
LINE
  5
8A28
330
1F
100
AcDbEntity
  8
Calque1
100
AcDbLine
 10
899.1784562034196
 20
2.578046248883822
 30
0.0
 11
899.1784562034196
 21
0.3780462041805208
 31
0.0
  0
ARC
  5
8A29
330
1F
100
AcDbEntity
  8
Calque1
100
AcDbCircle
 10
899.9784562034196
 20
0.3780462041805208
 30
0.0
 40
0.8000000000000682
100
AcDbArc
 50
179.999999999987
 51
269.999999999987
  0
LINE
  5
8A2A
330
1F
100
AcDbEntity
  8
Calque1
100
AcDbLine
 10
899.9784562034195
 20
-0.4219537958196611
 30
0.0
 11
903.2384562034193
 21
-0.4219537958196611
 31
0.0
  0
ARC
  5
8A2B
330
1F
100
AcDbEntity
  8
Calque1
100
AcDbCircle
 10
903.238456203419
 20
0.3780462041800661
 30
0.0
 40
0.7999999999997272
100
AcDbArc
 50
270.0000000000391
 51
0.0000000000260551
  0
LINE
  5
8A2C
330
1F
100
AcDbEntity
  8
Calque1
100
AcDbLine
 10
904.0384562034185
 20
0.3780462041805208
 30
0.0
 11
904.0384562034185
 21
2.578046248883822
 31
0.0
  0
ARC
  5
8A2D
330
1F
100
AcDbEntity
  8
Calque1
100
AcDbCircle
 10
904.8384562034188
 20
2.578046248883822
 30
0.0
 40
0.8000000000005229
100
AcDbArc
 50
0.0
 51
180.0
  0
LINE
  5
8A2E
330
1F
100
AcDbEntity
  8
Calque1
100
AcDbLine
 10
905.6384562034194
 20
2.578046248883822
 30
0.0
 11
910.1534564418376
 21
2.578046248883822
 31
0.0
  0
LINE
  5
8A2F
330
1F
100
AcDbEntity
  8
Calque1
100
AcDbLine
 10
923.4534562034193
 20
20.23778520918956
 30
0.0
 11
923.4534562034193
 21
22.57804624888382
 31
0.0
  0
LINE
  5
8A30
330
1F
100
AcDbEntity
  8
Calque1
100
AcDbLine
 10
923.4534562034193
 20
22.57804624888382
 30
0.0
 11
923.4534562034193
 21
23.77804657670919
 31
0.0
  0
ARC
  5
8A31
330
1F
100
AcDbEntity
  8
Calque1
100
AcDbCircle
 10
922.6534562034194
 20
23.77804657670919
 30
0.0
 40
0.7999999999999546
100
AcDbArc
 50
0.0
 51
90.0
  0
LINE
  5
8A32
330
1F
100
AcDbEntity
  8
Calque1
100
AcDbLine
 10
922.6534562034194
 20
24.57804657670937
 30
0.0
 11
918.3934562034185
 21
24.57804657670937
 31
0.0
  0
ARC
  5
8A33
330
1F
100
AcDbEntity
  8
Calque1
100
AcDbCircle
 10
918.393456203419
 20
23.7780465767101
 30
0.0
 40
0.7999999999994998
100
AcDbArc
 50
90.00000000002605
 51
180.000000000026
  0
LINE
  5
8A34
330
1F
100
AcDbEntity
  8
Calque1
100
AcDbLine
 10
917.5934562034194
 20
23.77804657670919
 30
0.0
 11
917.5934562034194
 21
22.57804624888382
 31
0.0
  0
ARC
  5
8A35
330
1F
100
AcDbEntity
  8
Calque1
100
AcDbCircle
 10
916.7934562034195
 20
22.57804624888382
 30
0.0
 40
0.7999999999999546
100
AcDbArc
 50
180.0
 51
0.0
  0
LINE
  5
8A36
330
1F
100
AcDbEntity
  8
Calque1
100
AcDbLine
 10
915.9934562034194
 20
22.57804624888382
 30
0.0
 11
913.6830562034186
 21
22.57804624888382
 31
0.0
  0
ARC
  5
8A37
330
1F
100
AcDbEntity
  8
Calque1
100
AcDbCircle
 10
912.883056203419
 20
22.57804624888382
 30
0.0
 40
0.7999999999994998
100
AcDbArc
 50
180.0
 51
0.0
  0
LINE
  5
8A38
330
1F
100
AcDbEntity
  8
Calque1
100
AcDbLine
 10
912.0830562034196
 20
22.57804624888382
 30
0.0
 11
912.0830562034196
 21
23.65248237699785
 31
0.0
  0
ARC
  5
8A39
330
1F
100
AcDbEntity
  8
Calque1
100
AcDbCircle
 10
910.0830562034195
 20
23.65248237699785
 30
0.0
 40
2.0
100
AcDbArc
 50
0.0
 51
65.74349004511787
  0
LINE
  5
8A3A
330
1F
100
AcDbEntity
  8
Calque1
100
AcDbLine
 10
898.2663110902363
 20
31.1708201453153
 30
0.0
 11
910.9047010924186
 21
25.47591312050923
 31
0.0
  0
ARC
  5
8A3B
330
1F
100
AcDbEntity
  8
Calque1
100
AcDbCircle
 10
897.4446662012368
 20
29.34738940180393
 30
0.0
 40
2.0
100
AcDbArc
 50
65.74349004511787
 51
145.0000000000026
  0
LINE
  5
8A3C
330
1F
100
AcDbEntity
  8
Calque1
100
AcDbLine
 10
882.204842316143
 20
8.241974909265138
 30
0.0
 11
890.0116402681661
 21
0.18620128363915
 31
0.0
  0
ARC
  5
8A3D
330
1F
100
AcDbEntity
  8
Calque1
100
AcDbCircle
 10
883.6410761819054
 20
9.633819829806782
 30
0.0
 40
2.0
100
AcDbArc
 50
145.0000000000026
 51
224.1007710225911
  0
ARC
  5
8A3E
330
1F
100
AcDbEntity
  8
Calque1
100
AcDbCircle
 10
891.4478741339285
 20
1.578046204180338
 30
0.0
 40
2.0
100
AcDbArc
 50
224.1007710225911
 51
270.0
  0
INSERT
  5
8A3F
330
1F
100
AcDbEntity
  8
Calque1
100
AcDbBlockReference
  2
FIT
 10
630.96898922431
 20
6.678838563748342
 30
0.0
 50
9.999999999999998
  0
LINE
  5
8A40
330
1F
100
AcDbEntity
  8
Calque1
100
AcDbLine
 10
628.7641353611602
 20
5.267038287744128
 30
0.0
 11
633.8997577158304
 21
0.1599046943015878
 31
0.0
  0
ARC
  5
8A41
330
1F
100
AcDbEntity
  8
Calque1
100
AcDbCircle
 10
630.17441003581
 20
6.685179797622879
 30
0.0
 40
2.0
100
AcDbArc
 50
160.0000000000108
 51
225.1593596080103
  0
LINE
  5
8A42
330
1F
100
AcDbEntity
  8
Calque1
100
AcDbLine
 10
635.3100323904802
 20
-0.4219537958196611
 30
0.0
 11
635.4148964356027
 21
-0.4219537958196611
 31
0.0
  0
ARC
  5
8A43
330
1F
100
AcDbEntity
  8
Calque1
100
AcDbCircle
 10
635.3100323904802
 20
1.578046204180338
 30
0.0
 40
2.0
100
AcDbArc
 50
225.1593596080103
 51
270.0
  0
ARC
  5
8A44
330
1F
100
AcDbEntity
  8
Calque1
100
AcDbCircle
 10
635.4148964356027
 20
0.3780462041805208
 30
0.0
 40
0.8000000000001818
100
AcDbArc
 50
270.000000000013
 51
0.0
  0
LINE
  5
8A45
330
1F
100
AcDbEntity
  8
Calque1
100
AcDbLine
 10
636.2148964356026
 20
0.3780462041805208
 30
0.0
 11
636.2148964356026
 21
2.578046248883822
 31
0.0
  0
ARC
  5
8A46
330
1F
100
AcDbEntity
  8
Calque1
100
AcDbCircle
 10
637.0148964356026
 20
2.578046248883822
 30
0.0
 40
0.8000000000000682
100
AcDbArc
 50
0.0
 51
180.0
  0
LINE
  5
8A47
330
1F
100
AcDbEntity
  8
Calque1
100
AcDbLine
 10
637.8148964356028
 20
2.578046248883822
 30
0.0
 11
640.3398964356027
 21
2.578046248883822
 31
0.0
  0
ARC
  5
8A48
330
1F
100
AcDbEntity
  8
Calque1
100
AcDbCircle
 10
641.1398964356026
 20
2.578046248883822
 30
0.0
 40
0.8000000000000682
100
AcDbArc
 50
0.0
 51
180.0
  0
LINE
  5
8A49
330
1F
100
AcDbEntity
  8
Calque1
100
AcDbLine
 10
641.9398964356028
 20
2.578046248883822
 30
0.0
 11
641.9398964356028
 21
0.3780462041805208
 31
0.0
  0
ARC
  5
8A4A
330
1F
100
AcDbEntity
  8
Calque1
100
AcDbCircle
 10
642.7398964356029
 20
0.3780462041805208
 30
0.0
 40
0.8000000000000682
100
AcDbArc
 50
179.999999999987
 51
269.999999999987
  0
LINE
  5
8A4B
330
1F
100
AcDbEntity
  8
Calque1
100
AcDbLine
 10
642.7398964356028
 20
-0.4219537958196611
 30
0.0
 11
645.9998964356027
 21
-0.4219537958196611
 31
0.0
  0
ARC
  5
8A4C
330
1F
100
AcDbEntity
  8
Calque1
100
AcDbCircle
 10
645.9998964356023
 20
0.3780462041800661
 30
0.0
 40
0.7999999999997272
100
AcDbArc
 50
270.0000000000391
 51
0.0000000000260551
  0
LINE
  5
8A4D
330
1F
100
AcDbEntity
  8
Calque1
100
AcDbLine
 10
646.7998964356017
 20
0.3780462041805208
 30
0.0
 11
646.7998964356017
 21
2.578046248883822
 31
0.0
  0
ARC
  5
8A4E
330
1F
100
AcDbEntity
  8
Calque1
100
AcDbCircle
 10
647.5998964356022
 20
2.578046248883822
 30
0.0
 40
0.8000000000005229
100
AcDbArc
 50
0.0
 51
180.0
  0
LINE
  5
8A4F
330
1F
100
AcDbEntity
  8
Calque1
100
AcDbLine
 10
648.3998964356028
 20
2.578046248883822
 30
0.0
 11
652.9148966740208
 21
2.578046248883822
 31
0.0
  0
LINE
  5
8A50
330
1F
100
AcDbEntity
  8
Calque1
100
AcDbLine
 10
666.2148964356027
 20
20.23778520918956
 30
0.0
 11
666.2148964356027
 21
22.57804624888382
 31
0.0
  0
LINE
  5
8A51
330
1F
100
AcDbEntity
  8
Calque1
100
AcDbLine
 10
666.2148964356027
 20
22.57804624888382
 30
0.0
 11
666.2148964356027
 21
23.77804657670919
 31
0.0
  0
ARC
  5
8A52
330
1F
100
AcDbEntity
  8
Calque1
100
AcDbCircle
 10
665.4148964356027
 20
23.77804657670919
 30
0.0
 40
0.7999999999999546
100
AcDbArc
 50
0.0
 51
90.0
  0
LINE
  5
8A53
330
1F
100
AcDbEntity
  8
Calque1
100
AcDbLine
 10
665.4148964356027
 20
24.57804657670937
 30
0.0
 11
661.1548964356018
 21
24.57804657670937
 31
0.0
  0
ARC
  5
8A54
330
1F
100
AcDbEntity
  8
Calque1
100
AcDbCircle
 10
661.1548964356022
 20
23.7780465767101
 30
0.0
 40
0.7999999999994998
100
AcDbArc
 50
90.00000000002605
 51
180.000000000026
  0
LINE
  5
8A55
330
1F
100
AcDbEntity
  8
Calque1
100
AcDbLine
 10
660.3548964356027
 20
23.77804657670919
 30
0.0
 11
660.3548964356027
 21
22.57804624888382
 31
0.0
  0
ARC
  5
8A56
330
1F
100
AcDbEntity
  8
Calque1
100
AcDbCircle
 10
659.5548964356027
 20
22.57804624888382
 30
0.0
 40
0.7999999999999546
100
AcDbArc
 50
180.0
 51
0.0
  0
LINE
  5
8A57
330
1F
100
AcDbEntity
  8
Calque1
100
AcDbLine
 10
658.7548964356028
 20
22.57804624888382
 30
0.0
 11
656.4444964356018
 21
22.57804624888382
 31
0.0
  0
ARC
  5
8A58
330
1F
100
AcDbEntity
  8
Calque1
100
AcDbCircle
 10
655.6444964356024
 20
22.57804624888382
 30
0.0
 40
0.7999999999994998
100
AcDbArc
 50
180.0
 51
0.0
  0
LINE
  5
8A59
330
1F
100
AcDbEntity
  8
Calque1
100
AcDbLine
 10
654.8444964356028
 20
22.57804624888382
 30
0.0
 11
654.8444964356028
 21
23.74441235875207
 31
0.0
  0
ARC
  5
8A5A
330
1F
100
AcDbEntity
  8
Calque1
100
AcDbCircle
 10
652.8444964356029
 20
23.74441235875207
 30
0.0
 40
2.0
100
AcDbArc
 50
0.0
 51
69.3543699074379
  0
LINE
  5
8A5B
330
1F
100
AcDbEntity
  8
Calque1
100
AcDbLine
 10
639.0738296095316
 20
31.0702424925035
 30
0.0
 11
653.5496704560298
 21
25.6159704264897
 31
0.0
  0
ARC
  5
8A5C
330
1F
100
AcDbEntity
  8
Calque1
100
AcDbCircle
 10
638.3686555891046
 20
29.19868442476542
 30
0.0
 40
2.0
100
AcDbArc
 50
69.3543699074379
 51
159.9999999999978
  0
INSERT
  5
8A5D
330
1F
100
AcDbEntity
  8
Calque1
100
AcDbBlockReference
  2
FIT
 10
554.2747678204777
 20
5.628503427423368
 30
0.0
 50
15.0
  0
LINE
  5
8A5E
330
1F
100
AcDbEntity
  8
Calque1
100
AcDbLine
 10
551.9476991489182
 20
4.412774055033935
 30
0.0
 11
555.2192568180071
 21
0.3278189218386274
 31
0.0
  0
ARC
  5
8A5F
330
1F
100
AcDbEntity
  8
Calque1
100
AcDbCircle
 10
556.7803243189461
 20
1.578046204180338
 30
0.0
 40
2.0
100
AcDbArc
 50
218.6905288992213
 51
270.0
  0
LINE
  5
8A60
330
1F
100
AcDbEntity
  8
Calque1
100
AcDbLine
 10
556.7803243189461
 20
-0.4219537958196611
 30
0.0
 11
556.8871094410861
 21
-0.4219537958196611
 31
0.0
  0
ARC
  5
8A61
330
1F
100
AcDbEntity
  8
Calque1
100
AcDbCircle
 10
556.8871094410861
 20
0.3780462041805208
 30
0.0
 40
0.8000000000001818
100
AcDbArc
 50
270.000000000013
 51
0.0
  0
LINE
  5
8A62
330
1F
100
AcDbEntity
  8
Calque1
100
AcDbLine
 10
557.687109441086
 20
0.3780462041805208
 30
0.0
 11
557.687109441086
 21
2.578046248883822
 31
0.0
  0
ARC
  5
8A63
330
1F
100
AcDbEntity
  8
Calque1
100
AcDbCircle
 10
558.487109441086
 20
2.578046248883822
 30
0.0
 40
0.8000000000000682
100
AcDbArc
 50
0.0
 51
180.0
  0
LINE
  5
8A64
330
1F
100
AcDbEntity
  8
Calque1
100
AcDbLine
 10
559.2871094410861
 20
2.578046248883822
 30
0.0
 11
561.8121094410859
 21
2.578046248883822
 31
0.0
  0
ARC
  5
8A65
330
1F
100
AcDbEntity
  8
Calque1
100
AcDbCircle
 10
562.6121094410859
 20
2.578046248883822
 30
0.0
 40
0.8000000000000682
100
AcDbArc
 50
0.0
 51
180.0
  0
LINE
  5
8A66
330
1F
100
AcDbEntity
  8
Calque1
100
AcDbLine
 10
563.4121094410861
 20
2.578046248883822
 30
0.0
 11
563.4121094410861
 21
0.3780462041805208
 31
0.0
  0
ARC
  5
8A67
330
1F
100
AcDbEntity
  8
Calque1
100
AcDbCircle
 10
564.2121094410863
 20
0.3780462041805208
 30
0.0
 40
0.8000000000000682
100
AcDbArc
 50
179.999999999987
 51
269.999999999987
  0
LINE
  5
8A68
330
1F
100
AcDbEntity
  8
Calque1
100
AcDbLine
 10
564.212109441086
 20
-0.4219537958196611
 30
0.0
 11
567.4721094410861
 21
-0.4219537958196611
 31
0.0
  0
ARC
  5
8A69
330
1F
100
AcDbEntity
  8
Calque1
100
AcDbCircle
 10
567.4721094410856
 20
0.3780462041800661
 30
0.0
 40
0.7999999999997272
100
AcDbArc
 50
270.0000000000391
 51
0.0000000000260551
  0
LINE
  5
8A6A
330
1F
100
AcDbEntity
  8
Calque1
100
AcDbLine
 10
568.2721094410851
 20
0.3780462041805208
 30
0.0
 11
568.2721094410851
 21
2.578046248883822
 31
0.0
  0
ARC
  5
8A6B
330
1F
100
AcDbEntity
  8
Calque1
100
AcDbCircle
 10
569.0721094410855
 20
2.578046248883822
 30
0.0
 40
0.8000000000005229
100
AcDbArc
 50
0.0
 51
180.0
  0
LINE
  5
8A6C
330
1F
100
AcDbEntity
  8
Calque1
100
AcDbLine
 10
587.6871094410859
 20
20.23778520918956
 30
0.0
 11
587.6871094410859
 21
22.57804624888382
 31
0.0
  0
LINE
  5
8A6D
330
1F
100
AcDbEntity
  8
Calque1
100
AcDbLine
 10
587.6871094410859
 20
22.57804624888382
 30
0.0
 11
587.6871094410859
 21
23.77804657670919
 31
0.0
  0
ARC
  5
8A6E
330
1F
100
AcDbEntity
  8
Calque1
100
AcDbCircle
 10
586.887109441086
 20
23.77804657670919
 30
0.0
 40
0.7999999999999546
100
AcDbArc
 50
0.0
 51
90.0
  0
LINE
  5
8A6F
330
1F
100
AcDbEntity
  8
Calque1
100
AcDbLine
 10
586.887109441086
 20
24.57804657670937
 30
0.0
 11
582.6271094410851
 21
24.57804657670937
 31
0.0
  0
ARC
  5
8A70
330
1F
100
AcDbEntity
  8
Calque1
100
AcDbCircle
 10
582.6271094410856
 20
23.7780465767101
 30
0.0
 40
0.7999999999994998
100
AcDbArc
 50
90.00000000002605
 51
180.000000000026
  0
LINE
  5
8A71
330
1F
100
AcDbEntity
  8
Calque1
100
AcDbLine
 10
581.8271094410861
 20
23.77804657670919
 30
0.0
 11
581.8271094410861
 21
22.57804624888382
 31
0.0
  0
ARC
  5
8A72
330
1F
100
AcDbEntity
  8
Calque1
100
AcDbCircle
 10
581.0271094410861
 20
22.57804624888382
 30
0.0
 40
0.7999999999999546
100
AcDbArc
 50
180.0
 51
0.0
  0
LINE
  5
8A73
330
1F
100
AcDbEntity
  8
Calque1
100
AcDbLine
 10
580.2271094410862
 20
22.57804624888382
 30
0.0
 11
577.9167094410852
 21
22.57804624888382
 31
0.0
  0
LINE
  5
8A74
330
1F
100
AcDbEntity
  8
Calque1
100
AcDbLine
 10
577.9167094410852
 20
22.57804624888382
 30
0.0
 11
580.2271094410862
 21
22.57804624888382
 31
0.0
  0
ARC
  5
8A75
330
1F
100
AcDbEntity
  8
Calque1
100
AcDbCircle
 10
577.1167094410857
 20
22.57804624888382
 30
0.0
 40
0.7999999999994998
100
AcDbArc
 50
180.0
 51
0.0
  0
LINE
  5
8A76
330
1F
100
AcDbEntity
  8
Calque1
100
AcDbLine
 10
576.3167094410862
 20
22.57804624888382
 30
0.0
 11
576.3167094410862
 21
24.63785096194539
 31
0.0
  0
ARC
  5
8A77
330
1F
100
AcDbEntity
  8
Calque1
100
AcDbCircle
 10
574.3167094410862
 20
24.63785096194539
 30
0.0
 40
2.0
100
AcDbArc
 50
0.0
 51
74.40873632886294
  0
LINE
  5
8A78
330
1F
100
AcDbEntity
  8
Calque1
100
AcDbLine
 10
560.2244593117229
 20
30.64656601921712
 30
0.0
 11
574.8542553544337
 21
26.5642580817003
 31
0.0
  0
ARC
  5
8A79
330
1F
100
AcDbEntity
  8
Calque1
100
AcDbCircle
 10
559.6869133983755
 20
28.72015889946175
 30
0.0
 40
2.0
100
AcDbArc
 50
74.40873632886294
 51
165.0000000000055
  0
LINE
  5
8A7A
330
1F
100
AcDbEntity
  8
Calque1
100
AcDbLine
 10
576.0583291903524
 20
12.28732416357144
 30
0.0
 11
587.6871094410859
 21
20.23778520918956
 31
0.0
  0
ARC
  5
8A7B
330
1F
100
AcDbEntity
  8
Calque1
100
AcDbCircle
 10
577.1871096795138
 20
10.63630792885766
 30
0.0
 40
2.0
100
AcDbArc
 50
124.3599595135505
 51
180.0
  0
LINE
  5
8A7C
330
1F
100
AcDbEntity
  8
Calque1
100
AcDbLine
 10
654.5861161848592
 20
12.28732416356462
 30
0.0
 11
666.2148964356027
 21
20.23778520918956
 31
0.0
  0
ARC
  5
8A7D
330
1F
100
AcDbEntity
  8
Calque1
100
AcDbCircle
 10
655.7148966740207
 20
10.63630792885084
 30
0.0
 40
2.0
100
AcDbArc
 50
124.3599595135505
 51
180.0
  0
LINE
  5
8A7E
330
1F
100
AcDbEntity
  8
Calque1
100
AcDbLine
 10
740.856001619039
 20
12.28732416356462
 30
0.0
 11
752.4847818697824
 21
20.23778520918956
 31
0.0
  0
ARC
  5
8A7F
330
1F
100
AcDbEntity
  8
Calque1
100
AcDbCircle
 10
741.9847821082005
 20
10.63630792885084
 30
0.0
 40
2.0
100
AcDbArc
 50
124.3599595135505
 51
180.0
  0
LINE
  5
8A80
330
1F
100
AcDbEntity
  8
Calque1
100
AcDbLine
 10
819.883323332761
 20
12.28732416356485
 30
0.0
 11
831.5121035835042
 21
20.23778520918956
 31
0.0
  0
ARC
  5
8A81
330
1F
100
AcDbEntity
  8
Calque1
100
AcDbCircle
 10
821.0121038219224
 20
10.63630792885106
 30
0.0
 40
2.0
100
AcDbArc
 50
124.3599595135415
 51
180.0
  0
LINE
  5
8A82
330
1F
100
AcDbEntity
  8
Calque1
100
AcDbLine
 10
911.824675952676
 20
12.28732416356485
 30
0.0
 11
923.4534562034193
 21
20.23778520918956
 31
0.0
  0
ARC
  5
8A83
330
1F
100
AcDbEntity
  8
Calque1
100
AcDbCircle
 10
912.9534564418374
 20
10.63630792885106
 30
0.0
 40
2.0
100
AcDbArc
 50
124.3599595135415
 51
180.0
  0
LINE
  5
8A84
330
1F
100
AcDbEntity
  8
Calque1
100
AcDbLine
 10
575.0527618773808
 20
196.5352262494598
 30
0.0
 11
576.2485610936644
 21
192.072442818638
 31
0.0
  0
ARC
  5
8A85
330
1F
100
AcDbEntity
  8
Calque1
100
AcDbCircle
 10
573.1209102248026
 20
196.0175881592548
 30
0.0
 40
2.0
100
AcDbArc
 50
14.99999999999445
 51
74.40873632886294
  0
LINE
  5
8A86
330
1F
100
AcDbEntity
  8
Calque1
100
AcDbLine
 10
575.6319666622767
 20
139.423014652459
 30
0.0
 11
576.2485610936644
 21
137.1218529068558
 31
0.0
  0
ARC
  5
8A87
330
1F
100
AcDbEntity
  8
Calque1
100
AcDbCircle
 10
573.7001150096984
 20
138.9053765622539
 30
0.0
 40
2.0
100
AcDbArc
 50
14.99999999999445
 51
74.40873632886294
  0
LINE
  5
8A88
330
1F
100
AcDbEntity
  8
Calque1
100
AcDbLine
 10
801.4609775312798
 20
194.7425668153922
 30
0.0
 11
799.5836979019104
 21
194.2395512547344
 31
0.0
  0
LINE
  5
8A89
330
1F
100
AcDbEntity
  8
Calque1
100
AcDbLine
 10
802.4509270249406
 20
196.4572096353409
 30
0.0
 11
801.9479114642836
 21
198.3344892647081
 31
0.0
  0
ARC
  5
8A8A
330
1F
100
AcDbEntity
  8
Calque1
100
AcDbCircle
 10
801.4850011986519
 20
196.198390590238
 30
0.0
 40
1.0
100
AcDbArc
 50
330.0000000000009
 51
15.00000000002287
  0
LINE
  5
8A8B
330
1F
100
AcDbEntity
  8
Calque1
100
AcDbLine
 10
795.1798606318271
 20
183.863353217258
 30
0.0
 11
793.3025810024583
 21
183.3603376566016
 31
0.0
  0
LINE
  5
8A8C
330
1F
100
AcDbEntity
  8
Calque1
100
AcDbLine
 10
796.1698101254885
 20
185.5779960372061
 30
0.0
 11
795.6667945648319
 21
187.4552756665767
 31
0.0
  0
ARC
  5
8A8D
330
1F
100
AcDbEntity
  8
Calque1
100
AcDbCircle
 10
795.2038842991994
 20
185.3191769921039
 30
0.0
 40
1.0
100
AcDbArc
 50
330.0000000000009
 51
14.99999999998344
  0
ARC
  5
8A8E
330
1F
100
AcDbEntity
  8
Calque1
100
AcDbCircle
 10
794.9210415867246
 20
184.8292790435471
 30
0.0
 40
1.0
100
AcDbArc
 50
284.9999999999944
 51
330.0000000000009
  0
LINE
  5
8A8F
330
1F
100
AcDbEntity
  8
Calque1
100
AcDbLine
 10
802.4509270249406
 20
139.5066197235588
 30
0.0
 11
801.9479114642836
 21
141.383899352926
 31
0.0
  0
LINE
  5
8A90
330
1F
100
AcDbEntity
  8
Calque1
100
AcDbLine
 10
795.1798606318271
 20
126.9127633054759
 30
0.0
 11
793.3025810024583
 21
126.4097477448195
 31
0.0
  0
LINE
  5
8A91
330
1F
100
AcDbEntity
  8
Calque1
100
AcDbLine
 10
802.4509270249406
 20
82.45888438182333
 30
0.0
 11
801.9479114642836
 21
84.33616401119076
 31
0.0
  0
LINE
  5
8A92
330
1F
100
AcDbEntity
  8
Calque1
100
AcDbLine
 10
795.1798606318273
 20
69.86502796374094
 30
0.0
 11
793.3025810024583
 21
69.36201240308406
 31
0.0
  0
LINE
  5
8A93
330
1F
100
AcDbEntity
  8
Calque1
100
AcDbLine
 10
802.4509270249406
 20
25.41114904008788
 30
0.0
 11
801.9479114642836
 21
27.2884286694553
 31
0.0
  0
LINE
  5
8A94
330
1F
100
AcDbEntity
  8
Calque1
100
AcDbLine
 10
795.1798606318273
 20
12.81729262200548
 30
0.0
 11
793.3025810024583
 21
12.3142770613486
 31
0.0
  0
LINE
  5
8A95
330
1F
100
AcDbEntity
  8
Calque1
100
AcDbLine
 10
793.6440550758204
 20
5.281546599412251
 30
0.0
 11
793.6440550758204
 21
5.281546599412251
 31
0.0
  0
LINE
  5
8A96
330
1F
100
AcDbEntity
  8
Calque1
100
AcDbLine
 10
722.8685543092729
 20
194.3845100396418
 30
0.0
 11
721.0422589904608
 21
193.7197929046133
 31
0.0
  0
LINE
  5
8A97
330
1F
100
AcDbEntity
  8
Calque1
100
AcDbLine
 10
723.7052957777164
 20
196.1789079093981
 30
0.0
 11
723.0405786426895
 21
198.005203228207
 31
0.0
  0
ARC
  5
8A98
330
1F
100
AcDbEntity
  8
Calque1
100
AcDbCircle
 10
722.7656031569306
 20
195.8368877660721
 30
0.0
 40
1.0
100
AcDbArc
 50
335.0000000000051
 51
20.00000000001818
  0
LINE
  5
8A99
330
1F
100
AcDbEntity
  8
Calque1
100
AcDbLine
 10
717.5595248975983
 20
182.9992597251162
 30
0.0
 11
715.7332295787887
 21
182.33454259009
 31
0.0
  0
LINE
  5
8A9A
330
1F
100
AcDbEntity
  8
Calque1
100
AcDbLine
 10
718.3962663660429
 20
184.7936575948725
 30
0.0
 11
717.7315492310158
 21
186.6199529136853
 31
0.0
  0
ARC
  5
8A9B
330
1F
100
AcDbEntity
  8
Calque1
100
AcDbCircle
 10
717.4565737452569
 20
184.451637451547
 30
0.0
 40
1.0
100
AcDbArc
 50
335.0000000000051
 51
19.99999999998924
  0
ARC
  5
8A9C
330
1F
100
AcDbEntity
  8
Calque1
100
AcDbCircle
 10
717.2175047542728
 20
183.9389523459022
 30
0.0
 40
1.0
100
AcDbArc
 50
289.9999999999898
 51
335.0000000000051
  0
LINE
  5
8A9D
330
1F
100
AcDbEntity
  8
Calque1
100
AcDbLine
 10
724.5470475742727
 20
144.2852463657376
 30
0.0
 11
723.0405786426895
 21
141.0546133164251
 31
0.0
  0
LINE
  5
8A9E
330
1F
100
AcDbEntity
  8
Calque1
100
AcDbLine
 10
715.7332295787871
 20
125.383952678307
 30
0.0
 11
714.4071696064083
 21
122.5402078905311
 31
0.0
  0
LINE
  5
8A9F
330
1F
100
AcDbEntity
  8
Calque1
100
AcDbLine
 10
723.7052957777164
 20
139.228317997616
 30
0.0
 11
723.0405786426895
 21
141.0546133164249
 31
0.0
  0
LINE
  5
8AA0
330
1F
100
AcDbEntity
  8
Calque1
100
AcDbLine
 10
717.5595248975983
 20
126.0486698133341
 30
0.0
 11
715.7332295787887
 21
125.3839526783079
 31
0.0
  0
LINE
  5
8AA1
330
1F
100
AcDbEntity
  8
Calque1
100
AcDbLine
 10
724.5470475742727
 20
87.23751102400234
 30
0.0
 11
723.0405786426895
 21
84.00687797468942
 31
0.0
  0
LINE
  5
8AA2
330
1F
100
AcDbEntity
  8
Calque1
100
AcDbLine
 10
715.7332295787867
 20
68.33621733657134
 30
0.0
 11
714.4071696064086
 21
65.49247254879588
 31
0.0
  0
ARC
  5
8AA3
330
1F
100
AcDbEntity
  8
Calque1
100
AcDbCircle
 10
716.2197851804819
 20
64.64723602531427
 30
0.0
 40
2.0
100
AcDbArc
 50
155.0000000000051
 51
221.6462872584281
  0
LINE
  5
8AA4
330
1F
100
AcDbEntity
  8
Calque1
100
AcDbLine
 10
723.7052957777164
 20
82.1805826558803
 30
0.0
 11
723.0405786426895
 21
84.00687797468895
 31
0.0
  0
LINE
  5
8AA5
330
1F
100
AcDbEntity
  8
Calque1
100
AcDbLine
 10
717.5595248975985
 20
69.00093447159867
 30
0.0
 11
715.7332295787887
 21
68.33621733657224
 31
0.0
  0
LINE
  5
8AA6
330
1F
100
AcDbEntity
  8
Calque1
100
AcDbLine
 10
724.5095735267889
 20
30.1094123280987
 30
0.0
 11
723.0405786426895
 21
26.95914263295441
 31
0.0
  0
LINE
  5
8AA7
330
1F
100
AcDbEntity
  8
Calque1
100
AcDbLine
 10
715.7332295787867
 20
11.28848199483633
 30
0.0
 11
714.4071696064083
 21
8.444737207060427
 31
0.0
  0
ARC
  5
8AA8
330
1F
100
AcDbEntity
  8
Calque1
100
AcDbCircle
 10
716.2197851804817
 20
7.59950068357881
 30
0.0
 40
2.0
100
AcDbArc
 50
155.0000000000051
 51
221.6462872584281
  0
LINE
  5
8AA9
330
1F
100
AcDbEntity
  8
Calque1
100
AcDbLine
 10
723.7052957777164
 20
25.13284731414529
 30
0.0
 11
723.0405786426895
 21
26.95914263295441
 31
0.0
  0
LINE
  5
8AAA
330
1F
100
AcDbEntity
  8
Calque1
100
AcDbLine
 10
717.5595248975983
 20
11.95319912986366
 30
0.0
 11
715.7332295787887
 21
11.28848199483724
 31
0.0
  0
LINE
  5
8AAB
330
1F
100
AcDbEntity
  8
Calque1
100
AcDbLine
 10
636.4892703475329
 20
200.9287853066699
 30
0.0
 11
635.2739872261881
 21
197.5898223725306
 31
0.0
  0
LINE
  5
8AAC
330
1F
100
AcDbEntity
  8
Calque1
100
AcDbLine
 10
633.6567699032773
 20
193.146554295483
 30
0.0
 11
630.9774502217963
 21
185.7851839711134
 31
0.0
  0
LINE
  5
8AAD
330
1F
100
AcDbEntity
  8
Calque1
100
AcDbLine
 10
629.3602328988845
 20
181.3419158940631
 30
0.0
 11
628.2950247942383
 21
178.4152806795271
 31
0.0
  0
LINE
  5
8AAE
330
1F
100
AcDbEntity
  8
Calque1
100
AcDbLine
 10
635.4181817014059
 20
193.9679141061158
 30
0.0
 11
633.6567699032773
 21
193.1465542954832
 31
0.0
  0
LINE
  5
8AAF
330
1F
100
AcDbEntity
  8
Calque1
100
AcDbLine
 10
636.0953470368199
 20
195.8284105744045
 30
0.0
 11
635.2739872261881
 21
197.589822372531
 31
0.0
  0
ARC
  5
8AB0
330
1F
100
AcDbEntity
  8
Calque1
100
AcDbCircle
 10
635.1890392497835
 20
195.4057923126634
 30
0.0
 40
1.0
100
AcDbArc
 50
339.9999999999979
 51
25.00000000002404
  0
LINE
  5
8AB1
330
1F
100
AcDbEntity
  8
Calque1
100
AcDbLine
 10
631.121644697014
 20
182.1632757046948
 30
0.0
 11
629.360232898886
 21
181.3419158940633
 31
0.0
  0
LINE
  5
8AB2
330
1F
100
AcDbEntity
  8
Calque1
100
AcDbLine
 10
631.7988100324285
 20
184.0237721729837
 30
0.0
 11
630.9774502217963
 21
185.7851839711132
 31
0.0
  0
ARC
  5
8AB3
330
1F
100
AcDbEntity
  8
Calque1
100
AcDbCircle
 10
630.8925022453918
 20
183.6011539112431
 30
0.0
 40
1.0
100
AcDbArc
 50
340.0000000000107
 51
24.99999999999492
  0
ARC
  5
8AB4
330
1F
100
AcDbEntity
  8
Calque1
100
AcDbCircle
 10
630.6990264352732
 20
183.0695834917315
 30
0.0
 40
1.0
100
AcDbArc
 50
295.0000000000066
 51
340.0000000000107
  0
LINE
  5
8AB5
330
1F
100
AcDbEntity
  8
Calque1
100
AcDbLine
 10
636.4892703475329
 20
143.9781953948878
 30
0.0
 11
635.2739872261881
 21
140.6392324607485
 31
0.0
  0
LINE
  5
8AB6
330
1F
100
AcDbEntity
  8
Calque1
100
AcDbLine
 10
629.3602328988845
 20
124.391325982281
 30
0.0
 11
628.2950247942383
 21
121.464690767745
 31
0.0
  0
LINE
  5
8AB7
330
1F
100
AcDbEntity
  8
Calque1
100
AcDbLine
 10
636.0953470368199
 20
138.8778206626223
 30
0.0
 11
635.2739872261881
 21
140.6392324607489
 31
0.0
  0
LINE
  5
8AB8
330
1F
100
AcDbEntity
  8
Calque1
100
AcDbLine
 10
631.121644697014
 20
125.2126857929127
 30
0.0
 11
629.360232898886
 21
124.3913259822812
 31
0.0
  0
LINE
  5
8AB9
330
1F
100
AcDbEntity
  8
Calque1
100
AcDbLine
 10
636.4892703475329
 20
86.93046005315233
 30
0.0
 11
635.2739872261881
 21
83.59149711901324
 31
0.0
  0
LINE
  5
8ABA
330
1F
100
AcDbEntity
  8
Calque1
100
AcDbLine
 10
629.3602328988845
 20
67.34359064054576
 30
0.0
 11
628.295024794238
 21
64.41695542600934
 31
0.0
  0
LINE
  5
8ABB
330
1F
100
AcDbEntity
  8
Calque1
100
AcDbLine
 10
636.0953470368199
 20
81.83008532088711
 30
0.0
 11
635.2739872261881
 21
83.59149711901324
 31
0.0
  0
LINE
  5
8ABC
330
1F
100
AcDbEntity
  8
Calque1
100
AcDbLine
 10
631.121644697014
 20
68.16495045117751
 30
0.0
 11
629.360232898886
 21
67.34359064054576
 31
0.0
  0
LINE
  5
8ABD
330
1F
100
AcDbEntity
  8
Calque1
100
AcDbLine
 10
636.4892703475329
 20
29.88272471141687
 30
0.0
 11
635.2739872261881
 21
26.54376177727778
 31
0.0
  0
LINE
  5
8ABE
330
1F
100
AcDbEntity
  8
Calque1
100
AcDbLine
 10
629.3602328988845
 20
10.29585529881029
 30
0.0
 11
628.2950247942383
 21
7.369220084273877
 31
0.0
  0
LINE
  5
8ABF
330
1F
100
AcDbEntity
  8
Calque1
100
AcDbLine
 10
636.0953470368199
 20
24.78234997915166
 30
0.0
 11
635.2739872261881
 21
26.54376177727778
 31
0.0
  0
LINE
  5
8AC0
330
1F
100
AcDbEntity
  8
Calque1
100
AcDbLine
 10
631.121644697014
 20
11.11721510944204
 30
0.0
 11
629.360232898886
 21
10.29585529881029
 31
0.0
  0
LINE
  5
8AC1
330
1F
100
AcDbEntity
  8
Calque1
100
AcDbLine
 10
557.7550617457973
 20
200.2838575849201
 30
0.0
 11
556.8320418679441
 21
196.8391005043746
 31
0.0
  0
LINE
  5
8AC2
330
1F
100
AcDbEntity
  8
Calque1
100
AcDbLine
 10
555.6082348746804
 20
192.271790626857
 30
0.0
 11
553.5806965117569
 21
184.7049144421324
 31
0.0
  0
LINE
  5
8AC3
330
1F
100
AcDbEntity
  8
Calque1
100
AcDbLine
 10
552.3568895184921
 20
180.1376045646114
 30
0.0
 11
551.5769149972791
 21
177.2267000228337
 31
0.0
  0
ARC
  5
8AC4
330
1F
100
AcDbEntity
  8
Calque1
100
AcDbCircle
 10
553.508766649857
 20
176.7090619326289
 30
0.0
 40
2.0
100
AcDbArc
 50
165.0000000000055
 51
218.6905288992213
  0
LINE
  5
8AC5
330
1F
100
AcDbEntity
  8
Calque1
100
AcDbLine
 10
557.2913577447736
 20
193.2435420689854
 30
0.0
 11
555.6082348746804
 21
192.2717906268568
 31
0.0
  0
LINE
  5
8AC6
330
1F
100
AcDbEntity
  8
Calque1
100
AcDbLine
 10
557.8037933100711
 20
195.155977634284
 30
0.0
 11
556.8320418679438
 21
196.839100504375
 31
0.0
  0
ARC
  5
8AC7
330
1F
100
AcDbEntity
  8
Calque1
100
AcDbCircle
 10
556.937767906287
 20
194.6559776342836
 30
0.0
 40
1.0
100
AcDbArc
 50
345.0000000000056
 51
30.00000000001508
  0
LINE
  5
8AC8
330
1F
100
AcDbEntity
  8
Calque1
100
AcDbLine
 10
554.0400123885866
 20
181.1093560067391
 30
0.0
 11
552.3568895184939
 21
180.1376045646119
 31
0.0
  0
LINE
  5
8AC9
330
1F
100
AcDbEntity
  8
Calque1
100
AcDbLine
 10
554.5524479538848
 20
183.0217915720373
 30
0.0
 11
553.5806965117569
 21
184.7049144421324
 31
0.0
  0
ARC
  5
8ACA
330
1F
100
AcDbEntity
  8
Calque1
100
AcDbCircle
 10
553.6864225501004
 20
182.5217915720375
 30
0.0
 40
1.0
100
AcDbArc
 50
345.0000000000056
 51
29.99999999998742
  0
ARC
  5
8ACB
330
1F
100
AcDbEntity
  8
Calque1
100
AcDbCircle
 10
553.5400123885865
 20
181.9753814105236
 30
0.0
 40
1.0
100
AcDbArc
 50
299.9999999999989
 51
345.0000000000056
  0
LINE
  5
8ACC
330
1F
100
AcDbEntity
  8
Calque1
100
AcDbLine
 10
557.7550617457973
 20
143.333267673138
 30
0.0
 11
556.8320418679438
 21
139.8885105925924
 31
0.0
  0
LINE
  5
8ACD
330
1F
100
AcDbEntity
  8
Calque1
100
AcDbLine
 10
552.3568895184921
 20
123.1870146528293
 30
0.0
 11
551.5769149972791
 21
120.2761101110516
 31
0.0
  0
LINE
  5
8ACE
330
1F
100
AcDbEntity
  8
Calque1
100
AcDbLine
 10
557.8037933100711
 20
138.2053877225019
 30
0.0
 11
556.8320418679438
 21
139.8885105925929
 31
0.0
  0
LINE
  5
8ACF
330
1F
100
AcDbEntity
  8
Calque1
100
AcDbLine
 10
554.0400123885866
 20
124.158766094957
 30
0.0
 11
552.3568895184939
 21
123.1870146528297
 31
0.0
  0
LINE
  5
8AD0
330
1F
100
AcDbEntity
  8
Calque1
100
AcDbLine
 10
557.7550617457973
 20
86.28553233140207
 30
0.0
 11
556.8320418679441
 21
82.84077525085747
 31
0.0
  0
LINE
  5
8AD1
330
1F
100
AcDbEntity
  8
Calque1
100
AcDbLine
 10
552.3568895184923
 20
66.13927931109407
 30
0.0
 11
551.5769149972789
 21
63.22837476931596
 31
0.0
  0
LINE
  5
8AD2
330
1F
100
AcDbEntity
  8
Calque1
100
AcDbLine
 10
557.8037933100711
 20
81.1576523807667
 30
0.0
 11
556.8320418679438
 21
82.84077525085747
 31
0.0
  0
LINE
  5
8AD3
330
1F
100
AcDbEntity
  8
Calque1
100
AcDbLine
 10
554.0400123885867
 20
67.11103075322177
 30
0.0
 11
552.3568895184939
 21
66.13927931109452
 31
0.0
  0
LINE
  5
8AD4
330
1F
100
AcDbEntity
  8
Calque1
100
AcDbLine
 10
557.7550617457973
 20
29.23779698966661
 30
0.0
 11
556.8320418679441
 21
25.793039909122
 31
0.0
  0
LINE
  5
8AD5
330
1F
100
AcDbEntity
  8
Calque1
100
AcDbLine
 10
552.3568895184923
 20
9.09154396935861
 30
0.0
 11
551.5769149972789
 21
6.180639427580501
 31
0.0
  0
ARC
  5
8AD6
330
1F
100
AcDbEntity
  8
Calque1
100
AcDbCircle
 10
553.508766649857
 20
5.663001337375646
 30
0.0
 40
2.0
100
AcDbArc
 50
165.0000000000055
 51
218.6905288992213
  0
LINE
  5
8AD7
330
1F
100
AcDbEntity
  8
Calque1
100
AcDbLine
 10
557.8037933100711
 20
24.10991703903125
 30
0.0
 11
556.8320418679438
 21
25.793039909122
 31
0.0
  0
LINE
  5
8AD8
330
1F
100
AcDbEntity
  8
Calque1
100
AcDbLine
 10
554.0400123885867
 20
10.06329541148631
 30
0.0
 11
552.3568895184939
 21
9.091543969359065
 31
0.0
  0
LINE
  5
8AD9
330
1F
100
AcDbEntity
  8
Calque1
100
AcDbLine
 10
893.0002932837775
 20
195.1371649780756
 30
0.0
 11
891.0863165753605
 21
194.7996792439335
 31
0.0
  0
LINE
  5
8ADA
330
1F
100
AcDbEntity
  8
Calque1
100
AcDbLine
 10
894.1359166892604
 20
196.7590032810267
 30
0.0
 11
893.7984309551186
 21
198.6729799894413
 31
0.0
  0
ARC
  5
8ADB
330
1F
100
AcDbEntity
  8
Calque1
100
AcDbCircle
 10
893.1511089362484
 20
196.5853551033595
 30
0.0
 40
1.0
100
AcDbArc
 50
325.0000000000026
 51
10.00000000001785
  0
LINE
  5
8ADC
330
1F
100
AcDbEntity
  8
Calque1
100
AcDbLine
 10
885.7948919887922
 20
184.8467854808639
 30
0.0
 11
883.8809152803767
 21
184.5092997467228
 31
0.0
  0
LINE
  5
8ADD
330
1F
100
AcDbEntity
  8
Calque1
100
AcDbLine
 10
886.9305153942757
 20
186.4686237838146
 30
0.0
 11
886.5930296601346
 21
188.3826004922321
 31
0.0
  0
ARC
  5
8ADE
330
1F
100
AcDbEntity
  8
Calque1
100
AcDbCircle
 10
885.9457076412635
 20
186.2949756061478
 30
0.0
 40
1.0
100
AcDbArc
 50
325.0000000000221
 51
9.999999999978232
  0
ARC
  5
8ADF
330
1F
100
AcDbEntity
  8
Calque1
100
AcDbCircle
 10
885.6212438111255
 20
185.831593233876
 30
0.0
 40
1.0
100
AcDbArc
 50
280.0000000000053
 51
325.0000000000221
  0
LINE
  5
8AE0
330
1F
100
AcDbEntity
  8
Calque1
100
AcDbLine
 10
882.0027720933273
 20
124.8764433859792
 30
0.0
 11
883.8809152803767
 21
127.5587098349404
 31
0.0
  0
LINE
  5
8AE1
330
1F
100
AcDbEntity
  8
Calque1
100
AcDbLine
 10
893.7984309551186
 20
141.7223900776594
 30
0.0
 11
895.8152736746869
 21
144.6027399875239
 31
0.0
  0
LINE
  5
8AE2
330
1F
100
AcDbEntity
  8
Calque1
100
AcDbLine
 10
894.1359166892604
 20
139.8084133692446
 30
0.0
 11
893.7984309551186
 21
141.7223900776592
 31
0.0
  0
LINE
  5
8AE3
330
1F
100
AcDbEntity
  8
Calque1
100
AcDbLine
 10
885.7948919887922
 20
127.8961955690818
 30
0.0
 11
883.8809152803767
 21
127.5587098349406
 31
0.0
  0
LINE
  5
8AE4
330
1F
100
AcDbEntity
  8
Calque1
100
AcDbLine
 10
882.0027720933273
 20
67.82870804424425
 30
0.0
 11
883.8809152803767
 21
70.51097449320519
 31
0.0
  0
LINE
  5
8AE5
330
1F
100
AcDbEntity
  8
Calque1
100
AcDbLine
 10
893.7984309551186
 20
84.67465473592444
 30
0.0
 11
895.8152736746868
 21
87.55500464578842
 31
0.0
  0
LINE
  5
8AE6
330
1F
100
AcDbEntity
  8
Calque1
100
AcDbLine
 10
894.1359166892604
 20
82.76067802750963
 30
0.0
 11
893.7984309551186
 21
84.67465473592444
 31
0.0
  0
LINE
  5
8AE7
330
1F
100
AcDbEntity
  8
Calque1
100
AcDbLine
 10
885.7948919887922
 20
70.84846022734661
 30
0.0
 11
883.8809152803767
 21
70.51097449320565
 31
0.0
  0
LINE
  5
8AE8
330
1F
100
AcDbEntity
  8
Calque1
100
AcDbLine
 10
882.0027720933273
 20
10.78097270250879
 30
0.0
 11
883.8809152803767
 21
13.46323915146973
 31
0.0
  0
LINE
  5
8AE9
330
1F
100
AcDbEntity
  8
Calque1
100
AcDbLine
 10
893.7984309551186
 20
27.62691939418898
 30
0.0
 11
895.8063621126589
 21
30.49454227450593
 31
0.0
  0
LINE
  5
8AEA
330
1F
100
AcDbEntity
  8
Calque1
100
AcDbLine
 10
894.1359166892604
 20
25.71294268577418
 30
0.0
 11
893.7984309551186
 21
27.62691939418898
 31
0.0
  0
LINE
  5
8AEB
330
1F
100
AcDbEntity
  8
Calque1
100
AcDbLine
 10
885.7948919887922
 20
13.80072488561114
 30
0.0
 11
883.8809152803767
 21
13.46323915147019
 31
0.0
  0
LINE
  5
8AEC
330
1F
100
AcDbEntity
  8
Calque1
100
AcDbLine
 10
723.6719109439675
 20
195.4142695043318
 30
0.0
 11
723.4328419529833
 21
194.901584398687
 31
0.0
  0
ARC
  5
8AED
330
1F
100
AcDbEntity
  8
Calque1
100
AcDbCircle
 10
722.5265341659467
 20
195.3242026604276
 30
0.0
 40
1.0
100
AcDbArc
 50
290.000000000031
 51
335.0000000000051
  0
LINE
  5
8AEE
330
1F
100
AcDbEntity
  8
Calque1
100
AcDbLine
 10
718.3628815322935
 20
184.0290191898064
 30
0.0
 11
718.1238125413092
 21
183.5163340841614
 31
0.0
  0
LINE
  5
8AEF
330
1F
100
AcDbEntity
  8
Calque1
100
AcDbLine
 10
721.042258990461
 20
136.7692029928305
 30
0.0
 11
717.7315492310158
 21
129.6693630019029
 31
0.0
  0
LINE
  5
8AF0
330
1F
100
AcDbEntity
  8
Calque1
100
AcDbLine
 10
722.8685543092729
 20
137.4339201278597
 30
0.0
 11
721.0422589904608
 21
136.7692029928312
 31
0.0
  0
ARC
  5
8AF1
330
1F
100
AcDbEntity
  8
Calque1
100
AcDbCircle
 10
722.7656031569306
 20
138.88629785429
 30
0.0
 40
1.0
100
AcDbArc
 50
335.0000000000051
 51
20.00000000001818
  0
LINE
  5
8AF2
330
1F
100
AcDbEntity
  8
Calque1
100
AcDbLine
 10
718.3962663660429
 20
127.8430676830904
 30
0.0
 11
717.7315492310158
 21
129.6693630019031
 31
0.0
  0
ARC
  5
8AF3
330
1F
100
AcDbEntity
  8
Calque1
100
AcDbCircle
 10
717.4565737452569
 20
127.5010475397649
 30
0.0
 40
1.0
100
AcDbArc
 50
335.0000000000051
 51
19.99999999998924
  0
ARC
  5
8AF4
330
1F
100
AcDbEntity
  8
Calque1
100
AcDbCircle
 10
717.2175047542728
 20
126.9883624341201
 30
0.0
 40
1.0
100
AcDbArc
 50
289.9999999999898
 51
335.0000000000051
  0
LINE
  5
8AF5
330
1F
100
AcDbEntity
  8
Calque1
100
AcDbLine
 10
723.6719109439675
 20
138.4636795925497
 30
0.0
 11
723.4328419529833
 21
137.9509944869049
 31
0.0
  0
ARC
  5
8AF6
330
1F
100
AcDbEntity
  8
Calque1
100
AcDbCircle
 10
722.5265341659467
 20
138.3736127486455
 30
0.0
 40
1.0
100
AcDbArc
 50
290.000000000031
 51
335.0000000000051
  0
LINE
  5
8AF7
330
1F
100
AcDbEntity
  8
Calque1
100
AcDbLine
 10
718.3628815322935
 20
127.0784292780243
 30
0.0
 11
718.1238125413092
 21
126.5657441723793
 31
0.0
  0
LINE
  5
8AF8
330
1F
100
AcDbEntity
  8
Calque1
100
AcDbLine
 10
721.042258990461
 20
79.72146765109489
 30
0.0
 11
717.7315492310158
 21
72.62162766016723
 31
0.0
  0
LINE
  5
8AF9
330
1F
100
AcDbEntity
  8
Calque1
100
AcDbLine
 10
722.8685543092729
 20
80.38618478612404
 30
0.0
 11
721.0422589904608
 21
79.72146765109579
 31
0.0
  0
ARC
  5
8AFA
330
1F
100
AcDbEntity
  8
Calque1
100
AcDbCircle
 10
722.7656031569306
 20
81.83856251255434
 30
0.0
 40
1.0
100
AcDbArc
 50
335.0000000000051
 51
20.00000000001818
  0
LINE
  5
8AFB
330
1F
100
AcDbEntity
  8
Calque1
100
AcDbLine
 10
718.3962663660429
 20
70.79533234135493
 30
0.0
 11
717.7315492310158
 21
72.62162766016723
 31
0.0
  0
ARC
  5
8AFC
330
1F
100
AcDbEntity
  8
Calque1
100
AcDbCircle
 10
717.4565737452569
 20
70.45331219802943
 30
0.0
 40
1.0
100
AcDbArc
 50
335.0000000000051
 51
19.99999999998924
  0
ARC
  5
8AFD
330
1F
100
AcDbEntity
  8
Calque1
100
AcDbCircle
 10
717.2175047542728
 20
69.94062709238466
 30
0.0
 40
1.0
100
AcDbArc
 50
289.9999999999898
 51
335.0000000000051
  0
LINE
  5
8AFE
330
1F
100
AcDbEntity
  8
Calque1
100
AcDbLine
 10
723.6719109439675
 20
81.41594425081398
 30
0.0
 11
723.4328419529833
 21
80.90325914516922
 31
0.0
  0
ARC
  5
8AFF
330
1F
100
AcDbEntity
  8
Calque1
100
AcDbCircle
 10
722.5265341659467
 20
81.32587740691002
 30
0.0
 40
1.0
100
AcDbArc
 50
290.000000000031
 51
335.0000000000051
  0
LINE
  5
8B00
330
1F
100
AcDbEntity
  8
Calque1
100
AcDbLine
 10
718.3628815322935
 20
70.03069393628862
 30
0.0
 11
718.1238125413092
 21
69.5180088306434
 31
0.0
  0
LINE
  5
8B01
330
1F
100
AcDbEntity
  8
Calque1
100
AcDbLine
 10
721.042258990461
 20
22.67373230935942
 30
0.0
 11
717.7315492310158
 21
15.57389231843177
 31
0.0
  0
LINE
  5
8B02
330
1F
100
AcDbEntity
  8
Calque1
100
AcDbLine
 10
722.8685543092729
 20
23.33844944438857
 30
0.0
 11
721.0422589904608
 21
22.67373230936033
 31
0.0
  0
ARC
  5
8B03
330
1F
100
AcDbEntity
  8
Calque1
100
AcDbCircle
 10
722.7656031569306
 20
24.79082717081889
 30
0.0
 40
1.0
100
AcDbArc
 50
335.0000000000051
 51
20.00000000001818
  0
LINE
  5
8B04
330
1F
100
AcDbEntity
  8
Calque1
100
AcDbLine
 10
718.3962663660429
 20
13.74759699961947
 30
0.0
 11
717.7315492310158
 21
15.57389231843177
 31
0.0
  0
ARC
  5
8B05
330
1F
100
AcDbEntity
  8
Calque1
100
AcDbCircle
 10
717.4565737452569
 20
13.40557685629397
 30
0.0
 40
1.0
100
AcDbArc
 50
335.0000000000051
 51
19.99999999998924
  0
ARC
  5
8B06
330
1F
100
AcDbEntity
  8
Calque1
100
AcDbCircle
 10
717.2175047542728
 20
12.8928917506492
 30
0.0
 40
1.0
100
AcDbArc
 50
289.9999999999898
 51
335.0000000000051
  0
LINE
  5
8B07
330
1F
100
AcDbEntity
  8
Calque1
100
AcDbLine
 10
723.6719109439675
 20
24.36820890907853
 30
0.0
 11
723.4328419529833
 21
23.85552380343376
 31
0.0
  0
ARC
  5
8B08
330
1F
100
AcDbEntity
  8
Calque1
100
AcDbCircle
 10
722.5265341659467
 20
24.27814206517457
 30
0.0
 40
1.0
100
AcDbArc
 50
290.000000000031
 51
335.0000000000051
  0
LINE
  5
8B09
330
1F
100
AcDbEntity
  8
Calque1
100
AcDbLine
 10
718.3628815322935
 20
12.98295859455317
 30
0.0
 11
718.1238125413092
 21
12.47027348890793
 31
0.0
  0
LINE
  5
8B0A
330
1F
100
AcDbEntity
  8
Calque1
100
AcDbLine
 10
636.1287318705694
 20
195.0637721693381
 30
0.0
 11
635.9352560604508
 21
194.5322017498266
 31
0.0
  0
ARC
  5
8B0B
330
1F
100
AcDbEntity
  8
Calque1
100
AcDbCircle
 10
634.9955634396649
 20
194.8742218931523
 30
0.0
 40
1.0
100
AcDbArc
 50
295.0000000000212
 51
340.0000000000107
  0
LINE
  5
8B0C
330
1F
100
AcDbEntity
  8
Calque1
100
AcDbLine
 10
631.8321948661778
 20
183.2591337679176
 30
0.0
 11
631.6387190560592
 21
182.7275633484058
 31
0.0
  0
LINE
  5
8B0D
330
1F
100
AcDbEntity
  8
Calque1
100
AcDbLine
 10
633.6567699032773
 20
136.1959643837008
 30
0.0
 11
630.9774502217963
 21
128.8345940593313
 31
0.0
  0
LINE
  5
8B0E
330
1F
100
AcDbEntity
  8
Calque1
100
AcDbLine
 10
635.4181817014059
 20
137.0173241943337
 30
0.0
 11
633.6567699032773
 21
136.1959643837011
 31
0.0
  0
ARC
  5
8B0F
330
1F
100
AcDbEntity
  8
Calque1
100
AcDbCircle
 10
635.1890392497835
 20
138.4552024008813
 30
0.0
 40
1.0
100
AcDbArc
 50
339.9999999999979
 51
25.00000000002404
  0
LINE
  5
8B10
330
1F
100
AcDbEntity
  8
Calque1
100
AcDbLine
 10
631.7988100324285
 20
127.0731822612015
 30
0.0
 11
630.9774502217963
 21
128.8345940593311
 31
0.0
  0
ARC
  5
8B11
330
1F
100
AcDbEntity
  8
Calque1
100
AcDbCircle
 10
630.8925022453918
 20
126.650563999461
 30
0.0
 40
1.0
100
AcDbArc
 50
340.0000000000107
 51
24.99999999999492
  0
ARC
  5
8B12
330
1F
100
AcDbEntity
  8
Calque1
100
AcDbCircle
 10
630.6990264352732
 20
126.1189935799494
 30
0.0
 40
1.0
100
AcDbArc
 50
294.9999999999927
 51
340.0000000000107
  0
LINE
  5
8B13
330
1F
100
AcDbEntity
  8
Calque1
100
AcDbLine
 10
636.1287318705694
 20
138.113182257556
 30
0.0
 11
635.9352560604508
 21
137.5816118380444
 31
0.0
  0
ARC
  5
8B14
330
1F
100
AcDbEntity
  8
Calque1
100
AcDbCircle
 10
634.9955634396649
 20
137.9236319813702
 30
0.0
 40
1.0
100
AcDbArc
 50
295.0000000000212
 51
340.0000000000107
  0
LINE
  5
8B15
330
1F
100
AcDbEntity
  8
Calque1
100
AcDbLine
 10
631.8321948661778
 20
126.3085438561355
 30
0.0
 11
631.6387190560592
 21
125.7769734366237
 31
0.0
  0
LINE
  5
8B16
330
1F
100
AcDbEntity
  8
Calque1
100
AcDbLine
 10
633.6567699032773
 20
79.1482290419654
 30
0.0
 11
630.9774502217963
 21
71.78685871759586
 31
0.0
  0
LINE
  5
8B17
330
1F
100
AcDbEntity
  8
Calque1
100
AcDbLine
 10
635.4181817014059
 20
79.96958885259852
 30
0.0
 11
633.6567699032773
 21
79.1482290419654
 31
0.0
  0
ARC
  5
8B18
330
1F
100
AcDbEntity
  8
Calque1
100
AcDbCircle
 10
635.1890392497835
 20
81.40746705914585
 30
0.0
 40
1.0
100
AcDbArc
 50
339.9999999999979
 51
25.00000000002404
  0
LINE
  5
8B19
330
1F
100
AcDbEntity
  8
Calque1
100
AcDbLine
 10
631.7988100324285
 20
70.0254469194661
 30
0.0
 11
630.9774502217963
 21
71.7868587175954
 31
0.0
  0
ARC
  5
8B1A
330
1F
100
AcDbEntity
  8
Calque1
100
AcDbCircle
 10
630.8925022453918
 20
69.60282865772575
 30
0.0
 40
1.0
100
AcDbArc
 50
340.0000000000107
 51
24.99999999999492
  0
ARC
  5
8B1B
330
1F
100
AcDbEntity
  8
Calque1
100
AcDbCircle
 10
630.6990264352732
 20
69.07125823821394
 30
0.0
 40
1.0
100
AcDbArc
 50
294.9999999999927
 51
340.0000000000107
  0
LINE
  5
8B1C
330
1F
100
AcDbEntity
  8
Calque1
100
AcDbLine
 10
636.1287318705694
 20
81.06544691582081
 30
0.0
 11
635.9352560604508
 21
80.533876496309
 31
0.0
  0
ARC
  5
8B1D
330
1F
100
AcDbEntity
  8
Calque1
100
AcDbCircle
 10
634.9955634396649
 20
80.8758966396345
 30
0.0
 40
1.0
100
AcDbArc
 50
295.0000000000212
 51
340.0000000000107
  0
LINE
  5
8B1E
330
1F
100
AcDbEntity
  8
Calque1
100
AcDbLine
 10
631.8321948661778
 20
69.26080851440025
 30
0.0
 11
631.6387190560592
 21
68.72923809488844
 31
0.0
  0
LINE
  5
8B1F
330
1F
100
AcDbEntity
  8
Calque1
100
AcDbLine
 10
633.6567699032773
 20
22.10049370022995
 30
0.0
 11
630.9774502217963
 21
14.7391233758604
 31
0.0
  0
LINE
  5
8B20
330
1F
100
AcDbEntity
  8
Calque1
100
AcDbLine
 10
635.4181817014059
 20
22.92185351086306
 30
0.0
 11
633.6567699032773
 21
22.10049370022995
 31
0.0
  0
ARC
  5
8B21
330
1F
100
AcDbEntity
  8
Calque1
100
AcDbCircle
 10
635.1890392497835
 20
24.3597317174104
 30
0.0
 40
1.0
100
AcDbArc
 50
339.9999999999979
 51
25.00000000002404
  0
LINE
  5
8B22
330
1F
100
AcDbEntity
  8
Calque1
100
AcDbLine
 10
631.7988100324285
 20
12.97771157773064
 30
0.0
 11
630.9774502217963
 21
14.73912337585995
 31
0.0
  0
ARC
  5
8B23
330
1F
100
AcDbEntity
  8
Calque1
100
AcDbCircle
 10
630.8925022453918
 20
12.55509331599029
 30
0.0
 40
1.0
100
AcDbArc
 50
340.0000000000107
 51
24.99999999999492
  0
ARC
  5
8B24
330
1F
100
AcDbEntity
  8
Calque1
100
AcDbCircle
 10
630.6990264352732
 20
12.02352289647848
 30
0.0
 40
1.0
100
AcDbArc
 50
295.0000000000066
 51
340.0000000000107
  0
LINE
  5
8B25
330
1F
100
AcDbEntity
  8
Calque1
100
AcDbLine
 10
636.1287318705694
 20
24.01771157408536
 30
0.0
 11
635.9352560604508
 21
23.48614115457355
 31
0.0
  0
ARC
  5
8B26
330
1F
100
AcDbEntity
  8
Calque1
100
AcDbCircle
 10
634.9955634396649
 20
23.82816129789905
 30
0.0
 40
1.0
100
AcDbArc
 50
295.0000000000212
 51
340.0000000000107
  0
LINE
  5
8B27
330
1F
100
AcDbEntity
  8
Calque1
100
AcDbLine
 10
631.8321948661778
 20
12.21307317266479
 30
0.0
 11
631.6387190560592
 21
11.68150275315298
 31
0.0
  0
LINE
  5
8B28
330
1F
100
AcDbEntity
  8
Calque1
100
AcDbLine
 10
557.9036937325761
 20
194.3971585891816
 30
0.0
 11
557.7572835710623
 21
193.8507484276673
 31
0.0
  0
ARC
  5
8B29
330
1F
100
AcDbEntity
  8
Calque1
100
AcDbCircle
 10
556.7913577447732
 20
194.1095674727697
 30
0.0
 40
1.0
100
AcDbArc
 50
300.0000000000305
 51
345.0000000000056
  0
LINE
  5
8B2A
330
1F
100
AcDbEntity
  8
Calque1
100
AcDbLine
 10
554.6523483763894
 20
182.2629725269351
 30
0.0
 11
554.5059382148756
 21
181.716562365421
 31
0.0
  0
LINE
  5
8B2B
330
1F
100
AcDbEntity
  8
Calque1
100
AcDbLine
 10
555.6082348746804
 20
135.3212007150749
 30
0.0
 11
553.5806965117569
 21
127.7543245303503
 31
0.0
  0
LINE
  5
8B2C
330
1F
100
AcDbEntity
  8
Calque1
100
AcDbLine
 10
557.2913577447736
 20
136.2929521572032
 30
0.0
 11
555.6082348746804
 21
135.3212007150746
 31
0.0
  0
ARC
  5
8B2D
330
1F
100
AcDbEntity
  8
Calque1
100
AcDbCircle
 10
556.937767906287
 20
137.7053877225015
 30
0.0
 40
1.0
100
AcDbArc
 50
345.0000000000056
 51
30.00000000001508
  0
LINE
  5
8B2E
330
1F
100
AcDbEntity
  8
Calque1
100
AcDbLine
 10
554.5524479538848
 20
126.0712016602552
 30
0.0
 11
553.5806965117569
 21
127.7543245303503
 31
0.0
  0
ARC
  5
8B2F
330
1F
100
AcDbEntity
  8
Calque1
100
AcDbCircle
 10
553.6864225501004
 20
125.5712016602554
 30
0.0
 40
1.0
100
AcDbArc
 50
345.0000000000056
 51
29.99999999998742
  0
ARC
  5
8B30
330
1F
100
AcDbEntity
  8
Calque1
100
AcDbCircle
 10
553.5400123885865
 20
125.0247914987415
 30
0.0
 40
1.0
100
AcDbArc
 50
299.9999999999989
 51
345.0000000000056
  0
LINE
  5
8B31
330
1F
100
AcDbEntity
  8
Calque1
100
AcDbLine
 10
557.9036937325761
 20
137.4465686773995
 30
0.0
 11
557.7572835710623
 21
136.9001585158851
 31
0.0
  0
ARC
  5
8B32
330
1F
100
AcDbEntity
  8
Calque1
100
AcDbCircle
 10
556.7913577447732
 20
137.1589775609876
 30
0.0
 40
1.0
100
AcDbArc
 50
300.0000000000305
 51
345.0000000000056
  0
LINE
  5
8B33
330
1F
100
AcDbEntity
  8
Calque1
100
AcDbLine
 10
554.6523483763894
 20
125.312382615153
 30
0.0
 11
554.5059382148756
 21
124.7659724536388
 31
0.0
  0
LINE
  5
8B34
330
1F
100
AcDbEntity
  8
Calque1
100
AcDbLine
 10
555.6082348746804
 20
78.27346537333966
 30
0.0
 11
553.5806965117569
 21
70.70658918861505
 31
0.0
  0
LINE
  5
8B35
330
1F
100
AcDbEntity
  8
Calque1
100
AcDbLine
 10
557.2913577447736
 20
79.24521681546782
 30
0.0
 11
555.6082348746804
 21
78.27346537333966
 31
0.0
  0
ARC
  5
8B36
330
1F
100
AcDbEntity
  8
Calque1
100
AcDbCircle
 10
556.937767906287
 20
80.65765238076625
 30
0.0
 40
1.0
100
AcDbArc
 50
345.0000000000056
 51
30.00000000001508
  0
LINE
  5
8B37
330
1F
100
AcDbEntity
  8
Calque1
100
AcDbLine
 10
554.5524479538848
 20
69.02346631852021
 30
0.0
 11
553.5806965117569
 21
70.70658918861505
 31
0.0
  0
ARC
  5
8B38
330
1F
100
AcDbEntity
  8
Calque1
100
AcDbCircle
 10
553.6864225501004
 20
68.52346631852021
 30
0.0
 40
1.0
100
AcDbArc
 50
345.0000000000056
 51
29.99999999998742
  0
ARC
  5
8B39
330
1F
100
AcDbEntity
  8
Calque1
100
AcDbCircle
 10
553.5400123885865
 20
67.9770561570063
 30
0.0
 40
1.0
100
AcDbArc
 50
299.9999999999989
 51
345.0000000000056
  0
LINE
  5
8B3A
330
1F
100
AcDbEntity
  8
Calque1
100
AcDbLine
 10
557.9036937325761
 20
80.39883333566427
 30
0.0
 11
557.7572835710623
 21
79.85242317414992
 31
0.0
  0
ARC
  5
8B3B
330
1F
100
AcDbEntity
  8
Calque1
100
AcDbCircle
 10
556.7913577447732
 20
80.11124221925234
 30
0.0
 40
1.0
100
AcDbArc
 50
300.0000000000305
 51
345.0000000000056
  0
LINE
  5
8B3C
330
1F
100
AcDbEntity
  8
Calque1
100
AcDbLine
 10
554.6523483763894
 20
68.26464727341778
 30
0.0
 11
554.5059382148756
 21
67.71823711190342
 31
0.0
  0
LINE
  5
8B3D
330
1F
100
AcDbEntity
  8
Calque1
100
AcDbLine
 10
555.6082348746804
 20
21.2257300316042
 30
0.0
 11
553.5806965117569
 21
13.65885384687959
 31
0.0
  0
LINE
  5
8B3E
330
1F
100
AcDbEntity
  8
Calque1
100
AcDbLine
 10
557.2913577447736
 20
22.19748147373235
 30
0.0
 11
555.6082348746804
 21
21.2257300316042
 31
0.0
  0
ARC
  5
8B3F
330
1F
100
AcDbEntity
  8
Calque1
100
AcDbCircle
 10
556.937767906287
 20
23.60991703903079
 30
0.0
 40
1.0
100
AcDbArc
 50
345.0000000000056
 51
30.00000000001508
  0
LINE
  5
8B40
330
1F
100
AcDbEntity
  8
Calque1
100
AcDbLine
 10
554.5524479538848
 20
11.97573097678474
 30
0.0
 11
553.5806965117569
 21
13.65885384687959
 31
0.0
  0
ARC
  5
8B41
330
1F
100
AcDbEntity
  8
Calque1
100
AcDbCircle
 10
553.6864225501004
 20
11.47573097678474
 30
0.0
 40
1.0
100
AcDbArc
 50
345.0000000000056
 51
29.99999999998742
  0
ARC
  5
8B42
330
1F
100
AcDbEntity
  8
Calque1
100
AcDbCircle
 10
553.5400123885865
 20
10.92932081527084
 30
0.0
 40
1.0
100
AcDbArc
 50
299.9999999999989
 51
345.0000000000056
  0
LINE
  5
8B43
330
1F
100
AcDbEntity
  8
Calque1
100
AcDbLine
 10
557.9036937325761
 20
23.35109799392882
 30
0.0
 11
557.7572835710623
 21
22.80468783241446
 31
0.0
  0
ARC
  5
8B44
330
1F
100
AcDbEntity
  8
Calque1
100
AcDbCircle
 10
556.7913577447732
 20
23.06350687751689
 30
0.0
 40
1.0
100
AcDbArc
 50
300.0000000000305
 51
345.0000000000056
  0
LINE
  5
8B45
330
1F
100
AcDbEntity
  8
Calque1
100
AcDbLine
 10
554.6523483763894
 20
11.21691193168232
 30
0.0
 11
554.5059382148756
 21
10.67050177016796
 31
0.0
  0
LINE
  5
8B46
330
1F
100
AcDbEntity
  8
Calque1
100
AcDbLine
 10
795.7870669905092
 20
184.3292790435469
 30
0.0
 11
796.069909702984
 21
184.8191769921039
 31
0.0
  0
LINE
  5
8B47
330
1F
100
AcDbEntity
  8
Calque1
100
AcDbLine
 10
802.0681838899616
 20
195.208492641681
 30
0.0
 11
802.3510266024363
 21
195.6983905902382
 31
0.0
  0
ARC
  5
8B48
330
1F
100
AcDbEntity
  8
Calque1
100
AcDbCircle
 10
801.202158486177
 20
195.708492641681
 30
0.0
 40
1.0
100
AcDbArc
 50
285.0000000000217
 51
330.0000000000009
  0
LINE
  5
8B49
330
1F
100
AcDbEntity
  8
Calque1
100
AcDbLine
 10
795.6667945648319
 20
130.5046857547948
 30
0.0
 11
799.5836979019104
 21
137.2889613429525
 31
0.0
  0
LINE
  5
8B4A
330
1F
100
AcDbEntity
  8
Calque1
100
AcDbLine
 10
801.4609775312798
 20
137.79197690361
 30
0.0
 11
799.5836979019104
 21
137.2889613429523
 31
0.0
  0
ARC
  5
8B4B
330
1F
100
AcDbEntity
  8
Calque1
100
AcDbCircle
 10
801.4850011986519
 20
139.2478006784559
 30
0.0
 40
1.0
100
AcDbArc
 50
330.0000000000009
 51
15.00000000002287
  0
LINE
  5
8B4C
330
1F
100
AcDbEntity
  8
Calque1
100
AcDbLine
 10
796.1698101254885
 20
128.627406125424
 30
0.0
 11
795.6667945648319
 21
130.5046857547946
 31
0.0
  0
ARC
  5
8B4D
330
1F
100
AcDbEntity
  8
Calque1
100
AcDbCircle
 10
795.2038842991994
 20
128.3685870803218
 30
0.0
 40
1.0
100
AcDbArc
 50
330.0000000000009
 51
14.99999999998344
  0
ARC
  5
8B4E
330
1F
100
AcDbEntity
  8
Calque1
100
AcDbCircle
 10
794.9210415867246
 20
127.878689131765
 30
0.0
 40
1.0
100
AcDbArc
 50
284.9999999999944
 51
330.0000000000009
  0
LINE
  5
8B4F
330
1F
100
AcDbEntity
  8
Calque1
100
AcDbLine
 10
795.7870669905092
 20
127.3786891317648
 30
0.0
 11
796.069909702984
 21
127.8685870803218
 31
0.0
  0
LINE
  5
8B50
330
1F
100
AcDbEntity
  8
Calque1
100
AcDbLine
 10
802.0681838899616
 20
138.2579027298989
 30
0.0
 11
802.3510266024363
 21
138.7478006784561
 31
0.0
  0
ARC
  5
8B51
330
1F
100
AcDbEntity
  8
Calque1
100
AcDbCircle
 10
801.202158486177
 20
138.7579027298989
 30
0.0
 40
1.0
100
AcDbArc
 50
285.0000000000217
 51
330.0000000000009
  0
LINE
  5
8B52
330
1F
100
AcDbEntity
  8
Calque1
100
AcDbLine
 10
795.6667945648319
 20
73.45695041305958
 30
0.0
 11
799.5836979019104
 21
80.24122600121705
 31
0.0
  0
LINE
  5
8B53
330
1F
100
AcDbEntity
  8
Calque1
100
AcDbLine
 10
801.4609775312798
 20
80.74424156187484
 30
0.0
 11
799.5836979019104
 21
80.24122600121705
 31
0.0
  0
ARC
  5
8B54
330
1F
100
AcDbEntity
  8
Calque1
100
AcDbCircle
 10
801.4850011986519
 20
82.20006533672046
 30
0.0
 40
1.0
100
AcDbArc
 50
330.0000000000009
 51
15.00000000002287
  0
LINE
  5
8B55
330
1F
100
AcDbEntity
  8
Calque1
100
AcDbLine
 10
796.1698101254885
 20
71.57967078368898
 30
0.0
 11
795.6667945648319
 21
73.45695041305958
 31
0.0
  0
ARC
  5
8B56
330
1F
100
AcDbEntity
  8
Calque1
100
AcDbCircle
 10
795.2038842991994
 20
71.32085173858655
 30
0.0
 40
1.0
100
AcDbArc
 50
330.0000000000009
 51
14.99999999998344
  0
ARC
  5
8B57
330
1F
100
AcDbEntity
  8
Calque1
100
AcDbCircle
 10
794.9210415867246
 20
70.83095379002958
 30
0.0
 40
1.0
100
AcDbArc
 50
284.9999999999944
 51
330.0000000000009
  0
LINE
  5
8B58
330
1F
100
AcDbEntity
  8
Calque1
100
AcDbLine
 10
795.7870669905092
 20
70.33095379002958
 30
0.0
 11
796.069909702984
 21
70.82085173858655
 31
0.0
  0
LINE
  5
8B59
330
1F
100
AcDbEntity
  8
Calque1
100
AcDbLine
 10
802.0681838899616
 20
81.21016738816349
 30
0.0
 11
802.3510266024363
 21
81.70006533672092
 31
0.0
  0
ARC
  5
8B5A
330
1F
100
AcDbEntity
  8
Calque1
100
AcDbCircle
 10
801.202158486177
 20
81.71016738816348
 30
0.0
 40
1.0
100
AcDbArc
 50
285.0000000000217
 51
330.0000000000009
  0
LINE
  5
8B5B
330
1F
100
AcDbEntity
  8
Calque1
100
AcDbLine
 10
795.6667945648319
 20
16.40921507132413
 30
0.0
 11
799.5836979019104
 21
23.1934906594816
 31
0.0
  0
LINE
  5
8B5C
330
1F
100
AcDbEntity
  8
Calque1
100
AcDbLine
 10
801.4609775312798
 20
23.69650622013939
 30
0.0
 11
799.5836979019104
 21
23.1934906594816
 31
0.0
  0
ARC
  5
8B5D
330
1F
100
AcDbEntity
  8
Calque1
100
AcDbCircle
 10
801.4850011986519
 20
25.152329994985
 30
0.0
 40
1.0
100
AcDbArc
 50
330.0000000000009
 51
15.00000000002287
  0
LINE
  5
8B5E
330
1F
100
AcDbEntity
  8
Calque1
100
AcDbLine
 10
796.1698101254885
 20
14.53193544195352
 30
0.0
 11
795.6667945648319
 21
16.40921507132413
 31
0.0
  0
ARC
  5
8B5F
330
1F
100
AcDbEntity
  8
Calque1
100
AcDbCircle
 10
795.2038842991994
 20
14.27311639685109
 30
0.0
 40
1.0
100
AcDbArc
 50
330.0000000000009
 51
14.99999999998344
  0
ARC
  5
8B60
330
1F
100
AcDbEntity
  8
Calque1
100
AcDbCircle
 10
794.9210415867246
 20
13.78321844829412
 30
0.0
 40
1.0
100
AcDbArc
 50
284.9999999999944
 51
330.0000000000009
  0
LINE
  5
8B61
330
1F
100
AcDbEntity
  8
Calque1
100
AcDbLine
 10
795.7870669905092
 20
13.28321844829412
 30
0.0
 11
796.069909702984
 21
13.77311639685109
 31
0.0
  0
LINE
  5
8B62
330
1F
100
AcDbEntity
  8
Calque1
100
AcDbLine
 10
802.0681838899616
 20
24.16243204642802
 30
0.0
 11
802.3510266024363
 21
24.65232999498545
 31
0.0
  0
ARC
  5
8B63
330
1F
100
AcDbEntity
  8
Calque1
100
AcDbCircle
 10
801.202158486177
 20
24.66243204642803
 30
0.0
 40
1.0
100
AcDbArc
 50
285.0000000000217
 51
330.0000000000009
  0
LINE
  5
8B64
330
1F
100
AcDbEntity
  8
Calque1
100
AcDbLine
 10
886.4403958554142
 20
185.2580167975248
 30
0.0
 11
886.7648596855527
 21
185.721399169797
 31
0.0
  0
LINE
  5
8B65
330
1F
100
AcDbEntity
  8
Calque1
100
AcDbLine
 10
893.6457971503992
 20
195.5483962947367
 30
0.0
 11
893.9702609805374
 21
196.0117786670087
 31
0.0
  0
ARC
  5
8B66
330
1F
100
AcDbEntity
  8
Calque1
100
AcDbCircle
 10
892.8266451061102
 20
196.1219727310877
 30
0.0
 40
1.0
100
AcDbArc
 50
280.0000000000184
 51
325.0000000000026
  0
LINE
  5
8B67
330
1F
100
AcDbEntity
  8
Calque1
100
AcDbLine
 10
886.5930296601346
 20
131.4320105804498
 30
0.0
 11
891.0863165753609
 21
137.8490893321516
 31
0.0
  0
LINE
  5
8B68
330
1F
100
AcDbEntity
  8
Calque1
100
AcDbLine
 10
893.0002932837775
 20
138.1865750662935
 30
0.0
 11
891.0863165753605
 21
137.8490893321514
 31
0.0
  0
ARC
  5
8B69
330
1F
100
AcDbEntity
  8
Calque1
100
AcDbCircle
 10
893.1511089362484
 20
139.6347651915774
 30
0.0
 40
1.0
100
AcDbArc
 50
325.0000000000026
 51
10.00000000001785
  0
LINE
  5
8B6A
330
1F
100
AcDbEntity
  8
Calque1
100
AcDbLine
 10
886.9305153942757
 20
129.5180338720325
 30
0.0
 11
886.5930296601346
 21
131.43201058045
 31
0.0
  0
ARC
  5
8B6B
330
1F
100
AcDbEntity
  8
Calque1
100
AcDbCircle
 10
885.9457076412635
 20
129.3443856943657
 30
0.0
 40
1.0
100
AcDbArc
 50
325.0000000000221
 51
9.999999999978232
  0
ARC
  5
8B6C
330
1F
100
AcDbEntity
  8
Calque1
100
AcDbCircle
 10
885.6212438111251
 20
128.8810033220939
 30
0.0
 40
1.0
100
AcDbArc
 50
280.0000000000053
 51
325.0000000000221
  0
LINE
  5
8B6D
330
1F
100
AcDbEntity
  8
Calque1
100
AcDbLine
 10
886.4403958554142
 20
128.3074268857427
 30
0.0
 11
886.7648596855524
 21
128.7708092580149
 31
0.0
  0
LINE
  5
8B6E
330
1F
100
AcDbEntity
  8
Calque1
100
AcDbLine
 10
893.6457971503992
 20
138.5978063829546
 30
0.0
 11
893.9702609805374
 21
139.0611887552266
 31
0.0
  0
ARC
  5
8B6F
330
1F
100
AcDbEntity
  8
Calque1
100
AcDbCircle
 10
892.8266451061102
 20
139.1713828193056
 30
0.0
 40
1.0
100
AcDbArc
 50
280.0000000000184
 51
325.0000000000026
  0
LINE
  5
8B70
330
1F
100
AcDbEntity
  8
Calque1
100
AcDbLine
 10
886.5930296601346
 20
74.38427523871457
 30
0.0
 11
891.0863165753609
 21
80.80135399041598
 31
0.0
  0
LINE
  5
8B71
330
1F
100
AcDbEntity
  8
Calque1
100
AcDbLine
 10
893.0002932837775
 20
81.13883972455829
 30
0.0
 11
891.0863165753605
 21
80.80135399041598
 31
0.0
  0
ARC
  5
8B72
330
1F
100
AcDbEntity
  8
Calque1
100
AcDbCircle
 10
893.1511089362484
 20
82.58702984984216
 30
0.0
 40
1.0
100
AcDbArc
 50
325.0000000000026
 51
10.00000000001785
  0
LINE
  5
8B73
330
1F
100
AcDbEntity
  8
Calque1
100
AcDbLine
 10
886.9305153942757
 20
72.47029853029705
 30
0.0
 11
886.5930296601346
 21
74.38427523871457
 31
0.0
  0
ARC
  5
8B74
330
1F
100
AcDbEntity
  8
Calque1
100
AcDbCircle
 10
885.9457076412635
 20
72.29665035263048
 30
0.0
 40
1.0
100
AcDbArc
 50
325.0000000000221
 51
9.999999999978232
  0
ARC
  5
8B75
330
1F
100
AcDbEntity
  8
Calque1
100
AcDbCircle
 10
885.6212438111255
 20
71.83326798035847
 30
0.0
 40
1.0
100
AcDbArc
 50
280.0000000000053
 51
325.0000000000221
  0
LINE
  5
8B76
330
1F
100
AcDbEntity
  8
Calque1
100
AcDbLine
 10
886.4403958554142
 20
71.25969154400724
 30
0.0
 11
886.7648596855527
 21
71.7230739162797
 31
0.0
  0
LINE
  5
8B77
330
1F
100
AcDbEntity
  8
Calque1
100
AcDbLine
 10
893.6457971503992
 20
81.55007104121892
 30
0.0
 11
893.9702609805374
 21
82.01345341349139
 31
0.0
  0
ARC
  5
8B78
330
1F
100
AcDbEntity
  8
Calque1
100
AcDbCircle
 10
892.8266451061102
 20
82.12364747757016
 30
0.0
 40
1.0
100
AcDbArc
 50
280.0000000000184
 51
325.0000000000026
  0
LINE
  5
8B79
330
1F
100
AcDbEntity
  8
Calque1
100
AcDbLine
 10
886.5930296601346
 20
17.3365398969791
 30
0.0
 11
891.0863165753609
 21
23.75361864868143
 31
0.0
  0
LINE
  5
8B7A
330
1F
100
AcDbEntity
  8
Calque1
100
AcDbLine
 10
893.0002932837775
 20
24.09110438282283
 30
0.0
 11
891.0863165753605
 21
23.75361864868097
 31
0.0
  0
ARC
  5
8B7B
330
1F
100
AcDbEntity
  8
Calque1
100
AcDbCircle
 10
893.1511089362484
 20
25.53929450810671
 30
0.0
 40
1.0
100
AcDbArc
 50
325.0000000000026
 51
10.00000000001785
  0
LINE
  5
8B7C
330
1F
100
AcDbEntity
  8
Calque1
100
AcDbLine
 10
886.9305153942757
 20
15.42256318856203
 30
0.0
 11
886.5930296601346
 21
17.33653989697956
 31
0.0
  0
ARC
  5
8B7D
330
1F
100
AcDbEntity
  8
Calque1
100
AcDbCircle
 10
885.9457076412635
 20
15.24891501089502
 30
0.0
 40
1.0
100
AcDbArc
 50
325.0000000000221
 51
9.999999999978232
  0
ARC
  5
8B7E
330
1F
100
AcDbEntity
  8
Calque1
100
AcDbCircle
 10
885.6212438111251
 20
14.78553263862346
 30
0.0
 40
1.0
100
AcDbArc
 50
280.0000000000053
 51
325.0000000000221
  0
LINE
  5
8B7F
330
1F
100
AcDbEntity
  8
Calque1
100
AcDbLine
 10
886.4403958554142
 20
14.21195620227223
 30
0.0
 11
886.7648596855524
 21
14.67533857454424
 31
0.0
  0
LINE
  5
8B80
330
1F
100
AcDbEntity
  8
Calque1
100
AcDbLine
 10
893.6457971503992
 20
24.50233569948438
 30
0.0
 11
893.9702609805374
 21
24.96571807175593
 31
0.0
  0
ARC
  5
8B81
330
1F
100
AcDbEntity
  8
Calque1
100
AcDbCircle
 10
892.8266451061102
 20
25.07591213583515
 30
0.0
 40
1.0
100
AcDbArc
 50
280.0000000000184
 51
325.0000000000026
  0
LINE
  5
8B82
330
1F
100
AcDbEntity
  8
Calque1
100
AcDbLine
 10
569.8721094410862
 20
116.6735169323547
 30
0.0
 11
572.8871096795042
 21
116.6735169323547
 31
0.0
  0
LINE
  5
8B83
330
1F
100
AcDbEntity
  8
Calque1
100
AcDbLine
 10
572.8871096795044
 20
116.6735169323547
 30
0.0
 11
574.3871096795041
 21
116.6735169323547
 31
0.0
  0
LINE
  5
8B84
330
1F
100
AcDbEntity
  8
Calque1
100
AcDbLine
 10
569.8721094410862
 20
59.62578159061928
 30
0.0
 11
574.3871096795041
 21
59.62578159061951
 31
0.0
  0
LINE
  5
8B85
330
1F
100
AcDbEntity
  8
Calque1
100
AcDbLine
 10
569.8721094410862
 20
2.578046248883822
 30
0.0
 11
574.3871096795139
 21
2.578046248884049
 31
0.0
  0
LINE
  5
8B86
330
1F
100
AcDbEntity
  8
Calque1
100
AcDbLine
 10
569.8721094410862
 20
173.6241068441368
 30
0.0
 11
574.3871096795041
 21
173.6241068441368
 31
0.0
  0
LINE
  5
8B87
330
1F
100
AcDbEntity
  8
Calque1
100
AcDbLine
 10
575.1871096795041
 20
117.4735169323547
 30
0.0
 11
575.1871096795041
 21
122.0951283246421
 31
0.0
  0
ARC
  5
8B88
330
1F
100
AcDbEntity
  8
Calque1
100
AcDbCircle
 10
574.3871096795041
 20
117.4735169323547
 30
0.0
 40
0.8
100
AcDbArc
 50
270.0
 51
0.0
  0
LINE
  5
8B89
330
1F
100
AcDbEntity
  8
Calque1
100
AcDbLine
 10
575.1871096795041
 20
60.42578159061946
 30
0.0
 11
575.1871096795041
 21
65.32658882947254
 31
0.0
  0
ARC
  5
8B8A
330
1F
100
AcDbEntity
  8
Calque1
100
AcDbCircle
 10
574.3871096795041
 20
60.42578159061946
 30
0.0
 40
0.8
100
AcDbArc
 50
270.0
 51
0.0
  0
LINE
  5
8B8B
330
1F
100
AcDbEntity
  8
Calque1
100
AcDbLine
 10
575.1871096795139
 20
3.378046248884004
 30
0.0
 11
575.1871096795139
 21
10.63630792885766
 31
0.0
  0
ARC
  5
8B8C
330
1F
100
AcDbEntity
  8
Calque1
100
AcDbCircle
 10
574.3871096795139
 20
3.378046248884004
 30
0.0
 40
0.8
100
AcDbArc
 50
270.0
 51
0.0
  0
LINE
  5
8B8D
330
1F
100
AcDbEntity
  8
Calque1
100
AcDbLine
 10
653.7148966740208
 20
174.4241068441368
 30
0.0
 11
653.7148966740208
 21
178.6935852489762
 31
0.0
  0
ARC
  5
8B8E
330
1F
100
AcDbEntity
  8
Calque1
100
AcDbCircle
 10
652.9148966740208
 20
174.4241068441368
 30
0.0
 40
0.8
100
AcDbArc
 50
270.0
 51
0.0
  0
LINE
  5
8B8F
330
1F
100
AcDbEntity
  8
Calque1
100
AcDbLine
 10
739.9847821082005
 20
174.4241068441368
 30
0.0
 11
739.9847821082005
 21
178.6935852489762
 31
0.0
  0
ARC
  5
8B90
330
1F
100
AcDbEntity
  8
Calque1
100
AcDbCircle
 10
739.1847821082006
 20
174.4241068441368
 30
0.0
 40
0.8
100
AcDbArc
 50
270.0
 51
0.0
  0
LINE
  5
8B91
330
1F
100
AcDbEntity
  8
Calque1
100
AcDbLine
 10
819.0121038219224
 20
174.4241068441368
 30
0.0
 11
819.0121038219224
 21
178.6935852489762
 31
0.0
  0
ARC
  5
8B92
330
1F
100
AcDbEntity
  8
Calque1
100
AcDbCircle
 10
818.2121038219225
 20
174.4241068441368
 30
0.0
 40
0.8
100
AcDbArc
 50
270.0
 51
0.0
  0
LINE
  5
8B93
330
1F
100
AcDbEntity
  8
Calque1
100
AcDbLine
 10
910.9534564418375
 20
174.4241068441368
 30
0.0
 11
910.9534564418375
 21
178.6935852489762
 31
0.0
  0
ARC
  5
8B94
330
1F
100
AcDbEntity
  8
Calque1
100
AcDbCircle
 10
910.1534564418376
 20
174.4241068441368
 30
0.0
 40
0.8
100
AcDbArc
 50
270.0
 51
0.0
  0
LINE
  5
8B95
330
1F
100
AcDbEntity
  8
Calque1
100
AcDbLine
 10
739.9847821082005
 20
117.4735169323547
 30
0.0
 11
739.9847821082005
 21
122.0951283246421
 31
0.0
  0
ARC
  5
8B96
330
1F
100
AcDbEntity
  8
Calque1
100
AcDbCircle
 10
739.1847821082006
 20
117.4735169323547
 30
0.0
 40
0.8
100
AcDbArc
 50
270.0
 51
0.0
  0
LINE
  5
8B97
330
1F
100
AcDbEntity
  8
Calque1
100
AcDbLine
 10
739.9847821082005
 20
60.42578159061924
 30
0.0
 11
739.9847821082005
 21
65.32658882947231
 31
0.0
  0
ARC
  5
8B98
330
1F
100
AcDbEntity
  8
Calque1
100
AcDbCircle
 10
739.1847821082006
 20
60.42578159061924
 30
0.0
 40
0.8
100
AcDbArc
 50
270.0
 51
0.0
  0
LINE
  5
8B99
330
1F
100
AcDbEntity
  8
Calque1
100
AcDbLine
 10
739.9847821082005
 20
3.378046248883777
 30
0.0
 11
739.9847821082005
 21
10.63630792885084
 31
0.0
  0
ARC
  5
8B9A
330
1F
100
AcDbEntity
  8
Calque1
100
AcDbCircle
 10
739.1847821082006
 20
3.378046248883777
 30
0.0
 40
0.8
100
AcDbArc
 50
270.0
 51
0.0
  0
LINE
  5
8B9B
330
1F
100
AcDbEntity
  8
Calque1
100
AcDbLine
 10
819.0121038219224
 20
3.378046248883777
 30
0.0
 11
819.0121038219224
 21
10.63630792885106
 31
0.0
  0
ARC
  5
8B9C
330
1F
100
AcDbEntity
  8
Calque1
100
AcDbCircle
 10
818.2121038219225
 20
3.378046248883777
 30
0.0
 40
0.8
100
AcDbArc
 50
270.0
 51
0.0
  0
LINE
  5
8B9D
330
1F
100
AcDbEntity
  8
Calque1
100
AcDbLine
 10
819.0121038219224
 20
60.42578159061924
 30
0.0
 11
819.0121038219224
 21
65.32658882947231
 31
0.0
  0
ARC
  5
8B9E
330
1F
100
AcDbEntity
  8
Calque1
100
AcDbCircle
 10
818.2121038219225
 20
60.42578159061924
 30
0.0
 40
0.8
100
AcDbArc
 50
270.0
 51
0.0
  0
LINE
  5
8B9F
330
1F
100
AcDbEntity
  8
Calque1
100
AcDbLine
 10
819.0121038219224
 20
117.4735169323547
 30
0.0
 11
819.0121038219224
 21
122.0951283246421
 31
0.0
  0
ARC
  5
8BA0
330
1F
100
AcDbEntity
  8
Calque1
100
AcDbCircle
 10
818.2121038219225
 20
117.4735169323547
 30
0.0
 40
0.8
100
AcDbArc
 50
270.0
 51
0.0
  0
LINE
  5
8BA1
330
1F
100
AcDbEntity
  8
Calque1
100
AcDbLine
 10
910.9534564418375
 20
117.4735169323547
 30
0.0
 11
910.9534564418375
 21
122.0951283246421
 31
0.0
  0
ARC
  5
8BA2
330
1F
100
AcDbEntity
  8
Calque1
100
AcDbCircle
 10
910.1534564418376
 20
117.4735169323547
 30
0.0
 40
0.8
100
AcDbArc
 50
270.0
 51
0.0
  0
LINE
  5
8BA3
330
1F
100
AcDbEntity
  8
Calque1
100
AcDbLine
 10
910.9534564418375
 20
60.42578159061924
 30
0.0
 11
910.9534564418375
 21
65.32658882947231
 31
0.0
  0
ARC
  5
8BA4
330
1F
100
AcDbEntity
  8
Calque1
100
AcDbCircle
 10
910.1534564418376
 20
60.42578159061924
 30
0.0
 40
0.8
100
AcDbArc
 50
270.0
 51
0.0
  0
LINE
  5
8BA5
330
1F
100
AcDbEntity
  8
Calque1
100
AcDbLine
 10
910.9534564418375
 20
3.378046248883777
 30
0.0
 11
910.9534564418375
 21
10.63630792885106
 31
0.0
  0
ARC
  5
8BA6
330
1F
100
AcDbEntity
  8
Calque1
100
AcDbCircle
 10
910.1534564418376
 20
3.378046248883777
 30
0.0
 40
0.8
100
AcDbArc
 50
270.0
 51
0.0
  0
LINE
  5
8BA7
330
1F
100
AcDbEntity
  8
Calque1
100
AcDbLine
 10
653.7148966740208
 20
117.4735169323547
 30
0.0
 11
653.7148966740208
 21
122.0951283246421
 31
0.0
  0
ARC
  5
8BA8
330
1F
100
AcDbEntity
  8
Calque1
100
AcDbCircle
 10
652.9148966740208
 20
117.4735169323547
 30
0.0
 40
0.8
100
AcDbArc
 50
270.0
 51
0.0
  0
LINE
  5
8BA9
330
1F
100
AcDbEntity
  8
Calque1
100
AcDbLine
 10
653.7148966740208
 20
60.42578159061924
 30
0.0
 11
653.7148966740208
 21
65.32658882947231
 31
0.0
  0
ARC
  5
8BAA
330
1F
100
AcDbEntity
  8
Calque1
100
AcDbCircle
 10
652.9148966740208
 20
60.42578159061924
 30
0.0
 40
0.8
100
AcDbArc
 50
270.0
 51
0.0
  0
LINE
  5
8BAB
330
1F
100
AcDbEntity
  8
Calque1
100
AcDbLine
 10
653.7148966740208
 20
3.378046248883777
 30
0.0
 11
653.7148966740208
 21
10.63630792885084
 31
0.0
  0
ARC
  5
8BAC
330
1F
100
AcDbEntity
  8
Calque1
100
AcDbCircle
 10
652.9148966740208
 20
3.378046248883777
 30
0.0
 40
0.8
100
AcDbArc
 50
270.0
 51
0.0
  0
LINE
  5
8E51
330
1F
100
AcDbEntity
  8
Cut
100
AcDbLine
 10
641.8336517491852
 20
-419.7171301139942
 30
0.0
 11
641.9290395713614
 21
-419.7171301139942
 31
0.0
  0
ARC
  5
8E52
330
1F
100
AcDbEntity
  8
Calque1
100
AcDbCircle
 10
641.8336517491852
 20
-417.7171301139942
 30
0.0
 40
2.0
100
AcDbArc
 50
228.9827830266126
 51
270.0
  0
ARC
  5
8E53
330
1F
100
AcDbEntity
  8
Cut
100
AcDbCircle
 10
641.9290395713614
 20
-418.917130113994
 30
0.0
 40
0.8000000000001818
100
AcDbArc
 50
270.000000000013
 51
0.0
  0
LINE
  5
8E54
330
1F
100
AcDbEntity
  8
Cut
100
AcDbLine
 10
642.7290395713614
 20
-418.917130113994
 30
0.0
 11
642.7290395713614
 21
-416.7171300692907
 31
0.0
  0
ARC
  5
8E55
330
1F
100
AcDbEntity
  8
Cut
100
AcDbCircle
 10
643.5290395713614
 20
-416.7171300692907
 30
0.0
 40
0.8000000000000682
100
AcDbArc
 50
0.0
 51
180.0
  0
LINE
  5
8E56
330
1F
100
AcDbEntity
  8
Cut
100
AcDbLine
 10
644.3290395713615
 20
-416.7171300692907
 30
0.0
 11
646.8540395713614
 21
-416.7171300692907
 31
0.0
  0
ARC
  5
8E57
330
1F
100
AcDbEntity
  8
Cut
100
AcDbCircle
 10
647.6540395713613
 20
-416.7171300692907
 30
0.0
 40
0.8000000000000682
100
AcDbArc
 50
0.0
 51
180.0
  0
LINE
  5
8E58
330
1F
100
AcDbEntity
  8
Cut
100
AcDbLine
 10
648.4540395713615
 20
-416.7171300692907
 30
0.0
 11
648.4540395713615
 21
-418.917130113994
 31
0.0
  0
ARC
  5
8E59
330
1F
100
AcDbEntity
  8
Cut
100
AcDbCircle
 10
649.2540395713618
 20
-418.917130113994
 30
0.0
 40
0.8000000000000682
100
AcDbArc
 50
179.9999999999739
 51
269.999999999987
  0
LINE
  5
8E5A
330
1F
100
AcDbEntity
  8
Cut
100
AcDbLine
 10
649.2540395713615
 20
-419.7171301139942
 30
0.0
 11
652.5140395713615
 21
-419.7171301139942
 31
0.0
  0
ARC
  5
8E5B
330
1F
100
AcDbEntity
  8
Cut
100
AcDbCircle
 10
652.514039571361
 20
-418.9171301139944
 30
0.0
 40
0.7999999999997272
100
AcDbArc
 50
270.0000000000391
 51
0.0000000000260551
  0
LINE
  5
8E5C
330
1F
100
AcDbEntity
  8
Cut
100
AcDbLine
 10
653.3140395713606
 20
-418.917130113994
 30
0.0
 11
653.3140395713606
 21
-416.7171300692907
 31
0.0
  0
ARC
  5
8E5D
330
1F
100
AcDbEntity
  8
Cut
100
AcDbCircle
 10
654.1140395713609
 20
-416.7171300692907
 30
0.0
 40
0.8000000000005229
100
AcDbArc
 50
0.0
 51
180.0
  0
LINE
  5
8E5E
330
1F
100
AcDbEntity
  8
Cut
100
AcDbLine
 10
654.9140395713616
 20
-416.7171300692907
 30
0.0
 11
659.5837933799112
 21
-416.7171300692907
 31
0.0
  0
LINE
  5
8E5F
330
1F
100
AcDbEntity
  8
Cut
100
AcDbLine
 10
672.7290395713614
 20
-398.5230059325368
 30
0.0
 11
672.7290395713614
 21
-396.7171300692908
 31
0.0
  0
ARC
  5
8E60
330
1F
100
AcDbEntity
  8
Cut
100
AcDbCircle
 10
670.7290395713614
 20
-398.5230059325368
 30
0.0
 40
2.0
100
AcDbArc
 50
303.7612270571553
 51
0.0
  0
LINE
  5
8E61
330
1F
100
AcDbEntity
  8
Cut
100
AcDbLine
 10
672.7290395713614
 20
-396.7171300692908
 30
0.0
 11
672.7290395713614
 21
-395.5171297414654
 31
0.0
  0
ARC
  5
8E62
330
1F
100
AcDbEntity
  8
Cut
100
AcDbCircle
 10
671.9290395713614
 20
-395.5171297414654
 30
0.0
 40
0.7999999999999546
100
AcDbArc
 50
0.0
 51
90.0
  0
LINE
  5
8E63
330
1F
100
AcDbEntity
  8
Cut
100
AcDbLine
 10
671.9290395713614
 20
-394.7171297414652
 30
0.0
 11
667.6690395713606
 21
-394.7171297414652
 31
0.0
  0
ARC
  5
8E64
330
1F
100
AcDbEntity
  8
Cut
100
AcDbCircle
 10
667.6690395713611
 20
-395.5171297414645
 30
0.0
 40
0.7999999999994998
100
AcDbArc
 50
90.00000000002605
 51
180.000000000026
  0
LINE
  5
8E65
330
1F
100
AcDbEntity
  8
Cut
100
AcDbLine
 10
666.8690395713615
 20
-395.5171297414654
 30
0.0
 11
666.8690395713615
 21
-396.7171300692908
 31
0.0
  0
ARC
  5
8E66
330
1F
100
AcDbEntity
  8
Cut
100
AcDbCircle
 10
666.0690395713616
 20
-396.7171300692908
 30
0.0
 40
0.7999999999999546
100
AcDbArc
 50
180.0
 51
0.0
  0
LINE
  5
8E67
330
1F
100
AcDbEntity
  8
Cut
100
AcDbLine
 10
665.2690395713616
 20
-396.7171300692908
 30
0.0
 11
662.9586395713606
 21
-396.7171300692908
 31
0.0
  0
ARC
  5
8E68
330
1F
100
AcDbEntity
  8
Cut
100
AcDbCircle
 10
662.1586395713611
 20
-396.7171300692908
 30
0.0
 40
0.7999999999994998
100
AcDbArc
 50
180.0
 51
0.0
  0
LINE
  5
8E69
330
1F
100
AcDbEntity
  8
Cut
100
AcDbLine
 10
661.3586395713617
 20
-396.7171300692908
 30
0.0
 11
661.3586395713617
 21
-394.2872189330169
 31
0.0
  0
ARC
  5
8E6A
330
1F
100
AcDbEntity
  8
Cut
100
AcDbCircle
 10
659.3586395713616
 20
-394.2872189330169
 30
0.0
 40
2.0
100
AcDbArc
 50
0.0
 51
69.3543699074379
  0
LINE
  5
8E6B
330
1F
100
AcDbEntity
  8
Cut
100
AcDbLine
 10
658.7639252029291
 20
-408.9269260762712
 30
0.0
 11
671.8405058675323
 21
-400.1857273982295
 31
0.0
  0
ARC
  5
8E6C
330
1F
100
AcDbEntity
  8
Calque1
100
AcDbCircle
 10
659.8753914991
 20
-410.589647541964
 30
0.0
 40
2.0
100
AcDbArc
 50
123.7612270571552
 51
208.5212372976655
  0
LINE
  5
8E6D
330
1F
100
AcDbEntity
  8
Cut
100
AcDbLine
 10
638.6547007762001
 20
-386.5103791543511
 30
0.0
 11
638.1099900742388
 21
-388.0069595081254
 31
0.0
  0
LINE
  5
8E6E
330
1F
100
AcDbEntity
  8
Cut
100
AcDbLine
 10
630.828155183967
 20
-408.0136364413424
 30
0.0
 11
630.5291939641472
 21
-408.8350256420904
 31
0.0
  0
LINE
  5
8E6F
330
1F
100
AcDbEntity
  8
Calque1
100
AcDbLine
 10
631.0960076372841
 20
-411.0280907389205
 30
0.0
 11
640.5210801807506
 21
-419.2261549241734
 31
0.0
  0
ARC
  5
8E70
330
1F
100
AcDbEntity
  8
Calque1
100
AcDbCircle
 10
632.4085792057189
 20
-409.5190659287413
 30
0.0
 40
2.0
100
AcDbArc
 50
160.0000000000108
 51
228.9827830266126
  0
LINE
  5
8E71
330
1F
100
AcDbEntity
  8
Calque1
100
AcDbLine
 10
660.2867055305218
 20
-415.5351424928904
 30
0.0
 11
658.1181111225735
 21
-411.544616482964
 31
0.0
  0
ARC
  5
8E72
330
1F
100
AcDbEntity
  8
Calque1
100
AcDbCircle
 10
659.5837933799112
 20
-415.9171300692905
 30
0.0
 40
0.8
100
AcDbArc
 50
270.0
 51
28.52123729766549
  0
INSERT
  5
8E73
330
1F
100
AcDbEntity
  8
Calque1
100
AcDbBlockReference
  2
cam plate rail v2.1
 10
636.3484578564798
 20
-398.6943382562172
 30
0.0
 50
5.0
  0
LINE
  5
8E74
330
1F
100
AcDbEntity
  8
Cut
100
AcDbLine
 10
641.2392600381988
 20
-385.3228613732645
 30
0.0
 11
660.0638135917886
 21
-392.4156608652788
 31
0.0
  0
ARC
  5
8E75
330
1F
100
AcDbEntity
  8
Cut
100
AcDbCircle
 10
640.5340860177719
 20
-387.1944194410025
 30
0.0
 40
2.0
100
AcDbArc
 50
69.3543699074379
 51
160.0000000000108
  0
LINE
  5
8E76
330
1F
100
AcDbEntity
  8
Cut
100
AcDbLine
 10
641.8336517491852
 20
-365.680781665239
 30
0.0
 11
641.9290395713614
 21
-365.680781665239
 31
0.0
  0
ARC
  5
8E77
330
1F
100
AcDbEntity
  8
Calque1
100
AcDbCircle
 10
641.8336517491852
 20
-363.680781665239
 30
0.0
 40
2.0
100
AcDbArc
 50
228.9827830266126
 51
270.0
  0
ARC
  5
8E78
330
1F
100
AcDbEntity
  8
Cut
100
AcDbCircle
 10
641.9290395713614
 20
-364.8807816652388
 30
0.0
 40
0.8000000000001818
100
AcDbArc
 50
270.000000000013
 51
0.0
  0
LINE
  5
8E79
330
1F
100
AcDbEntity
  8
Cut
100
AcDbLine
 10
642.7290395713614
 20
-364.8807816652388
 30
0.0
 11
642.7290395713614
 21
-362.6807816205355
 31
0.0
  0
ARC
  5
8E7A
330
1F
100
AcDbEntity
  8
Cut
100
AcDbCircle
 10
643.5290395713614
 20
-362.6807816205355
 30
0.0
 40
0.8000000000000682
100
AcDbArc
 50
0.0
 51
180.0
  0
LINE
  5
8E7B
330
1F
100
AcDbEntity
  8
Cut
100
AcDbLine
 10
644.3290395713615
 20
-362.6807816205355
 30
0.0
 11
646.8540395713614
 21
-362.6807816205355
 31
0.0
  0
ARC
  5
8E7C
330
1F
100
AcDbEntity
  8
Cut
100
AcDbCircle
 10
647.6540395713613
 20
-362.6807816205355
 30
0.0
 40
0.8000000000000682
100
AcDbArc
 50
0.0
 51
180.0
  0
LINE
  5
8E7D
330
1F
100
AcDbEntity
  8
Cut
100
AcDbLine
 10
648.4540395713615
 20
-362.6807816205355
 30
0.0
 11
648.4540395713615
 21
-364.8807816652388
 31
0.0
  0
ARC
  5
8E7E
330
1F
100
AcDbEntity
  8
Cut
100
AcDbCircle
 10
649.2540395713618
 20
-364.8807816652388
 30
0.0
 40
0.8000000000000682
100
AcDbArc
 50
179.9999999999739
 51
269.999999999987
  0
LINE
  5
8E7F
330
1F
100
AcDbEntity
  8
Cut
100
AcDbLine
 10
649.2540395713615
 20
-365.680781665239
 30
0.0
 11
652.5140395713615
 21
-365.680781665239
 31
0.0
  0
ARC
  5
8E80
330
1F
100
AcDbEntity
  8
Cut
100
AcDbCircle
 10
652.514039571361
 20
-364.8807816652393
 30
0.0
 40
0.7999999999997272
100
AcDbArc
 50
270.0000000000391
 51
0.0000000000260551
  0
LINE
  5
8E81
330
1F
100
AcDbEntity
  8
Cut
100
AcDbLine
 10
653.3140395713606
 20
-364.8807816652388
 30
0.0
 11
653.3140395713606
 21
-362.6807816205355
 31
0.0
  0
ARC
  5
8E82
330
1F
100
AcDbEntity
  8
Cut
100
AcDbCircle
 10
654.1140395713609
 20
-362.6807816205355
 30
0.0
 40
0.8000000000005229
100
AcDbArc
 50
0.0
 51
180.0
  0
LINE
  5
8E83
330
1F
100
AcDbEntity
  8
Cut
100
AcDbLine
 10
654.9140395713616
 20
-362.6807816205355
 30
0.0
 11
659.5920472487109
 21
-362.6807816205355
 31
0.0
  0
LINE
  5
8E84
330
1F
100
AcDbEntity
  8
Cut
100
AcDbLine
 10
672.7290395713614
 20
-347.0054794149842
 30
0.0
 11
672.7290395713614
 21
-343.4807812927102
 31
0.0
  0
ARC
  5
8E85
330
1F
100
AcDbEntity
  8
Cut
100
AcDbCircle
 10
671.7290395713614
 20
-347.0054794149842
 30
0.0
 40
1.0
100
AcDbArc
 50
303.7612270571553
 51
0.0
  0
ARC
  5
8E86
330
1F
100
AcDbEntity
  8
Cut
100
AcDbCircle
 10
671.9290395713614
 20
-343.4807812927102
 30
0.0
 40
0.7999999999999546
100
AcDbArc
 50
0.0
 51
90.0
  0
LINE
  5
8E87
330
1F
100
AcDbEntity
  8
Cut
100
AcDbLine
 10
671.9290395713614
 20
-342.68078129271
 30
0.0
 11
667.6690395713606
 21
-342.68078129271
 31
0.0
  0
ARC
  5
8E88
330
1F
100
AcDbEntity
  8
Cut
100
AcDbCircle
 10
667.6690395713611
 20
-343.4807812927092
 30
0.0
 40
0.7999999999994998
100
AcDbArc
 50
90.00000000002605
 51
180.000000000026
  0
LINE
  5
8E89
330
1F
100
AcDbEntity
  8
Cut
100
AcDbLine
 10
666.8690395713615
 20
-343.4807812927102
 30
0.0
 11
666.8690395713615
 21
-344.6807816205355
 31
0.0
  0
ARC
  5
8E8A
330
1F
100
AcDbEntity
  8
Cut
100
AcDbCircle
 10
666.0690395713616
 20
-344.6807816205355
 30
0.0
 40
0.7999999999999546
100
AcDbArc
 50
180.0
 51
0.0
  0
LINE
  5
8E8B
330
1F
100
AcDbEntity
  8
Cut
100
AcDbLine
 10
665.2690395713616
 20
-344.6807816205355
 30
0.0
 11
662.9586395713606
 21
-344.6807816205355
 31
0.0
  0
ARC
  5
8E8C
330
1F
100
AcDbEntity
  8
Cut
100
AcDbCircle
 10
662.1586395713611
 20
-344.6807816205355
 30
0.0
 40
0.7999999999994998
100
AcDbArc
 50
180.0
 51
0.0
  0
LINE
  5
8E8D
330
1F
100
AcDbEntity
  8
Cut
100
AcDbLine
 10
661.3586395713617
 20
-344.6807816205355
 30
0.0
 11
661.3586395713617
 21
-340.2508704842617
 31
0.0
  0
ARC
  5
8E8E
330
1F
100
AcDbEntity
  8
Cut
100
AcDbCircle
 10
659.3586395713616
 20
-340.2508704842617
 30
0.0
 40
2.0
100
AcDbArc
 50
0.0
 51
69.3543699074379
  0
LINE
  5
8E8F
330
1F
100
AcDbEntity
  8
Cut
100
AcDbLine
 10
638.6547007762001
 20
-332.4740307055959
 30
0.0
 11
638.1099900742388
 21
-333.9706110593702
 31
0.0
  0
LINE
  5
8E90
330
1F
100
AcDbEntity
  8
Cut
100
AcDbLine
 10
630.828155183967
 20
-353.9772879925872
 30
0.0
 11
630.5291939641472
 21
-354.7986771933352
 31
0.0
  0
LINE
  5
8E91
330
1F
100
AcDbEntity
  8
Calque1
100
AcDbLine
 10
631.0960076372841
 20
-356.9917422901653
 30
0.0
 11
640.5210801807506
 21
-365.1898064754182
 31
0.0
  0
ARC
  5
8E92
330
1F
100
AcDbEntity
  8
Calque1
100
AcDbCircle
 10
632.4085792057189
 20
-355.4827174799862
 30
0.0
 40
2.0
100
AcDbArc
 50
160.0000000000108
 51
228.9827830266126
  0
INSERT
  5
8E93
330
1F
100
AcDbEntity
  8
Calque1
100
AcDbBlockReference
  2
cam plate rail v2.1
 10
636.3484578564798
 20
-344.6579898074619
 30
0.0
 50
5.0
  0
LINE
  5
8E94
330
1F
100
AcDbEntity
  8
Cut
100
AcDbLine
 10
641.2392600381988
 20
-331.2865129245092
 30
0.0
 11
660.0638135917886
 21
-338.3793124165236
 31
0.0
  0
ARC
  5
8E95
330
1F
100
AcDbEntity
  8
Cut
100
AcDbCircle
 10
640.5340860177719
 20
-333.1580709922473
 30
0.0
 40
2.0
100
AcDbArc
 50
69.3543699074379
 51
160.0000000000108
  0
LINE
  5
8E96
330
1F
100
AcDbEntity
  8
Cut
100
AcDbLine
 10
659.5610312322637
 20
-356.3421792055074
 30
0.0
 11
672.2847727194468
 21
-347.8368401478306
 31
0.0
  0
ARC
  5
8E97
330
1F
100
AcDbEntity
  8
Calque1
100
AcDbCircle
 10
660.6724975284346
 20
-358.0049006712002
 30
0.0
 40
2.0
100
AcDbArc
 50
123.7612270571552
 51
208.5212372976655
  0
LINE
  5
8E98
330
1F
100
AcDbEntity
  8
Calque1
100
AcDbLine
 10
660.2949593993217
 20
-361.4987940441352
 30
0.0
 11
658.9152171519081
 21
-358.9598696122002
 31
0.0
  0
ARC
  5
8E99
330
1F
100
AcDbEntity
  8
Calque1
100
AcDbCircle
 10
659.5920472487109
 20
-361.8807816205353
 30
0.0
 40
0.8
100
AcDbArc
 50
270.0
 51
28.52123729766549
  0
LINE
  5
8E9A
330
1F
100
AcDbEntity
  8
Cut
100
AcDbLine
 10
641.8336517491852
 20
-308.1333051045139
 30
0.0
 11
641.9290395713614
 21
-308.1333051045139
 31
0.0
  0
ARC
  5
8E9B
330
1F
100
AcDbEntity
  8
Calque1
100
AcDbCircle
 10
641.8336517491852
 20
-306.1333051045139
 30
0.0
 40
2.0
100
AcDbArc
 50
228.9827830266126
 51
270.0
  0
ARC
  5
8E9C
330
1F
100
AcDbEntity
  8
Cut
100
AcDbCircle
 10
641.9290395713614
 20
-307.3333051045138
 30
0.0
 40
0.8000000000001818
100
AcDbArc
 50
270.000000000013
 51
0.0
  0
LINE
  5
8E9D
330
1F
100
AcDbEntity
  8
Cut
100
AcDbLine
 10
642.7290395713614
 20
-307.3333051045138
 30
0.0
 11
642.7290395713614
 21
-305.1333050598105
 31
0.0
  0
ARC
  5
8E9E
330
1F
100
AcDbEntity
  8
Cut
100
AcDbCircle
 10
643.5290395713614
 20
-305.1333050598105
 30
0.0
 40
0.8000000000000682
100
AcDbArc
 50
0.0
 51
180.0
  0
LINE
  5
8E9F
330
1F
100
AcDbEntity
  8
Cut
100
AcDbLine
 10
644.3290395713615
 20
-305.1333050598105
 30
0.0
 11
646.8540395713614
 21
-305.1333050598105
 31
0.0
  0
ARC
  5
8EA0
330
1F
100
AcDbEntity
  8
Cut
100
AcDbCircle
 10
647.6540395713613
 20
-305.1333050598105
 30
0.0
 40
0.8000000000000682
100
AcDbArc
 50
0.0
 51
180.0
  0
LINE
  5
8EA1
330
1F
100
AcDbEntity
  8
Cut
100
AcDbLine
 10
648.4540395713615
 20
-305.1333050598105
 30
0.0
 11
648.4540395713615
 21
-307.3333051045138
 31
0.0
  0
ARC
  5
8EA2
330
1F
100
AcDbEntity
  8
Cut
100
AcDbCircle
 10
649.2540395713618
 20
-307.3333051045138
 30
0.0
 40
0.8000000000000682
100
AcDbArc
 50
179.9999999999739
 51
269.999999999987
  0
LINE
  5
8EA3
330
1F
100
AcDbEntity
  8
Cut
100
AcDbLine
 10
649.2540395713615
 20
-308.1333051045139
 30
0.0
 11
652.5140395713615
 21
-308.1333051045139
 31
0.0
  0
ARC
  5
8EA4
330
1F
100
AcDbEntity
  8
Cut
100
AcDbCircle
 10
652.514039571361
 20
-307.3333051045143
 30
0.0
 40
0.7999999999997272
100
AcDbArc
 50
270.0000000000391
 51
0.0000000000260551
  0
LINE
  5
8EA5
330
1F
100
AcDbEntity
  8
Cut
100
AcDbLine
 10
653.3140395713606
 20
-307.3333051045138
 30
0.0
 11
653.3140395713606
 21
-305.1333050598105
 31
0.0
  0
ARC
  5
8EA6
330
1F
100
AcDbEntity
  8
Cut
100
AcDbCircle
 10
654.1140395713609
 20
-305.1333050598105
 30
0.0
 40
0.8000000000005229
100
AcDbArc
 50
0.0
 51
180.0
  0
LINE
  5
8EA7
330
1F
100
AcDbEntity
  8
Cut
100
AcDbLine
 10
654.9140395713616
 20
-305.1333050598105
 30
0.0
 11
659.5881114534011
 21
-305.1333050598105
 31
0.0
  0
LINE
  5
8EA8
330
1F
100
AcDbEntity
  8
Cut
100
AcDbLine
 10
672.7290395713614
 20
-291.9999128156996
 30
0.0
 11
672.7290395713614
 21
-287.9333047319851
 31
0.0
  0
ARC
  5
8EA9
330
1F
100
AcDbEntity
  8
Cut
100
AcDbCircle
 10
671.7290395713614
 20
-291.9999128156996
 30
0.0
 40
1.0
100
AcDbArc
 50
294.8410239733402
 51
0.0
  0
ARC
  5
8EAA
330
1F
100
AcDbEntity
  8
Cut
100
AcDbCircle
 10
671.9290395713614
 20
-287.9333047319851
 30
0.0
 40
0.7999999999999546
100
AcDbArc
 50
0.0
 51
90.0
  0
LINE
  5
8EAB
330
1F
100
AcDbEntity
  8
Cut
100
AcDbLine
 10
671.9290395713614
 20
-287.1333047319849
 30
0.0
 11
667.6690395713606
 21
-287.1333047319849
 31
0.0
  0
ARC
  5
8EAC
330
1F
100
AcDbEntity
  8
Cut
100
AcDbCircle
 10
667.6690395713611
 20
-287.9333047319842
 30
0.0
 40
0.7999999999994998
100
AcDbArc
 50
90.00000000002605
 51
180.000000000026
  0
LINE
  5
8EAD
330
1F
100
AcDbEntity
  8
Cut
100
AcDbLine
 10
666.8690395713615
 20
-287.9333047319851
 30
0.0
 11
666.8690395713615
 21
-289.1333050598105
 31
0.0
  0
ARC
  5
8EAE
330
1F
100
AcDbEntity
  8
Cut
100
AcDbCircle
 10
666.0690395713616
 20
-289.1333050598105
 30
0.0
 40
0.7999999999999546
100
AcDbArc
 50
180.0
 51
0.0
  0
LINE
  5
8EAF
330
1F
100
AcDbEntity
  8
Cut
100
AcDbLine
 10
665.2690395713616
 20
-289.1333050598105
 30
0.0
 11
662.9586395713606
 21
-289.1333050598105
 31
0.0
  0
ARC
  5
8EB0
330
1F
100
AcDbEntity
  8
Cut
100
AcDbCircle
 10
662.1586395713611
 20
-289.1333050598105
 30
0.0
 40
0.7999999999994998
100
AcDbArc
 50
180.0
 51
0.0
  0
LINE
  5
8EB1
330
1F
100
AcDbEntity
  8
Cut
100
AcDbLine
 10
661.3586395713617
 20
-289.1333050598105
 30
0.0
 11
661.3586395713617
 21
-282.7033939235366
 31
0.0
  0
ARC
  5
8EB2
330
1F
100
AcDbEntity
  8
Cut
100
AcDbCircle
 10
659.3586395713616
 20
-282.7033939235366
 30
0.0
 40
2.0
100
AcDbArc
 50
0.0
 51
69.3543699074379
  0
LINE
  5
8EB3
330
1F
100
AcDbEntity
  8
Cut
100
AcDbLine
 10
638.6547007762001
 20
-274.9265541448708
 30
0.0
 11
638.1099900742388
 21
-276.4231344986451
 31
0.0
  0
LINE
  5
8EB4
330
1F
100
AcDbEntity
  8
Cut
100
AcDbLine
 10
630.828155183967
 20
-296.4298114318621
 30
0.0
 11
630.5291939641472
 21
-297.2512006326101
 31
0.0
  0
LINE
  5
8EB5
330
1F
100
AcDbEntity
  8
Calque1
100
AcDbLine
 10
631.0960076372841
 20
-299.4442657294403
 30
0.0
 11
640.5210801807506
 21
-307.6423299146932
 31
0.0
  0
ARC
  5
8EB6
330
1F
100
AcDbEntity
  8
Calque1
100
AcDbCircle
 10
632.4085792057189
 20
-297.9352409192611
 30
0.0
 40
2.0
100
AcDbArc
 50
160.0000000000108
 51
228.9827830266126
  0
INSERT
  5
8EB7
330
1F
100
AcDbEntity
  8
Calque1
100
AcDbBlockReference
  2
cam plate rail v2.1
 10
636.3484578564798
 20
-287.1105132467369
 30
0.0
 50
5.0
  0
LINE
  5
8EB8
330
1F
100
AcDbEntity
  8
Cut
100
AcDbLine
 10
641.2392600381988
 20
-273.7390363637842
 30
0.0
 11
660.0638135917886
 21
-280.8318358557985
 31
0.0
  0
ARC
  5
8EB9
330
1F
100
AcDbEntity
  8
Cut
100
AcDbCircle
 10
640.5340860177719
 20
-275.6105944315223
 30
0.0
 40
2.0
100
AcDbArc
 50
69.3543699074379
 51
160.0000000000108
  0
LINE
  5
8EBA
330
1F
100
AcDbEntity
  8
Calque1
100
AcDbLine
 10
660.2910236040117
 20
-303.9513174834101
 30
0.0
 11
658.8976602386212
 21
-301.38732823282
 31
0.0
  0
ARC
  5
8EBB
330
1F
100
AcDbEntity
  8
Calque1
100
AcDbCircle
 10
659.5881114534011
 20
-304.3333050598103
 30
0.0
 40
0.8
100
AcDbArc
 50
270.0
 51
28.52123729766549
  0
LINE
  5
8EBC
330
1F
100
AcDbEntity
  8
Cut
100
AcDbLine
 10
659.8147367218683
 20
-298.6174054583253
 30
0.0
 11
672.1491415180012
 21
-292.907389732447
 31
0.0
  0
ARC
  5
8EBD
330
1F
100
AcDbEntity
  8
Calque1
100
AcDbCircle
 10
660.6549406151478
 20
-300.4323592918199
 30
0.0
 40
2.0
100
AcDbArc
 50
114.8410239733401
 51
208.5212372976655
  0
LINE
  5
8EBE
330
1F
100
AcDbEntity
  8
Cut
100
AcDbLine
 10
641.8336517491852
 20
-254.2189544014918
 30
0.0
 11
641.9290395713614
 21
-254.2189544014918
 31
0.0
  0
ARC
  5
8EBF
330
1F
100
AcDbEntity
  8
Calque1
100
AcDbCircle
 10
641.8336517491852
 20
-252.2189544014918
 30
0.0
 40
2.0
100
AcDbArc
 50
228.9827830266126
 51
270.0
  0
ARC
  5
8EC0
330
1F
100
AcDbEntity
  8
Cut
100
AcDbCircle
 10
641.9290395713614
 20
-253.4189544014917
 30
0.0
 40
0.8000000000001818
100
AcDbArc
 50
270.000000000013
 51
0.0
  0
LINE
  5
8EC1
330
1F
100
AcDbEntity
  8
Cut
100
AcDbLine
 10
642.7290395713614
 20
-253.4189544014917
 30
0.0
 11
642.7290395713614
 21
-251.2189543567883
 31
0.0
  0
ARC
  5
8EC2
330
1F
100
AcDbEntity
  8
Cut
100
AcDbCircle
 10
643.5290395713614
 20
-251.2189543567883
 30
0.0
 40
0.8000000000000682
100
AcDbArc
 50
0.0
 51
180.0
  0
LINE
  5
8EC3
330
1F
100
AcDbEntity
  8
Cut
100
AcDbLine
 10
644.3290395713615
 20
-251.2189543567883
 30
0.0
 11
646.8540395713614
 21
-251.2189543567883
 31
0.0
  0
ARC
  5
8EC4
330
1F
100
AcDbEntity
  8
Cut
100
AcDbCircle
 10
647.6540395713613
 20
-251.2189543567883
 30
0.0
 40
0.8000000000000682
100
AcDbArc
 50
0.0
 51
180.0
  0
LINE
  5
8EC5
330
1F
100
AcDbEntity
  8
Cut
100
AcDbLine
 10
648.4540395713615
 20
-251.2189543567883
 30
0.0
 11
648.4540395713615
 21
-253.4189544014917
 31
0.0
  0
ARC
  5
8EC6
330
1F
100
AcDbEntity
  8
Cut
100
AcDbCircle
 10
649.2540395713618
 20
-253.4189544014917
 30
0.0
 40
0.8000000000000682
100
AcDbArc
 50
179.9999999999739
 51
269.999999999987
  0
LINE
  5
8EC7
330
1F
100
AcDbEntity
  8
Cut
100
AcDbLine
 10
649.2540395713615
 20
-254.2189544014918
 30
0.0
 11
652.5140395713615
 21
-254.2189544014918
 31
0.0
  0
ARC
  5
8EC8
330
1F
100
AcDbEntity
  8
Cut
100
AcDbCircle
 10
652.514039571361
 20
-253.4189544014921
 30
0.0
 40
0.7999999999997272
100
AcDbArc
 50
270.0000000000391
 51
0.0000000000260551
  0
LINE
  5
8EC9
330
1F
100
AcDbEntity
  8
Cut
100
AcDbLine
 10
653.3140395713606
 20
-253.4189544014917
 30
0.0
 11
653.3140395713606
 21
-251.2189543567883
 31
0.0
  0
ARC
  5
8ECA
330
1F
100
AcDbEntity
  8
Cut
100
AcDbCircle
 10
654.1140395713609
 20
-251.2189543567883
 30
0.0
 40
0.8000000000005229
100
AcDbArc
 50
0.0
 51
180.0
  0
LINE
  5
8ECB
330
1F
100
AcDbEntity
  8
Cut
100
AcDbLine
 10
654.9140395713616
 20
-251.2189543567883
 30
0.0
 11
659.592030514874
 21
-251.2189543567883
 31
0.0
  0
ARC
  5
8ECC
330
1F
100
AcDbEntity
  8
Cut
100
AcDbCircle
 10
671.9290395713614
 20
-236.018954028963
 30
0.0
 40
0.7999999999999546
100
AcDbArc
 50
0.0
 51
90.0
  0
LINE
  5
8ECD
330
1F
100
AcDbEntity
  8
Cut
100
AcDbLine
 10
671.9290395713614
 20
-235.2189540289628
 30
0.0
 11
667.6690395713606
 21
-235.2189540289628
 31
0.0
  0
ARC
  5
8ECE
330
1F
100
AcDbEntity
  8
Cut
100
AcDbCircle
 10
667.6690395713611
 20
-236.0189540289621
 30
0.0
 40
0.7999999999994998
100
AcDbArc
 50
90.00000000002605
 51
180.000000000026
  0
LINE
  5
8ECF
330
1F
100
AcDbEntity
  8
Cut
100
AcDbLine
 10
666.8690395713615
 20
-236.018954028963
 30
0.0
 11
666.8690395713615
 21
-237.2189543567884
 31
0.0
  0
ARC
  5
8ED0
330
1F
100
AcDbEntity
  8
Cut
100
AcDbCircle
 10
666.0690395713616
 20
-237.2189543567884
 30
0.0
 40
0.7999999999999546
100
AcDbArc
 50
180.0
 51
0.0
  0
LINE
  5
8ED1
330
1F
100
AcDbEntity
  8
Cut
100
AcDbLine
 10
665.2690395713616
 20
-237.2189543567884
 30
0.0
 11
662.9586395713606
 21
-237.2189543567884
 31
0.0
  0
ARC
  5
8ED2
330
1F
100
AcDbEntity
  8
Cut
100
AcDbCircle
 10
662.1586395713611
 20
-237.2189543567884
 30
0.0
 40
0.7999999999994998
100
AcDbArc
 50
180.0
 51
0.0
  0
LINE
  5
8ED3
330
1F
100
AcDbEntity
  8
Cut
100
AcDbLine
 10
661.3586395713617
 20
-237.2189543567884
 30
0.0
 11
661.3586395713617
 21
-228.7890432205145
 31
0.0
  0
ARC
  5
8ED4
330
1F
100
AcDbEntity
  8
Cut
100
AcDbCircle
 10
659.3586395713616
 20
-228.7890432205145
 30
0.0
 40
2.0
100
AcDbArc
 50
0.0
 51
69.3543699074379
  0
LINE
  5
8ED5
330
1F
100
AcDbEntity
  8
Cut
100
AcDbLine
 10
638.6547007762001
 20
-221.0122034418487
 30
0.0
 11
638.1099900742388
 21
-222.508783795623
 31
0.0
  0
LINE
  5
8ED6
330
1F
100
AcDbEntity
  8
Cut
100
AcDbLine
 10
630.828155183967
 20
-242.51546072884
 30
0.0
 11
630.5291939641472
 21
-243.336849929588
 31
0.0
  0
LINE
  5
8ED7
330
1F
100
AcDbEntity
  8
Calque1
100
AcDbLine
 10
631.0960076372841
 20
-245.5299150264182
 30
0.0
 11
640.5210801807506
 21
-253.727979211671
 31
0.0
  0
ARC
  5
8ED8
330
1F
100
AcDbEntity
  8
Calque1
100
AcDbCircle
 10
632.4085792057189
 20
-244.020890216239
 30
0.0
 40
2.0
100
AcDbArc
 50
160.0000000000108
 51
228.9827830266126
  0
INSERT
  5
8ED9
330
1F
100
AcDbEntity
  8
Calque1
100
AcDbBlockReference
  2
cam plate rail v2.1
 10
636.3484578564798
 20
-233.1961625437148
 30
0.0
 50
5.0
  0
LINE
  5
8EDA
330
1F
100
AcDbEntity
  8
Cut
100
AcDbLine
 10
641.2392600381988
 20
-219.824685660762
 30
0.0
 11
660.0638135917886
 21
-226.9174851527764
 31
0.0
  0
ARC
  5
8EDB
330
1F
100
AcDbEntity
  8
Cut
100
AcDbCircle
 10
640.5340860177719
 20
-221.6962437285001
 30
0.0
 40
2.0
100
AcDbArc
 50
69.3543699074379
 51
160.0000000000108
  0
LINE
  5
8EDC
330
1F
100
AcDbEntity
  8
Calque1
100
AcDbLine
 10
660.286556686433
 20
-250.0215353712679
 30
0.0
 11
658.8520243680457
 21
-247.3817893184223
 31
0.0
  0
LINE
  5
8EDD
330
1F
100
AcDbEntity
  8
Cut
100
AcDbLine
 10
660.2535271624401
 20
-244.4587191828564
 30
0.0
 11
671.9069283624276
 21
-242.3521105826512
 31
0.0
  0
ARC
  5
8EDE
330
1F
100
AcDbEntity
  8
Calque1
100
AcDbCircle
 10
660.6093047445722
 20
-246.4268203774222
 30
0.0
 40
2.0
100
AcDbArc
 50
100.246811940099
 51
208.5212372976655
  0
LINE
  5
8EDF
330
1F
100
AcDbEntity
  8
Calque1
100
AcDbLine
 10
672.7290395713614
 20
-236.018954028963
 30
0.0
 11
672.7290395713614
 21
-241.3680599853683
 31
0.0
  0
ARC
  5
8EE0
330
1F
100
AcDbEntity
  8
Calque1
100
AcDbCircle
 10
671.7290395713614
 20
-241.3680599853683
 30
0.0
 40
1.0
100
AcDbArc
 50
280.246811940099
 51
0.0
  0
LINE
  5
8EE1
330
1F
100
AcDbEntity
  8
Cut
100
AcDbLine
 10
563.5137545611987
 20
-419.7171301139942
 30
0.0
 11
563.6091423833749
 21
-419.7171301139942
 31
0.0
  0
ARC
  5
8EE2
330
1F
100
AcDbEntity
  8
Calque1
100
AcDbCircle
 10
563.5137545611987
 20
-417.7171301139942
 30
0.0
 40
2.0
100
AcDbArc
 50
228.9827830266126
 51
270.0
  0
ARC
  5
8EE3
330
1F
100
AcDbEntity
  8
Cut
100
AcDbCircle
 10
563.6091423833749
 20
-418.917130113994
 30
0.0
 40
0.8000000000001818
100
AcDbArc
 50
270.000000000013
 51
0.0
  0
LINE
  5
8EE4
330
1F
100
AcDbEntity
  8
Cut
100
AcDbLine
 10
564.4091423833749
 20
-418.917130113994
 30
0.0
 11
564.4091423833749
 21
-416.7171300692907
 31
0.0
  0
ARC
  5
8EE5
330
1F
100
AcDbEntity
  8
Cut
100
AcDbCircle
 10
565.2091423833748
 20
-416.7171300692907
 30
0.0
 40
0.8000000000000682
100
AcDbArc
 50
0.0
 51
180.0
  0
LINE
  5
8EE6
330
1F
100
AcDbEntity
  8
Cut
100
AcDbLine
 10
566.009142383375
 20
-416.7171300692907
 30
0.0
 11
568.5341423833749
 21
-416.7171300692907
 31
0.0
  0
ARC
  5
8EE7
330
1F
100
AcDbEntity
  8
Cut
100
AcDbCircle
 10
569.3341423833749
 20
-416.7171300692907
 30
0.0
 40
0.8000000000000682
100
AcDbArc
 50
0.0
 51
180.0
  0
LINE
  5
8EE8
330
1F
100
AcDbEntity
  8
Cut
100
AcDbLine
 10
570.1341423833751
 20
-416.7171300692907
 30
0.0
 11
570.1341423833751
 21
-418.917130113994
 31
0.0
  0
ARC
  5
8EE9
330
1F
100
AcDbEntity
  8
Cut
100
AcDbCircle
 10
570.9341423833753
 20
-418.917130113994
 30
0.0
 40
0.8000000000000682
100
AcDbArc
 50
179.9999999999739
 51
269.999999999987
  0
LINE
  5
8EEA
330
1F
100
AcDbEntity
  8
Cut
100
AcDbLine
 10
570.934142383375
 20
-419.7171301139942
 30
0.0
 11
574.194142383375
 21
-419.7171301139942
 31
0.0
  0
ARC
  5
8EEB
330
1F
100
AcDbEntity
  8
Cut
100
AcDbCircle
 10
574.1941423833745
 20
-418.9171301139944
 30
0.0
 40
0.7999999999997272
100
AcDbArc
 50
270.0000000000391
 51
0.0000000000260551
  0
LINE
  5
8EEC
330
1F
100
AcDbEntity
  8
Cut
100
AcDbLine
 10
574.9941423833741
 20
-418.917130113994
 30
0.0
 11
574.9941423833741
 21
-416.7171300692907
 31
0.0
  0
ARC
  5
8EED
330
1F
100
AcDbEntity
  8
Cut
100
AcDbCircle
 10
575.7941423833744
 20
-416.7171300692907
 30
0.0
 40
0.8000000000005229
100
AcDbArc
 50
0.0
 51
180.0
  0
LINE
  5
8EEE
330
1F
100
AcDbEntity
  8
Cut
100
AcDbLine
 10
576.594142383375
 20
-416.7171300692907
 30
0.0
 11
581.2638961919247
 21
-416.7171300692907
 31
0.0
  0
LINE
  5
8EEF
330
1F
100
AcDbEntity
  8
Cut
100
AcDbLine
 10
594.4091423833749
 20
-398.5230059325368
 30
0.0
 11
594.4091423833749
 21
-396.7171300692908
 31
0.0
  0
ARC
  5
8EF0
330
1F
100
AcDbEntity
  8
Cut
100
AcDbCircle
 10
592.409142383375
 20
-398.5230059325368
 30
0.0
 40
2.0
100
AcDbArc
 50
303.7612270571553
 51
0.0
  0
LINE
  5
8EF1
330
1F
100
AcDbEntity
  8
Cut
100
AcDbLine
 10
594.4091423833749
 20
-396.7171300692908
 30
0.0
 11
594.4091423833749
 21
-395.5171297414654
 31
0.0
  0
ARC
  5
8EF2
330
1F
100
AcDbEntity
  8
Cut
100
AcDbCircle
 10
593.609142383375
 20
-395.5171297414654
 30
0.0
 40
0.7999999999999546
100
AcDbArc
 50
0.0
 51
90.0
  0
LINE
  5
8EF3
330
1F
100
AcDbEntity
  8
Cut
100
AcDbLine
 10
593.609142383375
 20
-394.7171297414652
 30
0.0
 11
589.3491423833741
 21
-394.7171297414652
 31
0.0
  0
ARC
  5
8EF4
330
1F
100
AcDbEntity
  8
Cut
100
AcDbCircle
 10
589.3491423833745
 20
-395.5171297414645
 30
0.0
 40
0.7999999999994998
100
AcDbArc
 50
90.00000000002605
 51
180.000000000026
  0
LINE
  5
8EF5
330
1F
100
AcDbEntity
  8
Cut
100
AcDbLine
 10
588.549142383375
 20
-395.5171297414654
 30
0.0
 11
588.549142383375
 21
-396.7171300692908
 31
0.0
  0
ARC
  5
8EF6
330
1F
100
AcDbEntity
  8
Cut
100
AcDbCircle
 10
587.7491423833751
 20
-396.7171300692908
 30
0.0
 40
0.7999999999999546
100
AcDbArc
 50
180.0
 51
0.0
  0
LINE
  5
8EF7
330
1F
100
AcDbEntity
  8
Cut
100
AcDbLine
 10
586.9491423833751
 20
-396.7171300692908
 30
0.0
 11
584.6387423833741
 21
-396.7171300692908
 31
0.0
  0
ARC
  5
8EF8
330
1F
100
AcDbEntity
  8
Cut
100
AcDbCircle
 10
583.8387423833746
 20
-396.7171300692908
 30
0.0
 40
0.7999999999994998
100
AcDbArc
 50
180.0
 51
0.0
  0
LINE
  5
8EF9
330
1F
100
AcDbEntity
  8
Cut
100
AcDbLine
 10
583.0387423833752
 20
-396.7171300692908
 30
0.0
 11
583.0387423833752
 21
-394.210666139641
 31
0.0
  0
ARC
  5
8EFA
330
1F
100
AcDbEntity
  8
Cut
100
AcDbCircle
 10
581.0387423833751
 20
-394.210666139641
 30
0.0
 40
2.0
100
AcDbArc
 50
0.0
 51
74.35436990743385
  0
LINE
  5
8EFB
330
1F
100
AcDbEntity
  8
Cut
100
AcDbLine
 10
580.4440280149426
 20
-408.9269260762712
 30
0.0
 11
593.5206086795458
 21
-400.1857273982295
 31
0.0
  0
ARC
  5
8EFC
330
1F
100
AcDbEntity
  8
Calque1
100
AcDbCircle
 10
581.5554943111135
 20
-410.589647541964
 30
0.0
 40
2.0
100
AcDbArc
 50
123.7612270571552
 51
208.5212372976655
  0
LINE
  5
8EFD
330
1F
100
AcDbEntity
  8
Cut
100
AcDbLine
 10
558.2933839015313
 20
-387.8639205960067
 30
0.0
 11
557.8811815605586
 21
-389.4022806755165
 31
0.0
  0
LINE
  5
8EFE
330
1F
100
AcDbEntity
  8
Cut
100
AcDbLine
 10
552.3707530385173
 20
-409.9674798912492
 30
0.0
 11
552.1606548034488
 21
-410.7515771791058
 31
0.0
  0
ARC
  5
8EFF
330
1F
100
AcDbEntity
  8
Calque1
100
AcDbCircle
 10
554.0925064560269
 20
-411.2692152693107
 30
0.0
 40
2.0
100
AcDbArc
 50
165.0000000000055
 51
235.6807158685411
  0
LINE
  5
8F00
330
1F
100
AcDbEntity
  8
Calque1
100
AcDbLine
 10
552.9648983395702
 20
-412.9210324310151
 30
0.0
 11
562.2011829927641
 21
-419.2261549241734
 31
0.0
  0
LINE
  5
8F01
330
1F
100
AcDbEntity
  8
Calque1
100
AcDbLine
 10
581.9668083425353
 20
-415.5351424928904
 30
0.0
 11
579.798213934587
 21
-411.544616482964
 31
0.0
  0
ARC
  5
8F02
330
1F
100
AcDbEntity
  8
Calque1
100
AcDbCircle
 10
581.2638961919247
 20
-415.9171300692905
 30
0.0
 40
0.8
100
AcDbArc
 50
270.0
 51
28.52123729766549
  0
INSERT
  5
8F03
330
1F
100
AcDbEntity
  8
Calque1
100
AcDbBlockReference
  2
cam plate rail v2.1
 10
557.0578189375249
 20
-400.2025183696769
 30
0.0
 50
9.999999999999998
  0
LINE
  5
8F04
330
1F
100
AcDbEntity
  8
Cut
100
AcDbLine
 10
560.7646091410019
 20
-386.4556624964434
 30
0.0
 11
581.5781159702673
 21
-392.284769949873
 31
0.0
  0
ARC
  5
8F05
330
1F
100
AcDbEntity
  8
Cut
100
AcDbCircle
 10
560.2252355541095
 20
-388.3815586862115
 30
0.0
 40
2.0
100
AcDbArc
 50
74.35436990743385
 51
165.0000000000055
  0
LINE
  5
8F06
330
1F
100
AcDbEntity
  8
Cut
100
AcDbLine
 10
563.5137545611987
 20
-364.768632193126
 30
0.0
 11
563.6091423833749
 21
-364.768632193126
 31
0.0
  0
ARC
  5
8F07
330
1F
100
AcDbEntity
  8
Calque1
100
AcDbCircle
 10
563.5137545611987
 20
-362.768632193126
 30
0.0
 40
2.0
100
AcDbArc
 50
228.9827830266126
 51
270.0
  0
ARC
  5
8F08
330
1F
100
AcDbEntity
  8
Cut
100
AcDbCircle
 10
563.6091423833749
 20
-363.9686321931258
 30
0.0
 40
0.8000000000001818
100
AcDbArc
 50
270.000000000013
 51
0.0
  0
LINE
  5
8F09
330
1F
100
AcDbEntity
  8
Cut
100
AcDbLine
 10
564.4091423833749
 20
-363.9686321931258
 30
0.0
 11
564.4091423833749
 21
-361.7686321484225
 31
0.0
  0
ARC
  5
8F0A
330
1F
100
AcDbEntity
  8
Cut
100
AcDbCircle
 10
565.2091423833748
 20
-361.7686321484225
 30
0.0
 40
0.8000000000000682
100
AcDbArc
 50
0.0
 51
180.0
  0
LINE
  5
8F0B
330
1F
100
AcDbEntity
  8
Cut
100
AcDbLine
 10
566.009142383375
 20
-361.7686321484225
 30
0.0
 11
568.5341423833749
 21
-361.7686321484225
 31
0.0
  0
ARC
  5
8F0C
330
1F
100
AcDbEntity
  8
Cut
100
AcDbCircle
 10
569.3341423833749
 20
-361.7686321484225
 30
0.0
 40
0.8000000000000682
100
AcDbArc
 50
0.0
 51
180.0
  0
LINE
  5
8F0D
330
1F
100
AcDbEntity
  8
Cut
100
AcDbLine
 10
570.1341423833751
 20
-361.7686321484225
 30
0.0
 11
570.1341423833751
 21
-363.9686321931258
 31
0.0
  0
ARC
  5
8F0E
330
1F
100
AcDbEntity
  8
Cut
100
AcDbCircle
 10
570.9341423833753
 20
-363.9686321931258
 30
0.0
 40
0.8000000000000682
100
AcDbArc
 50
179.9999999999739
 51
269.999999999987
  0
LINE
  5
8F0F
330
1F
100
AcDbEntity
  8
Cut
100
AcDbLine
 10
570.934142383375
 20
-364.768632193126
 30
0.0
 11
574.194142383375
 21
-364.768632193126
 31
0.0
  0
ARC
  5
8F10
330
1F
100
AcDbEntity
  8
Cut
100
AcDbCircle
 10
574.1941423833745
 20
-363.9686321931263
 30
0.0
 40
0.7999999999997272
100
AcDbArc
 50
270.0000000000391
 51
0.0000000000260551
  0
LINE
  5
8F11
330
1F
100
AcDbEntity
  8
Cut
100
AcDbLine
 10
574.9941423833741
 20
-363.9686321931258
 30
0.0
 11
574.9941423833741
 21
-361.7686321484225
 31
0.0
  0
ARC
  5
8F12
330
1F
100
AcDbEntity
  8
Cut
100
AcDbCircle
 10
575.7941423833744
 20
-361.7686321484225
 30
0.0
 40
0.8000000000005229
100
AcDbArc
 50
0.0
 51
180.0
  0
LINE
  5
8F13
330
1F
100
AcDbEntity
  8
Cut
100
AcDbLine
 10
576.594142383375
 20
-361.7686321484225
 30
0.0
 11
581.2721500607245
 21
-361.7686321484225
 31
0.0
  0
LINE
  5
8F14
330
1F
100
AcDbEntity
  8
Cut
100
AcDbLine
 10
594.4091423833749
 20
-346.0933299428711
 30
0.0
 11
594.4091423833749
 21
-342.5686318205972
 31
0.0
  0
ARC
  5
8F15
330
1F
100
AcDbEntity
  8
Cut
100
AcDbCircle
 10
593.4091423833749
 20
-346.0933299428711
 30
0.0
 40
1.0
100
AcDbArc
 50
303.7612270571553
 51
0.0
  0
ARC
  5
8F16
330
1F
100
AcDbEntity
  8
Cut
100
AcDbCircle
 10
593.609142383375
 20
-342.5686318205972
 30
0.0
 40
0.7999999999999546
100
AcDbArc
 50
0.0
 51
90.0
  0
LINE
  5
8F17
330
1F
100
AcDbEntity
  8
Cut
100
AcDbLine
 10
593.609142383375
 20
-341.768631820597
 30
0.0
 11
589.3491423833741
 21
-341.768631820597
 31
0.0
  0
ARC
  5
8F18
330
1F
100
AcDbEntity
  8
Cut
100
AcDbCircle
 10
589.3491423833745
 20
-342.5686318205962
 30
0.0
 40
0.7999999999994998
100
AcDbArc
 50
90.00000000002605
 51
180.000000000026
  0
LINE
  5
8F19
330
1F
100
AcDbEntity
  8
Cut
100
AcDbLine
 10
588.549142383375
 20
-342.5686318205972
 30
0.0
 11
588.549142383375
 21
-343.7686321484225
 31
0.0
  0
ARC
  5
8F1A
330
1F
100
AcDbEntity
  8
Cut
100
AcDbCircle
 10
587.7491423833751
 20
-343.7686321484225
 30
0.0
 40
0.7999999999999546
100
AcDbArc
 50
180.0
 51
0.0
  0
LINE
  5
8F1B
330
1F
100
AcDbEntity
  8
Cut
100
AcDbLine
 10
586.9491423833751
 20
-343.7686321484225
 30
0.0
 11
584.6387423833741
 21
-343.7686321484225
 31
0.0
  0
ARC
  5
8F1C
330
1F
100
AcDbEntity
  8
Cut
100
AcDbCircle
 10
583.8387423833746
 20
-343.7686321484225
 30
0.0
 40
0.7999999999994998
100
AcDbArc
 50
180.0
 51
0.0
  0
LINE
  5
8F1D
330
1F
100
AcDbEntity
  8
Cut
100
AcDbLine
 10
583.0387423833752
 20
-343.7686321484225
 30
0.0
 11
583.0387423833752
 21
-339.2621682187728
 31
0.0
  0
ARC
  5
8F1E
330
1F
100
AcDbEntity
  8
Cut
100
AcDbCircle
 10
581.0387423833751
 20
-339.2621682187728
 30
0.0
 40
2.0
100
AcDbArc
 50
0.0
 51
74.35436990743385
  0
LINE
  5
8F1F
330
1F
100
AcDbEntity
  8
Cut
100
AcDbLine
 10
558.2933839015313
 20
-332.9154226751384
 30
0.0
 11
557.8811815605586
 21
-334.4537827546483
 31
0.0
  0
LINE
  5
8F20
330
1F
100
AcDbEntity
  8
Cut
100
AcDbLine
 10
552.3707530385173
 20
-355.018981970381
 30
0.0
 11
552.1606548034488
 21
-355.8030792582376
 31
0.0
  0
ARC
  5
8F21
330
1F
100
AcDbEntity
  8
Calque1
100
AcDbCircle
 10
554.0925064560269
 20
-356.3207173484425
 30
0.0
 40
2.0
100
AcDbArc
 50
165.0000000000055
 51
235.6807158685411
  0
LINE
  5
8F22
330
1F
100
AcDbEntity
  8
Calque1
100
AcDbLine
 10
552.9648983395702
 20
-357.9725345101469
 30
0.0
 11
562.2011829927641
 21
-364.2776570033052
 31
0.0
  0
INSERT
  5
8F23
330
1F
100
AcDbEntity
  8
Calque1
100
AcDbBlockReference
  2
cam plate rail v2.1
 10
557.0578189375249
 20
-345.2540204488087
 30
0.0
 50
9.999999999999998
  0
LINE
  5
8F24
330
1F
100
AcDbEntity
  8
Cut
100
AcDbLine
 10
560.7646091410019
 20
-331.5071645755752
 30
0.0
 11
581.5781159702673
 21
-337.3362720290047
 31
0.0
  0
ARC
  5
8F25
330
1F
100
AcDbEntity
  8
Cut
100
AcDbCircle
 10
560.2252355541095
 20
-333.4330607653433
 30
0.0
 40
2.0
100
AcDbArc
 50
74.35436990743385
 51
165.0000000000055
  0
LINE
  5
8F26
330
1F
100
AcDbEntity
  8
Cut
100
AcDbLine
 10
581.2411340442772
 20
-355.4300297333944
 30
0.0
 11
593.9648755314603
 21
-346.9246906757176
 31
0.0
  0
ARC
  5
8F27
330
1F
100
AcDbEntity
  8
Calque1
100
AcDbCircle
 10
582.3526003404481
 20
-357.0927511990872
 30
0.0
 40
2.0
100
AcDbArc
 50
123.7612270571552
 51
208.5212372976655
  0
LINE
  5
8F28
330
1F
100
AcDbEntity
  8
Calque1
100
AcDbLine
 10
581.9750622113351
 20
-360.5866445720221
 30
0.0
 11
580.5953199639215
 21
-358.0477201400872
 31
0.0
  0
ARC
  5
8F29
330
1F
100
AcDbEntity
  8
Calque1
100
AcDbCircle
 10
581.2721500607245
 20
-360.9686321484223
 30
0.0
 40
0.8
100
AcDbArc
 50
270.0
 51
28.52123729766549
  0
LINE
  5
8F2A
330
1F
100
AcDbEntity
  8
Cut
100
AcDbLine
 10
563.5137545611987
 20
-308.2262294392795
 30
0.0
 11
563.6091423833749
 21
-308.2262294392795
 31
0.0
  0
ARC
  5
8F2B
330
1F
100
AcDbEntity
  8
Calque1
100
AcDbCircle
 10
563.5137545611987
 20
-306.2262294392795
 30
0.0
 40
2.0
100
AcDbArc
 50
228.9827830266126
 51
270.0
  0
ARC
  5
8F2C
330
1F
100
AcDbEntity
  8
Cut
100
AcDbCircle
 10
563.6091423833749
 20
-307.4262294392793
 30
0.0
 40
0.8000000000001818
100
AcDbArc
 50
270.000000000013
 51
0.0
  0
LINE
  5
8F2D
330
1F
100
AcDbEntity
  8
Cut
100
AcDbLine
 10
564.4091423833749
 20
-307.4262294392793
 30
0.0
 11
564.4091423833749
 21
-305.2262293945759
 31
0.0
  0
ARC
  5
8F2E
330
1F
100
AcDbEntity
  8
Cut
100
AcDbCircle
 10
565.2091423833748
 20
-305.2262293945759
 30
0.0
 40
0.8000000000000682
100
AcDbArc
 50
0.0
 51
180.0
  0
LINE
  5
8F2F
330
1F
100
AcDbEntity
  8
Cut
100
AcDbLine
 10
566.009142383375
 20
-305.2262293945759
 30
0.0
 11
568.5341423833749
 21
-305.2262293945759
 31
0.0
  0
ARC
  5
8F30
330
1F
100
AcDbEntity
  8
Cut
100
AcDbCircle
 10
569.3341423833749
 20
-305.2262293945759
 30
0.0
 40
0.8000000000000682
100
AcDbArc
 50
0.0
 51
180.0
  0
LINE
  5
8F31
330
1F
100
AcDbEntity
  8
Cut
100
AcDbLine
 10
570.1341423833751
 20
-305.2262293945759
 30
0.0
 11
570.1341423833751
 21
-307.4262294392793
 31
0.0
  0
ARC
  5
8F32
330
1F
100
AcDbEntity
  8
Cut
100
AcDbCircle
 10
570.9341423833753
 20
-307.4262294392793
 30
0.0
 40
0.8000000000000682
100
AcDbArc
 50
179.9999999999739
 51
269.999999999987
  0
LINE
  5
8F33
330
1F
100
AcDbEntity
  8
Cut
100
AcDbLine
 10
570.934142383375
 20
-308.2262294392795
 30
0.0
 11
574.194142383375
 21
-308.2262294392795
 31
0.0
  0
ARC
  5
8F34
330
1F
100
AcDbEntity
  8
Cut
100
AcDbCircle
 10
574.1941423833745
 20
-307.4262294392797
 30
0.0
 40
0.7999999999997272
100
AcDbArc
 50
270.0000000000391
 51
0.0000000000260551
  0
LINE
  5
8F35
330
1F
100
AcDbEntity
  8
Cut
100
AcDbLine
 10
574.9941423833741
 20
-307.4262294392793
 30
0.0
 11
574.9941423833741
 21
-305.2262293945759
 31
0.0
  0
ARC
  5
8F36
330
1F
100
AcDbEntity
  8
Cut
100
AcDbCircle
 10
575.7941423833744
 20
-305.2262293945759
 30
0.0
 40
0.8000000000005229
100
AcDbArc
 50
0.0
 51
180.0
  0
LINE
  5
8F37
330
1F
100
AcDbEntity
  8
Cut
100
AcDbLine
 10
576.594142383375
 20
-305.2262293945759
 30
0.0
 11
581.2638961919247
 21
-305.2262293945759
 31
0.0
  0
LINE
  5
8F38
330
1F
100
AcDbEntity
  8
Cut
100
AcDbLine
 10
594.4091423833749
 20
-292.1008756107185
 30
0.0
 11
594.4091423833749
 21
-288.0262290667506
 31
0.0
  0
ARC
  5
8F39
330
1F
100
AcDbEntity
  8
Cut
100
AcDbCircle
 10
593.4091423833749
 20
-292.1008756107185
 30
0.0
 40
1.0
100
AcDbArc
 50
294.8410239733402
 51
0.0
  0
ARC
  5
8F3A
330
1F
100
AcDbEntity
  8
Cut
100
AcDbCircle
 10
593.609142383375
 20
-288.0262290667506
 30
0.0
 40
0.7999999999999546
100
AcDbArc
 50
0.0
 51
90.0
  0
LINE
  5
8F3B
330
1F
100
AcDbEntity
  8
Cut
100
AcDbLine
 10
593.609142383375
 20
-287.2262290667504
 30
0.0
 11
589.3491423833741
 21
-287.2262290667504
 31
0.0
  0
ARC
  5
8F3C
330
1F
100
AcDbEntity
  8
Cut
100
AcDbCircle
 10
589.3491423833745
 20
-288.0262290667497
 30
0.0
 40
0.7999999999994998
100
AcDbArc
 50
90.00000000002605
 51
180.000000000026
  0
LINE
  5
8F3D
330
1F
100
AcDbEntity
  8
Cut
100
AcDbLine
 10
588.549142383375
 20
-288.0262290667506
 30
0.0
 11
588.549142383375
 21
-289.226229394576
 31
0.0
  0
ARC
  5
8F3E
330
1F
100
AcDbEntity
  8
Cut
100
AcDbCircle
 10
587.7491423833751
 20
-289.226229394576
 30
0.0
 40
0.7999999999999546
100
AcDbArc
 50
180.0
 51
0.0
  0
LINE
  5
8F3F
330
1F
100
AcDbEntity
  8
Cut
100
AcDbLine
 10
586.9491423833751
 20
-289.226229394576
 30
0.0
 11
584.6387423833741
 21
-289.226229394576
 31
0.0
  0
ARC
  5
8F40
330
1F
100
AcDbEntity
  8
Cut
100
AcDbCircle
 10
583.8387423833746
 20
-289.226229394576
 30
0.0
 40
0.7999999999994998
100
AcDbArc
 50
180.0
 51
0.0
  0
LINE
  5
8F41
330
1F
100
AcDbEntity
  8
Cut
100
AcDbLine
 10
583.0387423833752
 20
-289.226229394576
 30
0.0
 11
583.0387423833752
 21
-282.7197654649262
 31
0.0
  0
ARC
  5
8F42
330
1F
100
AcDbEntity
  8
Cut
100
AcDbCircle
 10
581.0387423833751
 20
-282.7197654649262
 30
0.0
 40
2.0
100
AcDbArc
 50
0.0
 51
74.35436990743385
  0
LINE
  5
8F43
330
1F
100
AcDbEntity
  8
Cut
100
AcDbLine
 10
558.2933839015313
 20
-276.3730199212919
 30
0.0
 11
557.8811815605586
 21
-277.9113800008017
 31
0.0
  0
LINE
  5
8F44
330
1F
100
AcDbEntity
  8
Cut
100
AcDbLine
 10
552.3707530385173
 20
-298.4765792165344
 30
0.0
 11
552.1606548034488
 21
-299.2606765043911
 31
0.0
  0
ARC
  5
8F45
330
1F
100
AcDbEntity
  8
Calque1
100
AcDbCircle
 10
554.0925064560269
 20
-299.7783145945959
 30
0.0
 40
2.0
100
AcDbArc
 50
165.0000000000055
 51
235.6807158685411
  0
LINE
  5
8F46
330
1F
100
AcDbEntity
  8
Calque1
100
AcDbLine
 10
552.9648983395702
 20
-301.4301317563004
 30
0.0
 11
562.2011829927641
 21
-307.7352542494586
 31
0.0
  0
INSERT
  5
8F47
330
1F
100
AcDbEntity
  8
Calque1
100
AcDbBlockReference
  2
cam plate rail v2.1
 10
557.0578189375249
 20
-288.7116176949621
 30
0.0
 50
9.999999999999998
  0
LINE
  5
8F48
330
1F
100
AcDbEntity
  8
Cut
100
AcDbLine
 10
560.7646091410019
 20
-274.9647618217287
 30
0.0
 11
581.5781159702673
 21
-280.7938692751582
 31
0.0
  0
ARC
  5
8F49
330
1F
100
AcDbEntity
  8
Cut
100
AcDbCircle
 10
560.2252355541095
 20
-276.8906580114967
 30
0.0
 40
2.0
100
AcDbArc
 50
74.35436990743385
 51
165.0000000000055
  0
LINE
  5
8F4A
330
1F
100
AcDbEntity
  8
Calque1
100
AcDbLine
 10
581.9668083425353
 20
-304.0442418181756
 30
0.0
 11
580.5778032503954
 21
-301.4882724180016
 31
0.0
  0
ARC
  5
8F4B
330
1F
100
AcDbEntity
  8
Calque1
100
AcDbCircle
 10
581.2638961919247
 20
-304.4262293945758
 30
0.0
 40
0.8
100
AcDbArc
 50
270.0
 51
28.52123729766549
  0
LINE
  5
8F4C
330
1F
100
AcDbEntity
  8
Cut
100
AcDbLine
 10
581.4948797336423
 20
-298.7183496435068
 30
0.0
 11
593.8292443300147
 21
-293.0083525274658
 31
0.0
  0
ARC
  5
8F4D
330
1F
100
AcDbEntity
  8
Calque1
100
AcDbCircle
 10
582.3350836269219
 20
-300.5333034770015
 30
0.0
 40
2.0
100
AcDbArc
 50
114.8410239733401
 51
208.5212372976655
  0
LINE
  5
8F4E
330
1F
100
AcDbEntity
  8
Cut
100
AcDbLine
 10
563.5137545611987
 20
-252.4637497315698
 30
0.0
 11
563.6091423833749
 21
-252.4637497315698
 31
0.0
  0
ARC
  5
8F4F
330
1F
100
AcDbEntity
  8
Calque1
100
AcDbCircle
 10
563.5137545611987
 20
-250.4637497315698
 30
0.0
 40
2.0
100
AcDbArc
 50
228.9827830266126
 51
270.0
  0
ARC
  5
8F50
330
1F
100
AcDbEntity
  8
Cut
100
AcDbCircle
 10
563.6091423833749
 20
-251.6637497315696
 30
0.0
 40
0.8000000000001818
100
AcDbArc
 50
270.000000000013
 51
0.0
  0
LINE
  5
8F51
330
1F
100
AcDbEntity
  8
Cut
100
AcDbLine
 10
564.4091423833749
 20
-251.6637497315696
 30
0.0
 11
564.4091423833749
 21
-249.4637496868663
 31
0.0
  0
ARC
  5
8F52
330
1F
100
AcDbEntity
  8
Cut
100
AcDbCircle
 10
565.2091423833748
 20
-249.4637496868663
 30
0.0
 40
0.8000000000000682
100
AcDbArc
 50
0.0
 51
180.0
  0
LINE
  5
8F53
330
1F
100
AcDbEntity
  8
Cut
100
AcDbLine
 10
566.009142383375
 20
-249.4637496868663
 30
0.0
 11
568.5341423833749
 21
-249.4637496868663
 31
0.0
  0
ARC
  5
8F54
330
1F
100
AcDbEntity
  8
Cut
100
AcDbCircle
 10
569.3341423833749
 20
-249.4637496868663
 30
0.0
 40
0.8000000000000682
100
AcDbArc
 50
0.0
 51
180.0
  0
LINE
  5
8F55
330
1F
100
AcDbEntity
  8
Cut
100
AcDbLine
 10
570.1341423833751
 20
-249.4637496868663
 30
0.0
 11
570.1341423833751
 21
-251.6637497315696
 31
0.0
  0
ARC
  5
8F56
330
1F
100
AcDbEntity
  8
Cut
100
AcDbCircle
 10
570.9341423833753
 20
-251.6637497315696
 30
0.0
 40
0.8000000000000682
100
AcDbArc
 50
179.9999999999739
 51
269.999999999987
  0
LINE
  5
8F57
330
1F
100
AcDbEntity
  8
Cut
100
AcDbLine
 10
570.934142383375
 20
-252.4637497315698
 30
0.0
 11
574.194142383375
 21
-252.4637497315698
 31
0.0
  0
ARC
  5
8F58
330
1F
100
AcDbEntity
  8
Cut
100
AcDbCircle
 10
574.1941423833745
 20
-251.6637497315701
 30
0.0
 40
0.7999999999997272
100
AcDbArc
 50
270.0000000000391
 51
0.0000000000260551
  0
LINE
  5
8F59
330
1F
100
AcDbEntity
  8
Cut
100
AcDbLine
 10
574.9941423833741
 20
-251.6637497315696
 30
0.0
 11
574.9941423833741
 21
-249.4637496868663
 31
0.0
  0
ARC
  5
8F5A
330
1F
100
AcDbEntity
  8
Cut
100
AcDbCircle
 10
575.7941423833744
 20
-249.4637496868663
 30
0.0
 40
0.8000000000005229
100
AcDbArc
 50
0.0
 51
180.0
  0
LINE
  5
8F5B
330
1F
100
AcDbEntity
  8
Cut
100
AcDbLine
 10
576.594142383375
 20
-249.4637496868663
 30
0.0
 11
581.2638961919247
 21
-249.4637496868663
 31
0.0
  0
LINE
  5
8F5C
330
1F
100
AcDbEntity
  8
Cut
100
AcDbLine
 10
594.4091423833749
 20
-239.6283136314096
 30
0.0
 11
594.4091423833749
 21
-234.263749359041
 31
0.0
  0
ARC
  5
8F5D
330
1F
100
AcDbEntity
  8
Cut
100
AcDbCircle
 10
593.4091423833749
 20
-239.6283136314096
 30
0.0
 40
1.0
100
AcDbArc
 50
280.246811940099
 51
0.0
  0
ARC
  5
8F5E
330
1F
100
AcDbEntity
  8
Cut
100
AcDbCircle
 10
593.609142383375
 20
-234.263749359041
 30
0.0
 40
0.7999999999999546
100
AcDbArc
 50
0.0
 51
90.0
  0
LINE
  5
8F5F
330
1F
100
AcDbEntity
  8
Cut
100
AcDbLine
 10
593.609142383375
 20
-233.4637493590408
 30
0.0
 11
589.3491423833741
 21
-233.4637493590408
 31
0.0
  0
ARC
  5
8F60
330
1F
100
AcDbEntity
  8
Cut
100
AcDbCircle
 10
589.3491423833745
 20
-234.26374935904
 30
0.0
 40
0.7999999999994998
100
AcDbArc
 50
90.00000000002605
 51
180.000000000026
  0
LINE
  5
8F61
330
1F
100
AcDbEntity
  8
Cut
100
AcDbLine
 10
588.549142383375
 20
-234.263749359041
 30
0.0
 11
588.549142383375
 21
-235.4637496868663
 31
0.0
  0
ARC
  5
8F62
330
1F
100
AcDbEntity
  8
Cut
100
AcDbCircle
 10
587.7491423833751
 20
-235.4637496868663
 30
0.0
 40
0.7999999999999546
100
AcDbArc
 50
180.0
 51
0.0
  0
LINE
  5
8F63
330
1F
100
AcDbEntity
  8
Cut
100
AcDbLine
 10
586.9491423833751
 20
-235.4637496868663
 30
0.0
 11
584.6387423833741
 21
-235.4637496868663
 31
0.0
  0
ARC
  5
8F64
330
1F
100
AcDbEntity
  8
Cut
100
AcDbCircle
 10
583.8387423833746
 20
-235.4637496868663
 30
0.0
 40
0.7999999999994998
100
AcDbArc
 50
180.0
 51
0.0
  0
LINE
  5
8F65
330
1F
100
AcDbEntity
  8
Cut
100
AcDbLine
 10
583.0387423833752
 20
-235.4637496868663
 30
0.0
 11
583.0387423833752
 21
-226.9572857572166
 31
0.0
  0
ARC
  5
8F66
330
1F
100
AcDbEntity
  8
Cut
100
AcDbCircle
 10
581.0387423833751
 20
-226.9572857572166
 30
0.0
 40
2.0
100
AcDbArc
 50
0.0
 51
74.35436990743385
  0
LINE
  5
8F67
330
1F
100
AcDbEntity
  8
Cut
100
AcDbLine
 10
558.2933839015313
 20
-220.6105402135822
 30
0.0
 11
557.8811815605586
 21
-222.1489002930921
 31
0.0
  0
LINE
  5
8F68
330
1F
100
AcDbEntity
  8
Cut
100
AcDbLine
 10
552.3707530385173
 20
-242.7140995088248
 30
0.0
 11
552.1606548034488
 21
-243.4981967966814
 31
0.0
  0
ARC
  5
8F69
330
1F
100
AcDbEntity
  8
Calque1
100
AcDbCircle
 10
554.0925064560269
 20
-244.0158348868863
 30
0.0
 40
2.0
100
AcDbArc
 50
165.0000000000055
 51
235.6807158685411
  0
LINE
  5
8F6A
330
1F
100
AcDbEntity
  8
Calque1
100
AcDbLine
 10
552.9648983395702
 20
-245.6676520485908
 30
0.0
 11
562.2011829927641
 21
-251.972774541749
 31
0.0
  0
INSERT
  5
8F6B
330
1F
100
AcDbEntity
  8
Calque1
100
AcDbBlockReference
  2
cam plate rail v2.1
 10
557.0578189375249
 20
-232.9491379872525
 30
0.0
 50
9.999999999999998
  0
LINE
  5
8F6C
330
1F
100
AcDbEntity
  8
Cut
100
AcDbLine
 10
560.7646091410019
 20
-219.202282114019
 30
0.0
 11
581.5781159702673
 21
-225.0313895674485
 31
0.0
  0
ARC
  5
8F6D
330
1F
100
AcDbEntity
  8
Cut
100
AcDbCircle
 10
560.2252355541095
 20
-221.1281783037871
 30
0.0
 40
2.0
100
AcDbArc
 50
74.35436990743385
 51
165.0000000000055
  0
LINE
  5
8F6E
330
1F
100
AcDbEntity
  8
Calque1
100
AcDbLine
 10
581.9668083425353
 20
-248.2817621104659
 30
0.0
 11
580.5322760241481
 21
-245.6420160576204
 31
0.0
  0
ARC
  5
8F6F
330
1F
100
AcDbEntity
  8
Calque1
100
AcDbCircle
 10
581.2638961919247
 20
-248.6637496868661
 30
0.0
 40
0.8
100
AcDbArc
 50
270.0
 51
28.52123729766549
  0
LINE
  5
8F70
330
1F
100
AcDbEntity
  8
Cut
100
AcDbLine
 10
581.9337788185426
 20
-242.7189459220544
 30
0.0
 11
593.5870311744408
 21
-240.6123642286925
 31
0.0
  0
ARC
  5
8F71
330
1F
100
AcDbEntity
  8
Calque1
100
AcDbCircle
 10
582.2895564006747
 20
-244.6870471166203
 30
0.0
 40
2.0
100
AcDbArc
 50
100.246811940099
 51
208.5212372976655
  0
LINE
  5
8F72
330
1F
100
AcDbEntity
  8
Calque1
100
AcDbLine
 10
660.2949426654848
 20
-250.036966780388
 30
0.0
 11
658.8520243680457
 21
-247.3817893184223
 31
0.0
  0
ARC
  5
8F73
330
1F
100
AcDbEntity
  8
Calque1
100
AcDbCircle
 10
659.592030514874
 20
-250.4189543567882
 30
0.0
 40
0.8
100
AcDbArc
 50
270.0
 51
28.52123729766549
  0
VIEWPORT
  5
2E83
102
{ACAD_XDICTIONARY
360
2E84
102
}
330
D2
100
AcDbEntity
 67
     1
  8
0
100
AcDbViewport
 10
631.3399119427417
 20
333.7914237084823
 30
0.0
 40
2931.185625517329
 41
1031.502272909324
 68
     1
 69
     1
 12
631.3399119427417
 22
333.7914237084823
 13
0.0
 23
0.0
 14
10.0
 24
10.0
 15
10.0
 25
10.0
 16
0.0
 26
0.0
 36
1.0
 17
0.0
 27
0.0
 37
0.0
 42
50.0
 43
0.0
 44
0.0
 45
1031.502272909324
 50
0.0
 51
0.0
 72
  1000
 90
   557088
  1

281
     0
 71
     1
 74
     0
110
0.0
120
0.0
130
0.0
111
1.0
121
0.0
131
0.0
112
0.0
122
1.0
132
0.0
 79
     0
146
0.0
170
     0
 61
     5
348
F5
292
     1
282
     1
141
0.0
142
0.0
 63
   250
421
  3355443
  0
VIEWPORT
  5
2E87
102
{ACAD_XDICTIONARY
360
2E88
102
}
330
D2
100
AcDbEntity
 67
     1
  8
Defpoints
100
AcDbViewport
 10
322.150951956638
 20
321.4873763236405
 30
0.0
 40
393.195950474983
 41
516.1145367843475
 68
     2
 69
     2
 12
471.7549098063111
 22
-191.2953285817894
 13
0.0
 23
0.0
 14
10.0
 24
10.0
 15
10.0
 25
10.0
 16
0.0
 26
0.0
 36
1.0
 17
0.0
 27
0.0
 37
0.0
 42
50.0
 43
0.0
 44
0.0
 45
1548.343614153067
 50
0.0
 51
0.0
 72
  1000
 90
   819808
  1

281
     0
 71
     1
 74
     0
110
0.0
120
0.0
130
0.0
111
1.0
121
0.0
131
0.0
112
0.0
122
1.0
132
0.0
 79
     0
146
0.0
170
     0
 61
     5
348
F5
292
     1
282
     1
141
0.0
142
0.0
 63
   250
421
  3355443
  0
HATCH
  5
2F85
330
D2
100
AcDbEntity
 67
     1
  8
0
100
AcDbHatch
 10
0.0
 20
0.0
 30
0.0
210
0.0
220
0.0
230
1.0
  2
SOLID
 70
     1
 71
     1
 91
        1
 92
        1
 93
        4
 72
     1
 10
20.57096120759161
 20
711.7039227222969
 11
113.8681240404739
 21
711.7039227222969
 72
     1
 10
113.8681240404739
 20
711.7039227222969
 11
113.8681240404739
 21
679.2323634940309
 72
     1
 10
113.8681240404739
 20
679.2323634940309
 11
20.57096120759161
 21
679.2323634940309
 72
     1
 10
20.57096120759161
 20
679.2323634940309
 11
20.57096120759161
 21
711.7039227222969
 97
        1
330
2F93
 75
     1
 76
     1
 98
        1
 10
-4.116558102418821
 20
-14.47793055522834
450
        0
451
        0
460
0.0
461
0.0
452
        0
462
1.0
453
        2
463
0.0
 63
     5
421
      255
463
1.0
 63
     2
421
 16776960
470
LINEAR
1001
GradientColor1ACI
1070
     5
1001
GradientColor2ACI
1070
     2
1001
ACAD
1010
0.0
1020
0.0
1030
0.0
  0
MTEXT
  5
2F86
102
{ACAD_XDICTIONARY
360
2F87
102
}
330
D2
100
AcDbEntity
 67
     1
  8
0
  6
JIS_09_08
100
AcDbMText
 10
-50.93199514038701
 20
677.9166653816915
 30
0.0
 40
20.0
 41
689.506779511229
 46
0.0
 71
     1
 72
     5
  1
\pi258.91468;{\fNeuropol|b1|i0|c0|p34;\H1.5x;-JeNo-}
 73
     1
 44
1.0
1001
ACAD
1000
ACAD_MTEXT_COLUMN_INFO_BEGIN
1070
    75
1070
     2
1070
    79
1070
     0
1070
    76
1070
     1
1070
    78
1070
     0
1070
    48
1040
689.506779511229
1070
    49
1040
12.5
1070
    50
1070
     1
1040
0.0
1000
ACAD_MTEXT_COLUMN_INFO_END
  0
IMAGE
  5
2F88
330
D2
100
AcDbEntity
 67
     1
  8
Calque1_chamfered
160
               140
310
8C00000001000000840000000600000005000000FE5DD38A1A606B403C18C5A5B4DF85400000000000000000FE5DD38A1A606B40F6D8F8C9A6FD8840000000000000000030AE75B96BDF7640F6D8F8C9A6FD8840000000000000000030AE75B96BDF76403C18C5A5B4DF85400000000000000000FE5DD38A1A606B403C18C5
310
A5B4DF85400000000000000000
100
AcDbRasterImage
 90
        0
 10
219.0032400253548
 20
699.963206805994
 30
0.0
 11
0.0207366389007567
 21
0.0
 31
0.0
 12
0.0
 22
0.0207366389007567
 32
0.0
 13
7087.0
 23
4810.0
340
2F80
 70
     7
280
     0
281
    50
282
    50
283
     0
290
     0
360
2F89
 71
     1
 91
        2
 14
-0.5
 24
-0.5
 14
7086.5
 24
4809.499999999999
  0
MTEXT
  5
2F8A
102
{ACAD_XDICTIONARY
360
2F8B
102
}
330
D2
100
AcDbEntity
 67
     1
  8
0
  6
JIS_09_08
100
AcDbMText
 10
-92.70286947826702
 20
574.6515274411199
 30
0.0
 40
10.0
 41
227.5702963218501
 46
0.0
 71
     1
 72
     5
  1
\pi112.60255;{\fNeuropol|b1|i0|c0|p34;Choose your \P\pi160.98965;version}
 73
     1
 44
1.0
1001
ACAD
1000
ACAD_MTEXT_COLUMN_INFO_BEGIN
1070
    75
1070
     2
1070
    79
1070
     0
1070
    76
1070
     1
1070
    78
1070
     0
1070
    48
1040
227.5702963218501
1070
    49
1040
12.5
1070
    50
1070
     1
1040
0.0
1000
ACAD_MTEXT_COLUMN_INFO_END
  0
MTEXT
  5
2F8C
102
{ACAD_XDICTIONARY
360
2F8D
102
}
330
D2
100
AcDbEntity
 67
     1
  8
0
  6
JIS_09_08
100
AcDbMText
 10
449.3979062585343
 20
574.4660683607277
 30
0.0
 40
10.0
 41
689.506779511229
 46
0.0
 71
     1
 72
     5
  1
{\fNeuropol|b1|i0|c0|p34;Choose your \Pcam plates}
 73
     1
 44
1.0
1001
ACAD
1000
ACAD_MTEXT_COLUMN_INFO_BEGIN
1070
    75
1070
     2
1070
    79
1070
     0
1070
    76
1070
     1
1070
    78
1070
     0
1070
    48
1040
689.506779511229
1070
    49
1040
12.5
1070
    50
1070
     1
1040
0.0
1000
ACAD_MTEXT_COLUMN_INFO_END
  0
MTEXT
  5
2F90
102
{ACAD_XDICTIONARY
360
2F91
102
}
330
D2
100
AcDbEntity
 67
     1
  8
0
  6
JIS_09_08
100
AcDbMText
 10
-274.5644570169832
 20
771.5333372770451
 30
0.0
 40
35.0
 41
689.506779511229
 46
0.0
 71
     1
 72
     5
  1
\pi307.94304;{\fISOCPEUR|b1|i0|c0|p34;2.5" }
 73
     1
 44
1.0
1001
ACAD
1000
ACAD_MTEXT_COLUMN_INFO_BEGIN
1070
    75
1070
     2
1070
    79
1070
     0
1070
    76
1070
     1
1070
    78
1070
     0
1070
    48
1040
689.506779511229
1070
    49
1040
12.5
1070
    50
1070
     1
1040
0.0
1000
ACAD_MTEXT_COLUMN_INFO_END
  0
LWPOLYLINE
  5
2F92
330
D2
100
AcDbEntity
 67
     1
  8
0
100
AcDbPolyline
 90
        4
 70
     1
 43
5.0
 10
20.57096120759161
 20
800.1886901480432
 10
113.8681240404739
 20
800.1886901480432
 10
113.8681240404739
 20
711.7039227222969
 10
20.57096120759161
 20
711.7039227222969
  0
LWPOLYLINE
  5
2F93
102
{ACAD_REACTORS
330
2F85
102
}
330
D2
100
AcDbEntity
 67
     1
  8
0
100
AcDbPolyline
 90
        4
 70
     1
 43
5.0
 10
20.57096120759161
 20
711.7039227222969
 10
113.8681240404739
 20
711.7039227222969
 10
113.8681240404739
 20
679.2323634940309
 10
20.57096120759161
 20
679.2323634940309
  0
LWPOLYLINE
  5
2F94
330
D2
100
AcDbEntity
 67
     1
  8
0
  6
ACAD_ISO03W100
 48
0.1
100
AcDbPolyline
 90
        4
 70
     0
 43
0.5
 10
84.75570513674211
 20
538.5379872991536
 10
84.75570513674211
 20
218.4392610134982
 42
0.4142135623730951
 10
89.75570513674211
 20
213.4392610134983
 10
129.3898483167272
 20
213.4392610134983
  0
LWPOLYLINE
  5
2F96
330
D2
100
AcDbEntity
 67
     1
  8
0
  6
ACAD_ISO03W100
 48
0.1
100
AcDbPolyline
 90
        2
 70
     0
 43
0.5
 10
84.75570513674211
 20
451.9660723333665
 10
129.3898483167272
 20
451.9660723333665
  0
HATCH
  5
2F97
330
D2
100
AcDbEntity
 67
     1
  8
0
 62
   250
420
  3158064
100
AcDbHatch
 10
0.0
 20
0.0
 30
0.0
210
0.0
220
0.0
230
1.0
  2
SOLID
 70
     1
 71
     1
 91
        1
 92
        1
 93
        1
 72
     2
 10
129.3898483167272
 20
451.9660723333665
 40
0.8679530446370335
 50
0.0
 51
360.0
 73
     1
 97
        1
330
2F98
 75
     1
 76
     1
 98
        1
 10
-25.24354658811944
 20
-78.77388534101237
450
        0
451
        0
460
0.0
461
0.0
452
        0
462
1.0
453
        2
463
0.0
 63
     5
421
      255
463
1.0
 63
     2
421
 16776960
470
LINEAR
1001
GradientColor1ACI
1070
     5
1001
GradientColor2ACI
1070
     2
1001
ACAD
1010
0.0
1020
0.0
1030
0.0
  0
CIRCLE
  5
2F98
102
{ACAD_REACTORS
330
2F97
102
}
330
D2
100
AcDbEntity
 67
     1
  8
0
100
AcDbCircle
 10
129.3898483167272
 20
451.9660723333665
 30
0.0
 40
0.8679530446370335
  0
HATCH
  5
2F9B
330
D2
100
AcDbEntity
 67
     1
  8
0
 62
   250
420
  3158064
100
AcDbHatch
 10
0.0
 20
0.0
 30
0.0
210
0.0
220
0.0
230
1.0
  2
SOLID
 70
     1
 71
     1
 91
        1
 92
        1
 93
        1
 72
     2
 10
129.3898483167272
 20
213.4392610134983
 40
0.8679530446370335
 50
0.0
 51
360.0
 73
     1
 97
        1
330
2F9C
 75
     1
 76
     1
 98
        1
 10
-25.24354658811944
 20
-198.6353075157565
450
        0
451
        0
460
0.0
461
0.0
452
        0
462
1.0
453
        2
463
0.0
 63
     5
421
      255
463
1.0
 63
     2
421
 16776960
470
LINEAR
1001
GradientColor1ACI
1070
     5
1001
GradientColor2ACI
1070
     2
1001
ACAD
1010
0.0
1020
0.0
1030
0.0
  0
CIRCLE
  5
2F9C
102
{ACAD_REACTORS
330
2F9B
102
}
330
D2
100
AcDbEntity
 67
     1
  8
0
100
AcDbCircle
 10
129.3898483167272
 20
213.4392610134983
 30
0.0
 40
0.8679530446370335
  0
LWPOLYLINE
  5
2F9D
330
D2
100
AcDbEntity
 67
     1
  8
0
  6
ACAD_ISO03W100
 48
0.1
100
AcDbPolyline
 90
        4
 70
     0
 43
0.5
 10
503.1143756247583
 20
539.1860338820832
 10
503.1143756247583
 20
302.5975760368974
 42
-0.4142135623730951
 10
498.1143756247583
 20
297.5975760368974
 10
479.4271079753725
 20
297.5975760368974
  0
HATCH
  5
2FA7
330
D2
100
AcDbEntity
 67
     1
  8
0
 62
   250
420
  3158064
100
AcDbHatch
 10
0.0
 20
0.0
 30
0.0
210
0.0
220
0.0
230
1.0
  2
SOLID
 70
     1
 71
     1
 91
        1
 92
        1
 93
        1
 72
     2
 10
479.4271079753725
 20
297.5975760368974
 40
0.8679530446370335
 50
0.0
 51
360.0
 73
     1
 97
        1
330
2FA8
 75
     1
 76
     1
 98
        1
 10
49.6711749922801
 20
-95.69734353449002
450
        0
451
        0
460
0.0
461
0.0
452
        0
462
1.0
453
        2
463
0.0
 63
     5
421
      255
463
1.0
 63
     2
421
 16776960
470
LINEAR
1001
GradientColor1ACI
1070
     5
1001
GradientColor2ACI
1070
     2
1001
ACAD
1010
0.0
1020
0.0
1030
0.0
  0
CIRCLE
  5
2FA8
102
{ACAD_REACTORS
330
2FA7
102
}
330
D2
100
AcDbEntity
 67
     1
  8
0
100
AcDbCircle
 10
479.4271079753725
 20
297.5975760368974
 30
0.0
 40
0.8679530446370335
  0
HATCH
  5
2FA9
330
D2
100
AcDbEntity
 67
     1
  8
0
100
AcDbHatch
 10
0.0
 20
0.0
 30
0.0
210
0.0
220
0.0
230
1.0
  2
SOLID
 70
     1
 71
     1
 91
        1
 92
        1
 93
        4
 72
     1
 10
17.97315479681265
 20
612.05897413357
 11
135.6268770833903
 21
612.05897413357
 72
     1
 10
135.6268770833903
 20
612.05897413357
 11
135.6268770833903
 21
582.3935440882449
 72
     1
 10
135.6268770833903
 20
582.3935440882449
 11
17.97315479681265
 21
582.3935440882449
 72
     1
 10
17.97315479681265
 20
582.3935440882449
 11
17.97315479681265
 21
612.05897413357
 97
        1
330
2FAA
 75
     1
 76
     1
 98
        1
 10
-4.116558102418821
 20
-14.47793055522834
450
        0
451
        0
460
0.0
461
0.0
452
        0
462
1.0
453
        2
463
0.0
 63
     5
421
      255
463
1.0
 63
     2
421
 16776960
470
LINEAR
1001
GradientColor1ACI
1070
     5
1001
GradientColor2ACI
1070
     2
1001
ACAD
1010
0.0
1020
0.0
1030
0.0
  0
LWPOLYLINE
  5
2FAA
102
{ACAD_REACTORS
330
2FA9
102
}
330
D2
100
AcDbEntity
 67
     1
  8
0
100
AcDbPolyline
 90
        4
 70
     1
 43
0.0
 10
17.97315479681265
 20
612.05897413357
 10
135.6268770833903
 20
612.05897413357
 10
135.6268770833903
 20
582.3935440882449
 10
17.97315479681265
 20
582.3935440882449
  0
MTEXT
  5
2FAB
102
{ACAD_XDICTIONARY
360
2FAC
102
}
330
D2
100
AcDbEntity
 67
     1
  8
0
  6
JIS_09_08
100
AcDbMText
 10
-126.8860456319357
 20
603.2574759896506
 30
0.0
 40
10.0
 41
227.5702963218501
 46
0.0
 71
     1
 72
     5
  1
\pi178.84449;{\fNeuropol|b1|i0|c0|p34;\C254;Step 1}
 73
     1
 44
1.0
1001
ACAD
1000
ACAD_MTEXT_COLUMN_INFO_BEGIN
1070
    75
1070
     2
1070
    79
1070
     0
1070
    76
1070
     1
1070
    78
1070
     0
1070
    48
1040
227.5702963218501
1070
    49
1040
12.5
1070
    50
1070
     1
1040
0.0
1000
ACAD_MTEXT_COLUMN_INFO_END
  0
HATCH
  5
2FAD
330
D2
100
AcDbEntity
 67
     1
  8
0
100
AcDbHatch
 10
0.0
 20
0.0
 30
0.0
210
0.0
220
0.0
230
1.0
  2
SOLID
 70
     1
 71
     1
 91
        1
 92
        1
 93
        4
 72
     1
 10
447.9161705739693
 20
612.05897413357
 11
565.569892860547
 21
612.05897413357
 72
     1
 10
565.569892860547
 20
612.05897413357
 11
565.569892860547
 21
582.3935440882449
 72
     1
 10
565.569892860547
 20
582.3935440882449
 11
447.9161705739693
 21
582.3935440882449
 72
     1
 10
447.9161705739693
 20
582.3935440882449
 11
447.9161705739693
 21
612.05897413357
 97
        1
330
2FAE
 75
     1
 76
     1
 98
        1
 10
425.8264576747378
 20
-14.47793055522834
450
        0
451
        0
460
0.0
461
0.0
452
        0
462
1.0
453
        2
463
0.0
 63
     5
421
      255
463
1.0
 63
     2
421
 16776960
470
LINEAR
1001
GradientColor1ACI
1070
     5
1001
GradientColor2ACI
1070
     2
1001
ACAD
1010
0.0
1020
0.0
1030
0.0
  0
LWPOLYLINE
  5
2FAE
102
{ACAD_REACTORS
330
2FAD
102
}
330
D2
100
AcDbEntity
 67
     1
  8
0
100
AcDbPolyline
 90
        4
 70
     1
 43
0.0
 10
447.9161705739693
 20
612.05897413357
 10
565.569892860547
 20
612.05897413357
 10
565.569892860547
 20
582.3935440882449
 10
447.9161705739693
 20
582.3935440882449
  0
MTEXT
  5
2FAF
102
{ACAD_XDICTIONARY
360
2FB0
102
}
330
D2
100
AcDbEntity
 67
     1
  8
0
  6
JIS_09_08
100
AcDbMText
 10
303.056970145221
 20
603.2574759896506
 30
0.0
 40
10.0
 41
227.5702963218501
 46
0.0
 71
     1
 72
     5
  1
\pi168.56223;{\fNeuropol|b1|i0|c0|p34;\C254;Step 2}
 73
     1
 44
1.0
1001
ACAD
1000
ACAD_MTEXT_COLUMN_INFO_BEGIN
1070
    75
1070
     2
1070
    79
1070
     0
1070
    76
1070
     1
1070
    78
1070
     0
1070
    48
1040
227.5702963218501
1070
    49
1040
12.5
1070
    50
1070
     1
1040
0.0
1000
ACAD_MTEXT_COLUMN_INFO_END
  0
VIEWPORT
  5
2FB1
102
{ACAD_XDICTIONARY
360
2FB2
102
}
330
D2
100
AcDbEntity
 67
     1
  8
Defpoints
100
AcDbViewport
 10
495.5125144537318
 20
40.99257797943187
 30
0.0
 40
153.7362653142654
 41
67.33132000428577
 68
     3
 69
     3
 12
99.9303654592
 22
1369.16778552467
 13
0.0
 23
0.0
 14
10.0
 24
10.0
 15
10.0
 25
10.0
 16
0.0
 26
0.0
 36
4092.51493634133
 17
609.737699956677
 27
-901.5768695713958
 37
0.0
 42
50.0
 43
0.0
 44
0.0
 45
107.6733000548574
 50
0.0
 51
0.0
 72
  1000
 90
   819808
  1

281
     0
 71
     1
 74
     0
110
0.0
120
0.0
130
0.0
111
1.0
121
0.0
131
0.0
112
0.0
122
1.0
132
0.0
 79
     0
146
0.0
170
     0
 61
     5
348
F5
292
     1
282
     1
141
0.0
142
0.0
 63
   250
421
  3355443
361
2FB4
  0
LWPOLYLINE
  5
2FB5
330
D2
100
AcDbEntity
 67
     1
  8
0
100
AcDbPolyline
 90
        4
 70
     1
 43
1.0
 10
418.6443817965992
 20
74.65823798157476
 10
572.3806471108646
 20
74.65823798157476
 10
572.3806471108646
 20
7.326917977288985
 10
418.6443817965992
 20
7.326917977288985
  0
HATCH
  5
2FB6
330
D2
100
AcDbEntity
 67
     1
  8
0
100
AcDbHatch
 10
0.0
 20
0.0
 30
0.0
210
0.0
220
0.0
230
1.0
  2
SOLID
 70
     1
 71
     1
 91
        1
 92
        1
 93
        4
 72
     1
 10
418.6443817965992
 20
91.78034320927167
 11
572.3806471108646
 21
91.78034320927164
 72
     1
 10
572.3806471108646
 20
91.78034320927164
 11
572.3806471108646
 21
74.65823798157471
 72
     1
 10
572.3806471108646
 20
74.65823798157471
 11
418.6443817965992
 21
74.65823798157476
 72
     1
 10
418.6443817965992
 20
74.65823798157476
 11
418.6443817965992
 21
91.78034320927167
 97
        1
330
2FB7
 75
     1
 76
     1
 98
        1
 10
396.5546688973677
 20
-522.2132366618985
450
        0
451
        0
460
0.0
461
0.0
452
        0
462
1.0
453
        2
463
0.0
 63
     5
421
      255
463
1.0
 63
     2
421
 16776960
470
LINEAR
1001
GradientColor1ACI
1070
     5
1001
GradientColor2ACI
1070
     2
1001
ACAD
1010
0.0
1020
0.0
1030
0.0
  0
LWPOLYLINE
  5
2FB7
102
{ACAD_REACTORS
330
2FB6
102
}
330
D2
100
AcDbEntity
 67
     1
  8
0
100
AcDbPolyline
 90
        4
 70
     1
 43
1.0
 10
418.6443817965992
 20
91.78034320927167
 10
572.3806471108646
 20
91.78034320927164
 10
572.3806471108646
 20
74.65823798157471
 10
418.6443817965992
 20
74.65823798157476
  0
MTEXT
  5
2FB8
102
{ACAD_XDICTIONARY
360
2FB9
102
}
330
D2
100
AcDbEntity
 67
     1
  8
0
  6
JIS_09_08
100
AcDbMText
 10
286.4828091653354
 20
86.59409218491806
 30
0.0
 40
5.0
 41
227.5702963218501
 46
0.0
 71
     1
 72
     5
  1
\pi185.42917;{\fNeuropol|b1|i0|c0|p34;\C254;Line type}
 73
     1
 44
1.0
1001
ACAD
1000
ACAD_MTEXT_COLUMN_INFO_BEGIN
1070
    75
1070
     2
1070
    79
1070
     0
1070
    76
1070
     1
1070
    78
1070
     0
1070
    48
1040
227.5702963218501
1070
    49
1040
12.5
1070
    50
1070
     1
1040
0.0
1000
ACAD_MTEXT_COLUMN_INFO_END
  0
MTEXT
  5
2FBE
102
{ACAD_XDICTIONARY
360
2FBF
102
}
330
D2
100
AcDbEntity
 67
     1
  8
0
  6
JIS_09_08
100
AcDbMText
 10
445.7803420438986
 20
113.1259854469799
 30
0.0
 40
4.0
 41
124.1760533896067
 46
0.0
 71
     1
 72
     5
  1
\pi-9.37546,l16,t18.62454;{\fISOCPEUR|b0|i0|c0|p34;*chamfers are recommanded everywhere except \P\pi66.57605,t82.57605;on camera plates}
 73
     1
 44
1.0
1001
ACAD
1000
ACAD_MTEXT_COLUMN_INFO_BEGIN
1070
    75
1070
     2
1070
    79
1070
     0
1070
    76
1070
     1
1070
    78
1070
     0
1070
    48
1040
124.1760533896067
1070
    49
1040
12.5
1070
    50
1070
     1
1040
0.0
1000
ACAD_MTEXT_COLUMN_INFO_END
  0
MTEXT
  5
3A41
102
{ACAD_XDICTIONARY
360
3A42
102
}
330
D2
100
AcDbEntity
 67
     1
  8
0
  6
JIS_09_08
100
AcDbMText
 10
-278.1145286334011
 20
702.7889186515635
 30
0.0
 40
20.0
 41
689.506779511229
 46
0.0
 71
     1
 72
     5
  1
\pi322.29837;{\fISOCPEUR|b1|i0|c0|p34;\H0.75x;\C254;v2.1.0}
 73
     1
 44
1.0
1001
ACAD
1000
ACAD_MTEXT_COLUMN_INFO_BEGIN
1070
    75
1070
     2
1070
    79
1070
     0
1070
    76
1070
     1
1070
    78
1070
     0
1070
    48
1040
689.506779511229
1070
    49
1040
12.5
1070
    50
1070
     1
1040
0.0
1000
ACAD_MTEXT_COLUMN_INFO_END
  0
IMAGE
  5
77DE
330
D2
100
AcDbEntity
 67
     1
  8
pocket
160
               140
310
8C0000000100000084000000060000000500000050E1D8293D2E77408483FB0EAABF8340000000000000000050E1D8293D2E774006BA5E81ABE788400000000000000000D28266E05D33824006BA5E81ABE788400000000000000000D28266E05D3382408483FB0EAABF8340000000000000000050E1D8293D2E77408483FB
310
0EAABF83400000000000000000
100
AcDbRasterImage
 90
        0
 10
370.8899324867134
 20
631.9580363893042
 30
0.0
 11
0.1100004709721253
 21
0.0
 31
0.0
 12
0.0
 22
0.1100004709721253
 32
0.0
 13
1923.0
 23
1500.0
340
77DC
 70
     7
280
     0
281
    50
282
    50
283
     0
290
     0
360
77DD
 71
     1
 91
        2
 14
-0.5
 24
-0.5
 14
1922.5
 24
1499.5
  0
LWPOLYLINE
  5
7B62
330
D2
100
AcDbEntity
 67
     1
  8
0
  6
ACAD_ISO03W100
 48
0.1
100
AcDbPolyline
 90
        2
 70
     0
 43
0.5
 10
84.75570513674211
 20
331.5886917396431
 10
129.3898483167272
 20
331.5886917396431
  0
HATCH
  5
7B63
330
D2
100
AcDbEntity
 67
     1
  8
0
 62
   250
420
  3158064
100
AcDbHatch
 10
0.0
 20
0.0
 30
0.0
210
0.0
220
0.0
230
1.0
  2
SOLID
 70
     1
 71
     1
 91
        1
 92
        1
 93
        1
 72
     2
 10
129.3898483167272
 20
331.5886917396431
 40
0.8679530446370335
 50
0.0
 51
360.0
 73
     1
 97
        1
330
7B64
 75
     1
 76
     1
 98
        1
 10
-25.24354658811944
 20
-199.1512659347359
450
        0
451
        0
460
0.0
461
0.0
452
        0
462
1.0
453
        2
463
0.0
 63
     5
421
      255
463
1.0
 63
     2
421
 16776960
470
LINEAR
1001
GradientColor1ACI
1070
     5
1001
GradientColor2ACI
1070
     2
1001
ACAD
1010
0.0
1020
0.0
1030
0.0
  0
CIRCLE
  5
7B64
102
{ACAD_REACTORS
330
7B63
102
}
330
D2
100
AcDbEntity
 67
     1
  8
0
100
AcDbCircle
 10
129.3898483167272
 20
331.5886917396431
 30
0.0
 40
0.8679530446370335
  0
LWPOLYLINE
  5
83A9
330
D2
100
AcDbEntity
 67
     1
  8
0
  6
ACAD_ISO03W100
 48
0.1
100
AcDbPolyline
 90
        2
 70
     0
 43
0.5
 10
479.5367426205118
 20
451.9660723333665
 10
503.1143756247583
 20
451.9660723333665
  0
HATCH
  5
83B0
330
D2
100
AcDbEntity
 67
     1
  8
0
 62
   250
420
  3158064
100
AcDbHatch
 10
0.0
 20
0.0
 30
0.0
210
0.0
220
0.0
230
1.0
  2
SOLID
 70
     1
 71
     1
 91
        1
 92
        1
 93
        1
 72
     2
 10
479.4271079753725
 20
451.9660723333665
 40
0.8679530446370335
 50
0.0
 51
360.0
 73
     1
 97
        1
330
83B1
 75
     1
 76
     1
 98
        1
 10
49.6711749922801
 20
58.67115276197916
450
        0
451
        0
460
0.0
461
0.0
452
        0
462
1.0
453
        2
463
0.0
 63
     5
421
      255
463
1.0
 63
     2
421
 16776960
470
LINEAR
1001
GradientColor1ACI
1070
     5
1001
GradientColor2ACI
1070
     2
1001
ACAD
1010
0.0
1020
0.0
1030
0.0
  0
CIRCLE
  5
83B1
102
{ACAD_REACTORS
330
83B0
102
}
330
D2
100
AcDbEntity
 67
     1
  8
0
100
AcDbCircle
 10
479.4271079753725
 20
451.9660723333665
 30
0.0
 40
0.8679530446370335
  0
ENDSEC
  0
SECTION
  2
OBJECTS
  0
DICTIONARY
  5
C
330
0
100
AcDbDictionary
281
     1
  3
ACAD_CIP_PREVIOUS_PRODUCT_INFO
350
216
  3
ACAD_COLOR
350
6B
  3
ACAD_DETAILVIEWSTYLE
350
21B
  3
ACAD_GROUP
350
D
  3
ACAD_IMAGE_DICT
350
2F7F
  3
ACAD_IMAGE_VARS
350
2F84
  3
ACAD_LAST_SAVED_VERSION_INFO
350
3963
  3
ACAD_LAYOUT
350
1A
  3
ACAD_MATERIAL
350
6A
  3
ACAD_MLEADERSTYLE
350
12D
  3
ACAD_MLINESTYLE
350
17
  3
ACAD_PLOTSETTINGS
350
19
  3
ACAD_PLOTSTYLENAME
350
E
  3
ACAD_SCALELIST
350
10C
  3
ACAD_SECTIONVIEWSTYLE
350
219
  3
ACAD_TABLESTYLE
350
7E
  3
ACAD_VISUALSTYLE
350
EF
  3
ACDB_RECOMPOSE_DATA
350
9001
  3
AcDbVariableDictionary
350
5E
  3
AcDsDecomposeData
350
9007
  0
DICTIONARY
  5
1FF
330
2
100
AcDbDictionary
280
     1
281
     1
  3
ACAD_LAYERSTATES
360
200
  0
DICTIONARY
  5
13C
330
10
100
AcDbDictionary
280
     1
281
     1
  0
DICTIONARY
  5
1CE
330
1F
100
AcDbDictionary
280
     1
281
     1
  3
ACAD_SORTENTS
360
15F0
  0
DICTIONARY
  5
3B2F
330
D2
100
AcDbDictionary
280
     1
281
     1
  3
ACAD_SORTENTS
360
3B30
  0
DICTIONARY
  5
2A46
330
2A00
100
AcDbDictionary
280
     1
281
     1
  3
ACAD_SORTENTS
360
2A47
  0
DICTIONARY
  5
4E6F
330
4D0F
100
AcDbDictionary
280
     1
281
     1
  3
ACAD_SORTENTS
360
4E70
  0
DICTIONARY
  5
7616
330
7567
100
AcDbDictionary
280
     1
281
     1
  0
DICTIONARY
  5
76D8
330
7635
100
AcDbDictionary
280
     1
281
     1
  0
DICTIONARY
  5
EBB
330
EBA
100
AcDbDictionary
280
     1
281
     1
  3
ACAD_MTEXT_2008_RT
360
8FC7
  0
DICTIONARY
  5
EBD
330
EBC
100
AcDbDictionary
280
     1
281
     1
  0
DICTIONARY
  5
1009
330
1008
100
AcDbDictionary
280
     1
281
     1
  3
ACAD_MTEXT_2008_RT
360
8FC8
  0
DICTIONARY
  5
1082
330
1081
100
AcDbDictionary
280
     1
281
     1
  3
ACAD_MTEXT_2008_RT
360
8FC9
  0
DICTIONARY
  5
1084
330
1083
100
AcDbDictionary
280
     1
281
     1
  3
ACAD_MTEXT_2008_RT
360
8FCA
  0
DICTIONARY
  5
1104
330
1103
100
AcDbDictionary
280
     1
281
     1
  3
ACAD_MTEXT_2008_RT
360
8FCB
  0
DICTIONARY
  5
1107
330
1106
100
AcDbDictionary
280
     1
281
     1
  3
ACAD_MTEXT_2008_RT
360
8FCC
  0
DICTIONARY
  5
110A
330
1109
100
AcDbDictionary
280
     1
281
     1
  3
ACAD_MTEXT_2008_RT
360
8FCD
  0
DICTIONARY
  5
1215
330
1214
100
AcDbDictionary
280
     1
281
     1
  3
ACAD_MTEXT_2008_RT
360
8FCE
  0
DICTIONARY
  5
1217
330
1216
100
AcDbDictionary
280
     1
281
     1
  3
ACAD_MTEXT_2008_RT
360
8FCF
  0
DICTIONARY
  5
1271
330
1270
100
AcDbDictionary
280
     1
281
     1
  3
ACAD_MTEXT_2008_RT
360
8FD0
  0
DICTIONARY
  5
1273
330
1272
100
AcDbDictionary
280
     1
281
     1
  3
ACAD_MTEXT_2008_RT
360
8FD1
  0
DICTIONARY
  5
1B30
330
1B2F
100
AcDbDictionary
280
     1
281
     1
  3
ACAD_MTEXT_2008_RT
360
8FD2
  0
DICTIONARY
  5
1B32
330
1B31
100
AcDbDictionary
280
     1
281
     1
  3
ACAD_MTEXT_2008_RT
360
8FD3
  0
DICTIONARY
  5
1B36
330
1B35
100
AcDbDictionary
280
     1
281
     1
  3
ACAD_MTEXT_2008_RT
360
8FD4
  0
DICTIONARY
  5
1B3A
330
1B39
100
AcDbDictionary
280
     1
281
     1
  3
ACAD_MTEXT_2008_RT
360
8FD5
  0
DICTIONARY
  5
2FD3
330
2FD2
100
AcDbDictionary
280
     1
281
     1
  3
ACAD_MTEXT_2008_RT
360
8FDE
  0
DICTIONARY
  5
39A3
330
39A2
100
AcDbDictionary
280
     1
281
     1
  3
ACAD_MTEXT_2008_RT
360
8FDF
  0
DICTIONARY
  5
4E29
330
4E28
100
AcDbDictionary
280
     1
281
     1
  3
ACAD_MTEXT_2008_RT
360
8FE1
  0
DICTIONARY
  5
4E2D
330
4E2C
100
AcDbDictionary
280
     1
281
     1
  3
ACAD_MTEXT_2008_RT
360
8FE2
  0
DICTIONARY
  5
4E2F
330
4E2E
100
AcDbDictionary
280
     1
281
     1
  3
ACAD_MTEXT_2008_RT
360
8FE3
  0
DICTIONARY
  5
4FA3
330
4FA2
100
AcDbDictionary
280
     1
281
     1
  3
ACAD_MTEXT_2008_RT
360
8FE4
  0
DICTIONARY
  5
5051
330
5050
100
AcDbDictionary
280
     1
281
     1
  3
ACAD_MTEXT_2008_RT
360
8FE5
  0
DICTIONARY
  5
5127
330
5126
100
AcDbDictionary
280
     1
281
     1
  0
DICTIONARY
  5
512D
330
512C
100
AcDbDictionary
280
     1
281
     1
  0
DICTIONARY
  5
5226
330
5225
100
AcDbDictionary
280
     1
281
     1
  0
DICTIONARY
  5
5313
330
5312
100
AcDbDictionary
280
     1
281
     1
  0
DICTIONARY
  5
5F07
330
5F06
100
AcDbDictionary
280
     1
281
     1
  3
ACAD_MTEXT_2008_RT
360
8FE6
  0
DICTIONARY
  5
5F0B
330
5F0A
100
AcDbDictionary
280
     1
281
     1
  3
ACAD_MTEXT_2008_RT
360
8FE7
  0
DICTIONARY
  5
5F4F
330
5F4E
100
AcDbDictionary
280
     1
281
     1
  0
DICTIONARY
  5
5F51
330
5F50
100
AcDbDictionary
280
     1
281
     1
  3
ACAD_MTEXT_2008_RT
360
8FE8
  0
DICTIONARY
  5
7465
330
7464
100
AcDbDictionary
280
     1
281
     1
  0
DICTIONARY
  5
7467
330
7466
100
AcDbDictionary
280
     1
281
     1
  3
ACAD_MTEXT_2008_RT
360
8FE9
  0
DICTIONARY
  5
7469
330
7468
100
AcDbDictionary
280
     1
281
     1
  3
ACAD_MTEXT_2008_RT
360
8FEA
  0
DICTIONARY
  5
746B
330
746A
100
AcDbDictionary
280
     1
281
     1
  0
DICTIONARY
  5
749A
330
7499
100
AcDbDictionary
280
     1
281
     1
  3
ACAD_MTEXT_2008_RT
360
8FEB
  0
DICTIONARY
  5
749C
330
749B
100
AcDbDictionary
280
     1
281
     1
  3
ACAD_MTEXT_2008_RT
360
8FEC
  0
DICTIONARY
  5
749E
330
749D
100
AcDbDictionary
280
     1
281
     1
  3
ACAD_MTEXT_2008_RT
360
8FED
  0
DICTIONARY
  5
74D8
330
74D7
100
AcDbDictionary
280
     1
281
     1
  3
ACAD_MTEXT_2008_RT
360
8FEE
  0
DICTIONARY
  5
74DA
330
74D9
100
AcDbDictionary
280
     1
281
     1
  3
ACAD_MTEXT_2008_RT
360
8FEF
  0
DICTIONARY
  5
7AA1
330
7AA0
100
AcDbDictionary
280
     1
281
     1
  0
DICTIONARY
  5
7AA3
330
7AA2
100
AcDbDictionary
280
     1
281
     1
  3
ACAD_MTEXT_2008_RT
360
8FF0
  0
DICTIONARY
  5
7AA5
330
7AA4
100
AcDbDictionary
280
     1
281
     1
  3
ACAD_MTEXT_2008_RT
360
8FF1
  0
DICTIONARY
  5
7AA7
330
7AA6
100
AcDbDictionary
280
     1
281
     1
  3
ACAD_MTEXT_2008_RT
360
8FF2
  0
DICTIONARY
  5
7AD6
330
7AD5
100
AcDbDictionary
280
     1
281
     1
  3
ACAD_MTEXT_2008_RT
360
8FF3
  0
DICTIONARY
  5
7AD8
330
7AD7
100
AcDbDictionary
280
     1
281
     1
  3
ACAD_MTEXT_2008_RT
360
8FF4
  0
DICTIONARY
  5
7ADA
330
7AD9
100
AcDbDictionary
280
     1
281
     1
  3
ACAD_MTEXT_2008_RT
360
8FF5
  0
DICTIONARY
  5
7B14
330
7B13
100
AcDbDictionary
280
     1
281
     1
  3
ACAD_MTEXT_2008_RT
360
8FF6
  0
DICTIONARY
  5
7B16
330
7B15
100
AcDbDictionary
280
     1
281
     1
  3
ACAD_MTEXT_2008_RT
360
8FF7
  0
DICTIONARY
  5
7FD0
330
7FCF
100
AcDbDictionary
280
     1
281
     1
  3
ACAD_MTEXT_2008_RT
360
8FF8
  0
DICTIONARY
  5
7FD2
330
7FD1
100
AcDbDictionary
280
     1
281
     1
  3
ACAD_MTEXT_2008_RT
360
8FF9
  0
DICTIONARY
  5
7FD4
330
7FD3
100
AcDbDictionary
280
     1
281
     1
  3
ACAD_MTEXT_2008_RT
360
8FFA
  0
DICTIONARY
  5
7FD6
330
7FD5
100
AcDbDictionary
280
     1
281
     1
  3
ACAD_MTEXT_2008_RT
360
8FFB
  0
DICTIONARY
  5
7FD8
330
7FD7
100
AcDbDictionary
280
     1
281
     1
  3
ACAD_MTEXT_2008_RT
360
8FFC
  0
DICTIONARY
  5
7FE0
330
7FDF
100
AcDbDictionary
280
     1
281
     1
  0
DICTIONARY
  5
7FE2
330
7FE1
100
AcDbDictionary
280
     1
281
     1
  0
DICTIONARY
  5
7FE5
330
7FE4
100
AcDbDictionary
280
     1
281
     1
  0
DICTIONARY
  5
7FE8
330
7FE7
100
AcDbDictionary
280
     1
281
     1
  0
DICTIONARY
  5
831F
330
831E
100
AcDbDictionary
280
     1
281
     1
  3
ACAD_MTEXT_2008_RT
360
8FFD
  0
DICTIONARY
  5
8321
330
8320
100
AcDbDictionary
280
     1
281
     1
  3
ACAD_MTEXT_2008_RT
360
8FFE
  0
DICTIONARY
  5
8323
330
8322
100
AcDbDictionary
280
     1
281
     1
  3
ACAD_MTEXT_2008_RT
360
8FFF
  0
DICTIONARY
  5
8330
330
832F
100
AcDbDictionary
280
     1
281
     1
  0
DICTIONARY
  5
8334
330
8333
100
AcDbDictionary
280
     1
281
     1
  3
ACAD_MTEXT_2008_RT
360
9000
  0
DICTIONARY
  5
2E84
330
2E83
100
AcDbDictionary
280
     1
281
     1
  3
ASDK_XREC_ANNOTATION_SCALE_INFO
360
2E85
  0
DICTIONARY
  5
2E88
330
2E87
100
AcDbDictionary
280
     1
281
     1
  3
ASDK_XREC_ANNOTATION_SCALE_INFO
360
2E89
  0
DICTIONARY
  5
2F87
330
2F86
100
AcDbDictionary
280
     1
281
     1
  3
ACAD_MTEXT_2008_RT
360
8FD6
  0
IMAGEDEF_REACTOR
  5
2F89
330
2F88
100
AcDbRasterImageDefReactor
 90
        2
330
2F88
  0
DICTIONARY
  5
2F8B
330
2F8A
100
AcDbDictionary
280
     1
281
     1
  3
ACAD_MTEXT_2008_RT
360
8FD7
  0
DICTIONARY
  5
2F8D
330
2F8C
100
AcDbDictionary
280
     1
281
     1
  3
ACAD_MTEXT_2008_RT
360
8FD8
  0
DICTIONARY
  5
2F91
330
2F90
100
AcDbDictionary
280
     1
281
     1
  3
ACAD_MTEXT_2008_RT
360
8FD9
  0
DICTIONARY
  5
2FAC
330
2FAB
100
AcDbDictionary
280
     1
281
     1
  3
ACAD_MTEXT_2008_RT
360
8FDA
  0
DICTIONARY
  5
2FB0
330
2FAF
100
AcDbDictionary
280
     1
281
     1
  3
ACAD_MTEXT_2008_RT
360
8FDB
  0
DICTIONARY
  5
2FB2
330
2FB1
100
AcDbDictionary
280
     1
281
     1
  3
ASDK_XREC_ANNOTATION_SCALE_INFO
360
2FB3
  0
SUN
  5
2FB4
330
2FB1
100
AcDbSun
 90
        1
290
     1
 63
     7
421
 16777215
 40
1.0
291
     1
 91
  2455826
 92
 54000000
292
     0
 70
     0
 71
   256
280
     1
1001
ACAD
1000
AcDbSavedByObjectVersion
1070
     0
1000
AcDbSavedByObjectVersion
1070
     0
1000
AcDbSavedByObjectVersion
1070
     0
1000
AcDbSavedByObjectVersion
1070
     0
1000
AcDbSavedByObjectVersion
1070
     0
1000
AcDbSavedByObjectVersion
1070
     0
1000
AcDbSavedByObjectVersion
1070
     0
1000
AcDbSavedByObjectVersion
1070
     0
1000
AcDbSavedByObjectVersion
1070
     0
1000
AcDbSavedByObjectVersion
1070
     0
1000
AcDbSavedByObjectVersion
1070
     0
1000
AcDbSavedByObjectVersion
1070
     0
1000
AcDbSavedByObjectVersion
1070
     0
1000
AcDbSavedByObjectVersion
1070
     0
1000
AcDbSavedByObjectVersion
1070
     0
1000
AcDbSavedByObjectVersion
1070
     0
1000
AcDbSavedByObjectVersion
1070
     0
1000
AcDbSavedByObjectVersion
1070
     0
1000
AcDbSavedByObjectVersion
1070
     0
1000
AcDbSavedByObjectVersion
1070
     0
1000
AcDbSavedByObjectVersion
1070
     0
1000
AcDbSavedByObjectVersion
1070
     0
1000
AcDbSavedByObjectVersion
1070
     0
1000
AcDbSavedByObjectVersion
1070
     0
1000
AcDbSavedByObjectVersion
1070
     0
1000
AcDbSavedByObjectVersion
1070
     0
1000
AcDbSavedByObjectVersion
1070
     0
1000
AcDbSavedByObjectVersion
1070
     0
1000
AcDbSavedByObjectVersion
1070
     0
1000
AcDbSavedByObjectVersion
1070
     0
1000
AcDbSavedByObjectVersion
1070
     0
1000
AcDbSavedByObjectVersion
1070
     0
1000
AcDbSavedByObjectVersion
1070
     0
1000
AcDbSavedByObjectVersion
1070
     0
1000
AcDbSavedByObjectVersion
1070
     0
1000
AcDbSavedByObjectVersion
1070
     0
1000
AcDbSavedByObjectVersion
1070
     0
1000
AcDbSavedByObjectVersion
1070
     0
1000
AcDbSavedByObjectVersion
1070
     0
1000
AcDbSavedByObjectVersion
1070
     0
1000
AcDbSavedByObjectVersion
1070
     0
1000
AcDbSavedByObjectVersion
1070
     0
1000
AcDbSavedByObjectVersion
1070
     0
1000
AcDbSavedByObjectVersion
1070
     0
1000
AcDbSavedByObjectVersion
1070
     0
1000
AcDbSavedByObjectVersion
1070
     0
1000
AcDbSavedByObjectVersion
1070
     0
1000
AcDbSavedByObjectVersion
1070
     0
1000
AcDbSavedByObjectVersion
1070
     0
  0
DICTIONARY
  5
2FB9
330
2FB8
100
AcDbDictionary
280
     1
281
     1
  3
ACAD_MTEXT_2008_RT
360
8FDC
  0
DICTIONARY
  5
2FBF
330
2FBE
100
AcDbDictionary
280
     1
281
     1
  3
ACAD_MTEXT_2008_RT
360
8FDD
  0
DICTIONARY
  5
3A42
330
3A41
100
AcDbDictionary
280
     1
281
     1
  3
ACAD_MTEXT_2008_RT
360
8FE0
  0
IMAGEDEF_REACTOR
  5
77DD
330
77DE
100
AcDbRasterImageDefReactor
 90
        2
330
77DE
  0
XRECORD
  5
216
102
{ACAD_REACTORS
330
C
102
}
330
C
100
AcDbXrecord
280
     1
300
ACDLT
300
2020
300

  0
DICTIONARY
  5
6B
102
{ACAD_REACTORS
330
C
102
}
330
C
100
AcDbDictionary
281
     1
  0
DICTIONARY
  5
21B
102
{ACAD_REACTORS
330
C
102
}
330
C
100
AcDbDictionary
281
     1
  3
Imperial24
350
34B6
  3
Metric50
350
21C
  0
DICTIONARY
  5
D
102
{ACAD_REACTORS
330
C
102
}
330
C
100
AcDbDictionary
281
     1
  0
DICTIONARY
  5
2F7F
102
{ACAD_REACTORS
330
C
102
}
330
C
100
AcDbDictionary
281
     1
  3
3D render_pocket_v20_02
350
77DC
  3
WaF_BiG_Blanc
350
2F80
  0
RASTERVARIABLES
  5
2F84
102
{ACAD_REACTORS
330
C
102
}
330
C
100
AcDbRasterVariables
 90
        0
 70
     0
 71
     1
 72
     1
  0
XRECORD
  5
3963
102
{ACAD_REACTORS
330
C
102
}
330
C
100
AcDbXrecord
280
     1
300
{6CBA1F4B-DBBD-DC41-A440-33B287819A83}
301
{37181762-E60F-1749-9F53-FCA85C66A2A7}
302
{6CBA1F4B-DBBD-DC41-A440-33B287819A83}
303

301
{234312F3-0B9B-284D-B643-C74A27093BF8}
302
{025A61B6-C242-064B-AC1B-0CF3928A9B5A}
303

  0
DICTIONARY
  5
1A
102
{ACAD_REACTORS
330
C
102
}
330
C
100
AcDbDictionary
281
     1
  3
Model
350
22
  3
Présentation1
350
D3
  3
Présentation2
350
D7
  0
DICTIONARY
  5
6A
102
{ACAD_REACTORS
330
C
102
}
330
C
100
AcDbDictionary
281
     1
  3
ByBlock
350
ED
  3
ByLayer
350
EC
  3
Global
350
EE
  0
DICTIONARY
  5
12D
102
{ACAD_REACTORS
330
C
102
}
330
C
100
AcDbDictionary
281
     1
  3
Annotatif
350
13B
  3
Standard
350
12E
  0
DICTIONARY
  5
17
102
{ACAD_REACTORS
330
C
102
}
330
C
100
AcDbDictionary
281
     1
  3
Standard
350
18
  0
DICTIONARY
  5
19
102
{ACAD_REACTORS
330
C
102
}
330
C
100
AcDbDictionary
281
     1
  0
ACDBDICTIONARYWDFLT
  5
E
102
{ACAD_REACTORS
330
C
102
}
330
C
100
AcDbDictionary
281
     1
  3
Normal
350
F
100
AcDbDictionaryWithDefault
340
F
  0
DICTIONARY
  5
10C
102
{ACAD_REACTORS
330
C
102
}
330
C
100
AcDbDictionary
281
     1
  3
A0
350
10D
  3
A1
350
1BE
  3
A2
350
1BF
  3
A3
350
1C0
  3
A4
350
1C1
  3
A5
350
1C2
  3
A6
350
1C3
  3
A7
350
1C4
  3
A8
350
1C5
  3
A9
350
1C6
  3
B0
350
1C7
  3
B1
350
1C8
  3
B2
350
1C9
  3
B3
350
1CA
  3
B4
350
1CB
  3
B5
350
1CC
  3
B6
350
1CD
  0
DICTIONARY
  5
219
102
{ACAD_REACTORS
330
C
102
}
330
C
100
AcDbDictionary
281
     1
  3
Imperial24
350
34B5
  3
Metric50
350
21A
  0
DICTIONARY
  5
7E
102
{ACAD_REACTORS
330
C
102
}
330
C
100
AcDbDictionary
281
     1
  3
Standard
350
7F
  0
DICTIONARY
  5
EF
102
{ACAD_REACTORS
330
C
102
}
330
C
100
AcDbDictionary
281
     1
  3
2dWireframe
350
F5
  3
Basic
350
F4
  3
Brighten
350
FB
  3
ColorChange
350
FF
  3
Conceptual
350
F8
  3
Dim
350
FA
  3
EdgeColorOff
350
1E6
  3
Facepattern
350
FE
  3
Flat
350
F0
  3
FlatWithEdges
350
F1
  3
Gouraud
350
F2
  3
GouraudWithEdges
350
F3
  3
Hidden
350
F7
  3
JitterOff
350
1E4
  3
Linepattern
350
FD
  3
OverhangOff
350
1E5
  3
Realistic
350
F9
  3
Shaded
350
1F3
  3
Shaded with edges
350
1F2
  3
Shades of Gray
350
1EF
  3
Sketchy
350
1F0
  3
Thicken
350
FC
  3
Wireframe
350
F6
  3
X-Ray
350
1F1
  0
XRECORD
  5
9001
102
{ACAD_REACTORS
330
C
102
}
330
C
100
AcDbXrecord
280
     1
 90
        1
330
7F
330
EBA
330
EBC
330
1008
330
1081
330
1083
330
1103
330
1106
330
1109
330
1214
330
1216
330
1270
330
1272
330
1B2F
330
1B31
330
1B35
330
1B39
330
2F86
330
2F8A
330
2F8C
330
2F90
330
2FAB
330
2FAF
330
2FB8
330
2FBE
330
2FD2
330
39A2
330
3A41
330
4E28
330
4E2C
330
4E2E
330
4FA2
330
5050
330
5126
330
512C
330
5225
330
5312
330
5F06
330
5F0A
330
5F4E
330
5F50
330
7464
330
7466
330
7468
330
746A
330
7499
330
749B
330
749D
330
74D7
330
74D9
330
7AA0
330
7AA2
330
7AA4
330
7AA6
330
7AD5
330
7AD7
330
7AD9
330
7B13
330
7B15
330
7FCF
330
7FD1
330
7FD3
330
7FD5
330
7FD7
330
7FDF
330
7FE1
330
7FE4
330
7FE7
330
831E
330
8320
330
8322
330
832F
330
8333
  0
DICTIONARY
  5
5E
102
{ACAD_REACTORS
330
C
102
}
330
C
100
AcDbDictionary
281
     1
  3
CANNOSCALE
350
146
  3
CENTEREXE
350
259
  3
CENTERLTYPEFILE
350
25A
  3
CMLEADERSTYLE
350
145
  3
CTABLESTYLE
350
84
  3
CVIEWDETAILSTYLE
350
227
  3
CVIEWSECTIONSTYLE
350
228
  3
DIMASSOC
350
5F
  3
HIDETEXT
350
63
  3
LAYEREVAL
350
1AE
  3
LAYERNOTIFY
350
1AF
  0
DICTIONARY
  5
9007
102
{ACAD_REACTORS
330
C
102
}
330
C
100
AcDbDictionary
281
     1
  3
AcDsRecords
350
9009
  3
AcDsSchemas
350
9008
1001
ACAD
1070
     2
  0
DICTIONARY
  5
200
102
{ACAD_REACTORS
330
1FF
102
}
330
1FF
100
AcDbDictionary
281
     1
  3
_LAYISO_STATE
350
5F5B
1001
AcLayerTools
1000
22
1000
0
  0
SORTENTSTABLE
  5
15F0
102
{ACAD_REACTORS
330
1CE
102
}
330
1CE
100
AcDbSortentsTable
330
1F
331
2A4D
  5
2E65
331
2E65
  5
2E67
331
2E67
  5
2FD2
331
2E6B
  5
35E2
331
2FD2
  5
35E3
331
2FD4
  5
35E4
331
39A2
  5
39AD
331
39A4
  5
2FD4
331
4E28
  5
4FA2
331
4E2C
  5
4FAB
331
4E2E
  5
4FAC
331
4FA2
  5
505A
331
5050
  5
5122
331
5120
  5
5142
331
5121
  5
5143
331
5122
  5
5144
331
5123
  5
5145
331
5124
  5
5146
331
5125
  5
5147
331
5126
  5
5148
331
512C
  5
5149
331
5224
  5
5241
331
5225
  5
5242
331
5311
  5
532F
331
5312
  5
5330
331
53EF
  5
5584
331
598D
  5
599C
331
598F
  5
599E
331
5990
  5
599F
331
5991
  5
59A0
331
5992
  5
59A1
331
5995
  5
59A4
331
5996
  5
59A5
331
5997
  5
59A6
331
5998
  5
59A7
331
5999
  5
59A8
331
599A
  5
59A9
331
599B
  5
59AA
331
599C
  5
59AB
331
599D
  5
59AC
331
599E
  5
59AD
331
599F
  5
59AE
331
59A0
  5
59AF
331
59A1
  5
59B0
331
59A2
  5
59B1
331
59A3
  5
59B2
331
59A4
  5
59B3
331
59A5
  5
59B4
331
59A6
  5
59B5
331
59A7
  5
59B6
331
59A8
  5
59B7
331
59A9
  5
59B8
331
59AA
  5
59B9
331
59AB
  5
59BA
331
59AC
  5
59BB
331
59AE
  5
59BD
331
59AF
  5
59BE
331
59B0
  5
59BF
331
59B1
  5
59C0
331
59B2
  5
59C1
331
59B3
  5
59C2
331
59B4
  5
59C3
331
59B5
  5
59C4
331
59B6
  5
59C5
331
59B7
  5
59C6
331
59B8
  5
59C7
331
59B9
  5
59C8
331
59BA
  5
59C9
331
59BB
  5
59CA
331
59BC
  5
59CB
331
59BD
  5
59CC
331
59BE
  5
59CD
331
59BF
  5
59CE
331
59C0
  5
59CF
331
59C1
  5
59D0
331
59C2
  5
59D1
331
59C3
  5
59D2
331
59C4
  5
59D3
331
59C5
  5
59D4
331
59C6
  5
59D5
331
59C7
  5
59D6
331
59C8
  5
59D7
331
59C9
  5
59D8
331
59CA
  5
59D9
331
59CB
  5
59DA
331
59CE
  5
59DD
331
59CF
  5
59DE
331
59D0
  5
59DF
331
59D1
  5
59E0
331
59D2
  5
59E1
331
59D3
  5
59E2
331
59D4
  5
59E3
331
59D5
  5
59E4
331
59D6
  5
59E5
331
59D7
  5
59E6
331
59D8
  5
59E7
331
59D9
  5
59E8
331
59DA
  5
59E9
331
59DB
  5
59EA
331
59DC
  5
59EB
331
59DD
  5
59EC
331
59DF
  5
59EF
331
59E0
  5
59F0
331
59E1
  5
59F1
331
59E2
  5
59F2
331
59E3
  5
59F3
331
59E4
  5
59F4
331
59E5
  5
59F5
331
59E6
  5
59F6
331
59E7
  5
59F7
331
59E8
  5
59F8
331
59E9
  5
59F9
331
59EA
  5
59FA
331
59EB
  5
59FB
331
59EC
  5
59FC
331
59ED
  5
59FD
331
59EE
  5
59FE
331
59EF
  5
59FF
331
59F0
  5
5A00
331
59F1
  5
5A01
331
59F2
  5
5A02
331
59F3
  5
5A03
331
59F4
  5
5A04
331
59F5
  5
5A05
331
59F6
  5
5A06
331
59F7
  5
5A07
331
59F8
  5
5A08
331
59F9
  5
5A09
331
59FA
  5
5A0A
331
59FB
  5
5A0B
331
59FC
  5
5A0C
331
59FD
  5
5A0D
331
59FE
  5
5A0E
331
59FF
  5
5A0F
331
5A00
  5
5A10
331
5A01
  5
5A11
331
5A02
  5
5A12
331
5A03
  5
5A13
331
5A04
  5
5A14
331
5A05
  5
5A15
331
5A06
  5
5A16
331
5A07
  5
5A17
331
5A08
  5
5A18
331
5A09
  5
5A19
331
5A0A
  5
5A1A
331
5A0B
  5
5A1B
331
5A0C
  5
5A1C
331
5A0D
  5
5A1D
331
5A0E
  5
5A1E
331
5A0F
  5
5A1F
331
5A10
  5
5A20
331
5A11
  5
5A21
331
5A12
  5
5A28
331
5A14
  5
5A2F
331
5A15
  5
5A30
331
5A16
  5
5A34
331
5A1A
  5
5A35
331
5A1B
  5
5A36
331
5A1C
  5
5A37
331
5A1D
  5
5A38
331
5A1E
  5
5A39
331
5A1F
  5
5A3A
331
5A20
  5
5A3B
331
5A21
  5
5A3C
331
5A22
  5
5A3D
331
5A23
  5
5A3E
331
5A24
  5
5A3F
331
5A25
  5
5A40
331
5A26
  5
5A41
331
5A27
  5
5A42
331
5A28
  5
5A43
331
5A29
  5
5A44
331
5A2A
  5
5A45
331
5A2B
  5
5A46
331
5A2C
  5
5A47
331
5A2D
  5
5A48
331
5A2E
  5
5A49
331
5A2F
  5
5A4A
331
5A30
  5
5A4B
331
5A31
  5
5A4C
331
5A32
  5
5A4D
331
5A33
  5
5A4E
331
5A34
  5
5A4F
331
5A35
  5
5A50
331
5A36
  5
5A51
331
5A37
  5
5A52
331
5A38
  5
5A53
331
5A39
  5
5A54
331
5A3A
  5
5A55
331
5A3B
  5
5A56
331
5A3C
  5
5A57
331
5A3D
  5
5A58
331
5A3E
  5
5A59
331
5A3F
  5
5A5A
331
5A40
  5
5A5B
331
5A41
  5
5A5C
331
5A42
  5
5A5D
331
5A43
  5
5A5E
331
5A44
  5
5A5F
331
5A45
  5
5A60
331
5A46
  5
5A61
331
5A47
  5
5A62
331
5A48
  5
5A63
331
5A4A
  5
5A66
331
5A4B
  5
5A6D
331
5A4C
  5
5A6E
331
5A4D
  5
5A6F
331
5A4E
  5
5A70
331
5A4F
  5
5A71
331
5A50
  5
5A72
331
5A51
  5
5A73
331
5A52
  5
5A74
331
5A53
  5
5A75
331
5A54
  5
5A8E
331
5A55
  5
5B42
331
5A56
  5
5B43
331
5A57
  5
5B44
331
5A58
  5
5B45
331
5A59
  5
5B46
331
5A5A
  5
5B47
331
5A5B
  5
5B48
331
5A64
  5
5999
331
5A65
  5
599A
331
5A6D
  5
5992
331
5A6E
  5
598E
331
5A6F
  5
5993
331
5A70
  5
598F
331
5A71
  5
5B49
331
5A72
  5
5B4A
331
5A73
  5
5B4B
331
5A74
  5
5B9B
331
5A75
  5
5B9F
331
5B88
  5
5BA0
331
5B9C
  5
5A2E
331
5B9D
  5
5A2D
331
5B9F
  5
5F06
331
5BA0
  5
5F0A
331
5F06
  5
5F4E
331
5F0A
  5
5F50
331
5F4E
  5
5F52
331
5F50
  5
5F53
331
5F52
  5
5F54
331
5F53
  5
6E50
331
5F54
  5
6E51
331
7464
  5
7468
331
7466
  5
746A
331
7468
  5
7499
331
746A
  5
749B
331
7499
  5
749D
331
749B
  5
74D7
331
749D
  5
74D9
331
74D7
  5
79ED
331
74D9
  5
79EE
331
79ED
  5
79EF
331
79EE
  5
79F0
331
79EF
  5
79F1
331
79F0
  5
79F2
331
79F1
  5
79F3
331
79F2
  5
79F4
331
79F3
  5
79F5
331
79F4
  5
79F6
331
79F5
  5
79F7
331
79F6
  5
79F8
331
79F7
  5
79FA
331
79F8
  5
79FB
331
79FA
  5
79FC
331
79FB
  5
79FF
331
79FC
  5
7A00
331
79FF
  5
7A01
331
7A00
  5
7A02
331
7A01
  5
7A03
331
7A02
  5
7A04
331
7A03
  5
7A05
331
7A04
  5
7A06
331
7A05
  5
7A07
331
7A06
  5
7A08
331
7A07
  5
7A09
331
7A08
  5
7A0A
331
7A09
  5
7A0B
331
7A0A
  5
7A0C
331
7A0B
  5
7A0D
331
7A0C
  5
7A0E
331
7A0D
  5
7A0F
331
7A0E
  5
7A10
331
7A0F
  5
7A11
331
7A10
  5
7A12
331
7A11
  5
7A13
331
7A12
  5
7A14
331
7A13
  5
7A15
331
7A14
  5
7A16
331
7A15
  5
7A17
331
7A16
  5
7A18
331
7A17
  5
7A19
331
7A18
  5
7A1A
331
7A19
  5
7A1B
331
7A1A
  5
7A1C
331
7A1B
  5
7A1D
331
7A1C
  5
7A1E
331
7A1D
  5
7A1F
331
7A1E
  5
7A20
331
7A1F
  5
7A21
331
7A20
  5
7A22
331
7A21
  5
7A23
331
7A22
  5
7A24
331
7A23
  5
7A25
331
7A24
  5
7A26
331
7A25
  5
7A27
331
7A26
  5
7A28
331
7A27
  5
7A29
331
7A28
  5
7A2A
331
7A29
  5
7A2B
331
7A2A
  5
7A2C
331
7A2B
  5
7A2D
331
7A2C
  5
7A2E
331
7A2D
  5
7A2F
331
7A2E
  5
7A32
331
7A2F
  5
7A33
331
7A32
  5
7A34
331
7A33
  5
7A35
331
7A34
  5
7A36
331
7A35
  5
7A37
331
7A36
  5
7A38
331
7A37
  5
7A39
331
7A38
  5
7A3A
331
7A39
  5
7A3B
331
7A3A
  5
7A3C
331
7A3B
  5
7A3D
331
7A3C
  5
7A3E
331
7A3D
  5
7A3F
331
7A3E
  5
7A40
331
7A3F
  5
7A41
331
7A40
  5
7A43
331
7A41
  5
7A44
331
7A43
  5
7A46
331
7A44
  5
7A47
331
7A45
  5
7A48
331
7A46
  5
7A49
331
7A47
  5
7A4A
331
7A48
  5
7A4B
331
7A49
  5
7A4C
331
7A4A
  5
7A4D
331
7A4B
  5
7A4E
331
7A4C
  5
7A4F
331
7A4D
  5
7A50
331
7A4E
  5
7A51
331
7A4F
  5
7A52
331
7A50
  5
7A53
331
7A51
  5
7A54
331
7A52
  5
7A55
331
7A53
  5
7A56
331
7A54
  5
7A57
331
7A55
  5
7A58
331
7A56
  5
7A59
331
7A57
  5
7A5A
331
7A58
  5
7A5B
331
7A59
  5
7A5C
331
7A5A
  5
7A5D
331
7A5B
  5
7A5E
331
7A5C
  5
7A5F
331
7A5D
  5
7A60
331
7A5E
  5
7A61
331
7A5F
  5
7A62
331
7A60
  5
7A63
331
7A61
  5
7A64
331
7A62
  5
7A65
331
7A63
  5
7A66
331
7A64
  5
7A67
331
7A65
  5
7A68
331
7A66
  5
7A69
331
7A67
  5
7A6B
331
7A68
  5
7A6C
331
7A6A
  5
7A6E
331
7A6B
  5
7A6F
331
7A6C
  5
7A70
331
7A6D
  5
7A71
331
7A6E
  5
7A72
331
7A6F
  5
7A73
331
7A70
  5
7A74
331
7A71
  5
7A75
331
7A72
  5
7A76
331
7A73
  5
7A77
331
7A74
  5
7A78
331
7A75
  5
7A79
331
7A76
  5
7A7A
331
7A77
  5
7A7B
331
7A78
  5
7A7C
331
7A79
  5
7A7D
331
7A7A
  5
7A7E
331
7A7B
  5
7A7F
331
7A7C
  5
7A80
331
7A7D
  5
7A81
331
7A7E
  5
7A82
331
7A7F
  5
7A83
331
7A80
  5
7A84
331
7A81
  5
7A85
331
7A82
  5
7A86
331
7A83
  5
7A87
331
7A84
  5
7A88
331
7A85
  5
7A89
331
7A86
  5
7A8A
331
7A87
  5
7A8B
331
7A88
  5
7A8C
331
7A89
  5
7A8D
331
7A8A
  5
7A8E
331
7A8B
  5
7A8F
331
7A8C
  5
7A90
331
7A8D
  5
7A91
331
7A8E
  5
7A92
331
7A8F
  5
7A93
331
7A90
  5
7A94
331
7A91
  5
7A95
331
7A92
  5
7A96
331
7A93
  5
7A97
331
7A94
  5
7A98
331
7A95
  5
7A99
331
7A96
  5
7A9A
331
7A97
  5
7A9B
331
7A98
  5
7A9C
331
7A99
  5
7A9D
331
7A9A
  5
7A9E
331
7A9B
  5
7A9F
331
7A9C
  5
7AA0
331
7A9D
  5
7AA2
331
7A9E
  5
7AA4
331
7A9F
  5
7AA6
331
7AA0
  5
7AA8
331
7AA2
  5
7AA9
331
7AA4
  5
7AAA
331
7AA6
  5
7AAB
331
7AA8
  5
7AAC
331
7AA9
  5
7AAD
331
7AAA
  5
7AAE
331
7AAB
  5
7AAF
331
7AAC
  5
7AB0
331
7AAD
  5
7AB1
331
7AAE
  5
7AB2
331
7AAF
  5
7AB3
331
7AB0
  5
7AB4
331
7AB1
  5
7AB5
331
7AB2
  5
7AB6
331
7AB3
  5
7AB7
331
7AB4
  5
7AB8
331
7AB5
  5
7AB9
331
7AB6
  5
7ABA
331
7AB7
  5
7ABB
331
7AB8
  5
7ABC
331
7AB9
  5
7ABD
331
7ABA
  5
7ABE
331
7ABB
  5
7ABF
331
7ABC
  5
7AC0
331
7ABD
  5
7AC1
331
7ABE
  5
7AC2
331
7ABF
  5
7AC3
331
7AC0
  5
7AC4
331
7AC1
  5
7AC5
331
7AC2
  5
7AC7
331
7AC3
  5
7AC8
331
7AC4
  5
7AC9
331
7AC5
  5
7ACA
331
7AC7
  5
7ACC
331
7AC8
  5
7ACD
331
7AC9
  5
7ACE
331
7ACA
  5
7ACF
331
7ACB
  5
7AD0
331
7ACC
  5
7AD1
331
7ACD
  5
7AD2
331
7ACE
  5
7AD3
331
7ACF
  5
7AD4
331
7AD0
  5
7AD7
331
7AD1
  5
7AD9
331
7AD2
  5
7ADB
331
7AD3
  5
7ADC
331
7AD5
  5
7ADE
331
7AD7
  5
7ADF
331
7AD9
  5
7AE0
331
7ADB
  5
7AE1
331
7ADC
  5
7AE2
331
7ADD
  5
7AE3
331
7ADE
  5
7AE4
331
7ADF
  5
7AE5
331
7AE0
  5
7AE6
331
7AE1
  5
7AE7
331
7AE2
  5
7AE8
331
7AE3
  5
7AE9
331
7AE4
  5
7AEA
331
7AE5
  5
7AEB
331
7AE6
  5
7AEC
331
7AE7
  5
7AED
331
7AE8
  5
7AEE
331
7AE9
  5
7AEF
331
7AEA
  5
7AF0
331
7AEB
  5
7AF1
331
7AEC
  5
7AF2
331
7AED
  5
7AF3
331
7AEE
  5
7AF4
331
7AEF
  5
7AF5
331
7AF0
  5
7AF6
331
7AF1
  5
7AF7
331
7AF2
  5
7AF8
331
7AF3
  5
7AF9
331
7AF4
  5
7AFA
331
7AF5
  5
7AFB
331
7AF6
  5
7AFC
331
7AF7
  5
7AFD
331
7AF8
  5
7AFE
331
7AF9
  5
7AFF
331
7AFA
  5
7B00
331
7AFB
  5
7B01
331
7AFC
  5
7B02
331
7AFD
  5
7B03
331
7AFE
  5
7B04
331
7AFF
  5
7B05
331
7B00
  5
7B06
331
7B01
  5
7B07
331
7B02
  5
7B08
331
7B03
  5
7B09
331
7B04
  5
7B0A
331
7B05
  5
7B0B
331
7B06
  5
7B0C
331
7B07
  5
7B0D
331
7B08
  5
7B0E
331
7B09
  5
7B0F
331
7B0A
  5
7B10
331
7B0B
  5
7B11
331
7B0C
  5
7B12
331
7B0D
  5
7B13
331
7B0E
  5
7B15
331
7B0F
  5
7B1D
331
7B10
  5
7B1E
331
7B11
  5
7B1F
331
7B12
  5
7B20
331
7B13
  5
7B21
331
7B15
  5
7B22
331
7B1D
  5
7B23
331
7B1E
  5
7B24
331
7B1F
  5
7B25
331
7B20
  5
7B26
331
7B21
  5
7B27
331
7B22
  5
7B28
331
7B23
  5
7B29
331
7B24
  5
7B2A
331
7B25
  5
7B2B
331
7B26
  5
7B2C
331
7B27
  5
7B2D
331
7B28
  5
7B2E
331
7B29
  5
7B2F
331
7B2A
  5
7B30
331
7B2B
  5
7B31
331
7B2C
  5
7B32
331
7B2D
  5
7B33
331
7B2E
  5
7B34
331
7B2F
  5
7B35
331
7B30
  5
7B36
331
7B31
  5
7B37
331
7B32
  5
7B38
331
7B33
  5
7B39
331
7B34
  5
7B3A
331
7B35
  5
7B3B
331
7B36
  5
7B3C
331
7B37
  5
7B3D
331
7B38
  5
7B3E
331
7B39
  5
7B3F
331
7B3A
  5
7B40
331
7B3B
  5
7B41
331
7B3C
  5
7B42
331
7B3D
  5
7B43
331
7B3E
  5
7B44
331
7B3F
  5
7B45
331
7B40
  5
7B46
331
7B41
  5
7B47
331
7B42
  5
7B48
331
7B43
  5
7B49
331
7B44
  5
7B4A
331
7B45
  5
7B4B
331
7B46
  5
7B4C
331
7B47
  5
7B4D
331
7B48
  5
7B4E
331
7B49
  5
7B4F
331
7B4A
  5
7B50
331
7B4B
  5
7B51
331
7B4C
  5
7B52
331
7B4D
  5
7B53
331
7B4E
  5
7B54
331
7B4F
  5
7B55
331
7B50
  5
7B56
331
7B51
  5
7BCF
331
7B52
  5
7BD0
331
7B53
  5
7BD4
331
7B54
  5
7BD5
331
7B55
  5
7BD9
331
7B56
  5
7BDA
331
7BD1
  5
7ACB
331
7BD2
  5
7ADD
331
7BD6
  5
7A45
331
7BD7
  5
7A6D
331
7BDB
  5
59EE
331
7BDC
  5
5A65
  0
SORTENTSTABLE
  5
3B30
102
{ACAD_REACTORS
330
3B2F
102
}
330
3B2F
100
AcDbSortentsTable
330
D2
331
2E83
  5
2F85
331
2E87
  5
2F86
331
2F85
  5
2F88
331
2F86
  5
77DE
331
2F88
  5
2F8A
331
2F8A
  5
2F8C
331
2F8C
  5
2F90
331
2F90
  5
2F92
331
2F92
  5
2F93
331
2F93
  5
2F94
331
2F94
  5
2F96
331
2F96
  5
2F97
331
2F97
  5
2F98
331
2F98
  5
2F9B
331
2F9B
  5
2F9C
331
2F9C
  5
2F9D
331
2F9D
  5
2FA7
331
2FA7
  5
2FA8
331
2FA8
  5
2FA9
331
2FA9
  5
2FAA
331
2FAA
  5
2FAB
331
2FAB
  5
2FAD
331
2FAD
  5
2FAE
331
2FAE
  5
2FAF
331
2FAF
  5
2FB1
331
2FB1
  5
2FB5
331
2FB5
  5
2FB6
331
2FB6
  5
2FB7
331
2FB7
  5
2FB8
331
2FB8
  5
2FBE
331
2FBE
  5
3A41
331
3A41
  5
3B2E
331
77DE
  5
696F
  0
SORTENTSTABLE
  5
2A47
102
{ACAD_REACTORS
330
2A46
102
}
330
2A46
100
AcDbSortentsTable
330
2A00
  0
SORTENTSTABLE
  5
4E70
102
{ACAD_REACTORS
330
4E6F
102
}
330
4E6F
100
AcDbSortentsTable
330
4D0F
331
4E68
  5
4E69
331
4E69
  5
4E65
331
4E6E
  5
4E6D
331
4E62
  5
4E6B
331
4D16
  5
4D19
331
4E63
  5
4E64
331
4D22
  5
4E67
331
4E6D
  5
4D1A
331
4D23
  5
4E68
331
4D15
  5
4D18
331
4E66
  5
4D16
331
4D21
  5
4E66
331
4E67
  5
4E6E
331
4E64
  5
4D15
331
4E65
  5
4E6A
331
4D1A
  5
4E62
331
4D1B
  5
4E63
331
4E6A
  5
4D23
331
4D18
  5
4D21
331
4E6B
  5
4D1B
331
4D19
  5
4D22
  0
XRECORD
  5
8FC7
102
{ACAD_REACTORS
330
EBB
102
}
330
EBB
100
AcDbXrecord
280
     1
 40
226618.0
  1
\pxqc;{\fISOCPEUR|b0|i0|c0|p34;3mm (x1)\Pcarbon at 45°}
  0
XRECORD
  5
8FC8
102
{ACAD_REACTORS
330
1009
102
}
330
1009
100
AcDbXrecord
280
     1
 40
246041.0
  1
\pxqc;{\fISOCPEUR|b0|i0|c0|p34;chamfered\P(2 sides: 0.7mm)}
  0
XRECORD
  5
8FC9
102
{ACAD_REACTORS
330
1082
102
}
330
1082
100
AcDbXrecord
280
     1
 40
89319.0
  1
\pxqc;{\fISOCPEUR|b0|i0|c0|p34;2mm (x1)}
  0
XRECORD
  5
8FCA
102
{ACAD_REACTORS
330
1084
102
}
330
1084
100
AcDbXrecord
280
     1
 40
75204.0
  1
\pxqc;{\fISOCPEUR|b0|i0|c0|p34;TOP}
  0
XRECORD
  5
8FCB
102
{ACAD_REACTORS
330
1104
102
}
330
1104
100
AcDbXrecord
280
     1
 40
93374.0
  1
\pxqc;{\fISOCPEUR|b0|i0|c0|p34;pocket or V cutter }
  0
XRECORD
  5
8FCC
102
{ACAD_REACTORS
330
1107
102
}
330
1107
100
AcDbXrecord
280
     1
 40
53507.0
  1
\pxqc;{\fISOCPEUR|b0|i0|c0|p34;chamfer }
  0
XRECORD
  5
8FCD
102
{ACAD_REACTORS
330
110A
102
}
330
110A
100
AcDbXrecord
280
     1
 40
70808.0
  1
\pxqc;{\fISOCPEUR|b0|i0|c0|p34;countersunk }
  0
XRECORD
  5
8FCE
102
{ACAD_REACTORS
330
1215
102
}
330
1215
100
AcDbXrecord
280
     1
 40
89358.0
  1
\pxqc;{\fISOCPEUR|b0|i0|c0|p34;2mm (x2)}
  0
XRECORD
  5
8FCF
102
{ACAD_REACTORS
330
1217
102
}
330
1217
100
AcDbXrecord
280
     1
 40
168619.0
  1
\pxqc;{\fISOCPEUR|b0|i0|c0|p34;Side plate freestyle M2}
  0
XRECORD
  5
8FD0
102
{ACAD_REACTORS
330
1271
102
}
330
1271
100
AcDbXrecord
280
     1
 40
53218.0
  1
\pxql;{\fISOCPEUR|b0|i0|c0|p34;2.5"\PV2.1.0}
  0
XRECORD
  5
8FD1
102
{ACAD_REACTORS
330
1273
102
}
330
1273
100
AcDbXrecord
280
     1
 40
189842.0
  1
\pxql;{\fISOCPEUR|b0|i0|c0|p34;FRAME JeNo 2.5" POCKET v2.1.0_all versions}
  0
XRECORD
  5
8FD2
102
{ACAD_REACTORS
330
1B30
102
}
330
1B30
100
AcDbXrecord
280
     1
 40
44497.0
  1
\pxql;{\fISOCPEUR|b0|i0|c0|p34;BOTTOM}
  0
XRECORD
  5
8FD3
102
{ACAD_REACTORS
330
1B32
102
}
330
1B32
100
AcDbXrecord
280
     1
 40
37285.0
  1
\pxql;{\fISOCPEUR|b0|i0|c0|p34;TOP}
  0
XRECORD
  5
8FD4
102
{ACAD_REACTORS
330
1B36
102
}
330
1B36
100
AcDbXrecord
280
     1
 40
53043.0
  1
\pxql;{\fISOCPEUR|b0|i0|c0|p34;CAM PLATES}
  0
XRECORD
  5
8FD5
102
{ACAD_REACTORS
330
1B3A
102
}
330
1B3A
100
AcDbXrecord
280
     1
 40
55479.0
  1
\pxql;{\fISOCPEUR|b0|i0|c0|p34;2.5" X-Core}
  0
XRECORD
  5
8FDE
102
{ACAD_REACTORS
330
2FD3
102
}
330
2FD3
100
AcDbXrecord
280
     1
 40
39709.0
  1
\pxqc;{\fISOCPEUR|b0|i0|c0|p34;cut}
  0
XRECORD
  5
8FDF
102
{ACAD_REACTORS
330
39A3
102
}
330
39A3
100
AcDbXrecord
280
     1
 40
248619.0
  1
\pxqc;{\fISOCPEUR|b0|i0|c0|p34;chamfered\P(2 sides : 0.5mm)}
  0
XRECORD
  5
8FE1
102
{ACAD_REACTORS
330
4E29
102
}
330
4E29
100
AcDbXrecord
280
     1
 40
38387.0
  1
\pxql;{\fISOCPEUR|b0|i0|c0|p34;25°}
  0
XRECORD
  5
8FE2
102
{ACAD_REACTORS
330
4E2D
102
}
330
4E2D
100
AcDbXrecord
280
     1
 40
38278.0
  1
\pxql;{\fISOCPEUR|b0|i0|c0|p34;30°}
  0
XRECORD
  5
8FE3
102
{ACAD_REACTORS
330
4E2F
102
}
330
4E2F
100
AcDbXrecord
280
     1
 40
38413.0
  1
\pxql;{\fISOCPEUR|b0|i0|c0|p34;35°}
  0
XRECORD
  5
8FE4
102
{ACAD_REACTORS
330
4FA3
102
}
330
4FA3
100
AcDbXrecord
280
     1
 40
38252.0
  1
\pxql;{\fISOCPEUR|b0|i0|c0|p34;20°}
  0
XRECORD
  5
8FE5
102
{ACAD_REACTORS
330
5051
102
}
330
5051
100
AcDbXrecord
280
     1
 40
38361.0
  1
\pxql;{\fISOCPEUR|b0|i0|c0|p34;15°}
  0
XRECORD
  5
8FE6
102
{ACAD_REACTORS
330
5F07
102
}
330
5F07
100
AcDbXrecord
280
     1
 40
207889.0
  1
\pxqc;{\fISOCPEUR|b0|i0|c0|p34;\P+3 countersunk M2}
  0
XRECORD
  5
8FE7
102
{ACAD_REACTORS
330
5F0B
102
}
330
5F0B
100
AcDbXrecord
280
     1
 40
199587.0
  1
\pxqc;{\fISOCPEUR|b0|i0|c0|p34;\P+4 pockets (0.5mm)}
  0
XRECORD
  5
8FE8
102
{ACAD_REACTORS
330
5F51
102
}
330
5F51
100
AcDbXrecord
280
     1
 40
42260.0
  1
\pxql;{\fISOCPEUR|b0|i0|c0|p34;Tilt}
  0
XRECORD
  5
8FE9
102
{ACAD_REACTORS
330
7467
102
}
330
7467
100
AcDbXrecord
280
     1
 40
89319.0
  1
\pxqc;{\fISOCPEUR|b0|i0|c0|p34;2mm (x1)}
  0
XRECORD
  5
8FEA
102
{ACAD_REACTORS
330
7469
102
}
330
7469
100
AcDbXrecord
280
     1
 40
75204.0
  1
\pxqc;{\fISOCPEUR|b0|i0|c0|p34;TOP}
  0
XRECORD
  5
8FEB
102
{ACAD_REACTORS
330
749A
102
}
330
749A
100
AcDbXrecord
280
     1
 40
248619.0
  1
\pxqc;{\fISOCPEUR|b0|i0|c0|p34;chamfered\P(2 sides : 0.5mm)}
  0
XRECORD
  5
8FEC
102
{ACAD_REACTORS
330
749C
102
}
330
749C
100
AcDbXrecord
280
     1
 40
207889.0
  1
\pxqc;{\fISOCPEUR|b0|i0|c0|p34;\P+3 countersunk M2}
  0
XRECORD
  5
8FED
102
{ACAD_REACTORS
330
749E
102
}
330
749E
100
AcDbXrecord
280
     1
 40
199587.0
  1
\pxqc;{\fISOCPEUR|b0|i0|c0|p34;\P+4 pockets (0.5mm)}
  0
XRECORD
  5
8FEE
102
{ACAD_REACTORS
330
74D8
102
}
330
74D8
100
AcDbXrecord
280
     1
 40
246041.0
  1
\pxqc;{\fISOCPEUR|b0|i0|c0|p34;chamfered\P(2 sides: 0.7mm)}
  0
XRECORD
  5
8FEF
102
{ACAD_REACTORS
330
74DA
102
}
330
74DA
100
AcDbXrecord
280
     1
 40
226618.0
  1
\pxqc;{\fISOCPEUR|b0|i0|c0|p34;3mm (x1)\Pcarbon at 45°}
  0
XRECORD
  5
8FF0
102
{ACAD_REACTORS
330
7AA3
102
}
330
7AA3
100
AcDbXrecord
280
     1
 40
89319.0
  1
\pxqc;{\fISOCPEUR|b0|i0|c0|p34;2mm (x1)}
  0
XRECORD
  5
8FF1
102
{ACAD_REACTORS
330
7AA5
102
}
330
7AA5
100
AcDbXrecord
280
     1
 40
75204.0
  1
\pxqc;{\fISOCPEUR|b0|i0|c0|p34;TOP}
  0
XRECORD
  5
8FF2
102
{ACAD_REACTORS
330
7AA7
102
}
330
7AA7
100
AcDbXrecord
280
     1
 40
47258.0
  1
\pxql;{\fISOCPEUR|b0|i0|c0|p34;2.5" TANK}
  0
XRECORD
  5
8FF3
102
{ACAD_REACTORS
330
7AD6
102
}
330
7AD6
100
AcDbXrecord
280
     1
 40
248619.0
  1
\pxqc;{\fISOCPEUR|b0|i0|c0|p34;chamfered\P(2 sides : 0.5mm)}
  0
XRECORD
  5
8FF4
102
{ACAD_REACTORS
330
7AD8
102
}
330
7AD8
100
AcDbXrecord
280
     1
 40
207889.0
  1
\pxqc;{\fISOCPEUR|b0|i0|c0|p34;\P+3 countersunk M2}
  0
XRECORD
  5
8FF5
102
{ACAD_REACTORS
330
7ADA
102
}
330
7ADA
100
AcDbXrecord
280
     1
 40
199587.0
  1
\pxqc;{\fISOCPEUR|b0|i0|c0|p34;\P+4 pockets (0.5mm)}
  0
XRECORD
  5
8FF6
102
{ACAD_REACTORS
330
7B14
102
}
330
7B14
100
AcDbXrecord
280
     1
 40
246041.0
  1
\pxqc;{\fISOCPEUR|b0|i0|c0|p34;chamfered\P(2 sides: 0.7mm)}
  0
XRECORD
  5
8FF7
102
{ACAD_REACTORS
330
7B16
102
}
330
7B16
100
AcDbXrecord
280
     1
 40
226618.0
  1
\pxqc;{\fISOCPEUR|b0|i0|c0|p34;3mm (x1)\Pcarbon at 45°}
  0
XRECORD
  5
8FF8
102
{ACAD_REACTORS
330
7FD0
102
}
330
7FD0
100
AcDbXrecord
280
     1
 40
38387.0
  1
\pxql;{\fISOCPEUR|b0|i0|c0|p34;25°}
  0
XRECORD
  5
8FF9
102
{ACAD_REACTORS
330
7FD2
102
}
330
7FD2
100
AcDbXrecord
280
     1
 40
38278.0
  1
\pxql;{\fISOCPEUR|b0|i0|c0|p34;30°}
  0
XRECORD
  5
8FFA
102
{ACAD_REACTORS
330
7FD4
102
}
330
7FD4
100
AcDbXrecord
280
     1
 40
38413.0
  1
\pxql;{\fISOCPEUR|b0|i0|c0|p34;35°}
  0
XRECORD
  5
8FFB
102
{ACAD_REACTORS
330
7FD6
102
}
330
7FD6
100
AcDbXrecord
280
     1
 40
38252.0
  1
\pxql;{\fISOCPEUR|b0|i0|c0|p34;20°}
  0
XRECORD
  5
8FFC
102
{ACAD_REACTORS
330
7FD8
102
}
330
7FD8
100
AcDbXrecord
280
     1
 40
38361.0
  1
\pxql;{\fISOCPEUR|b0|i0|c0|p34;15°}
  0
XRECORD
  5
8FFD
102
{ACAD_REACTORS
330
831F
102
}
330
831F
100
AcDbXrecord
280
     1
 40
156283.0
  1
\pxqc;{\fISOCPEUR|b0|i0|c0|p34;2mm (x2 = 1 + 1 mirrored)}
  0
XRECORD
  5
8FFE
102
{ACAD_REACTORS
330
8321
102
}
330
8321
100
AcDbXrecord
280
     1
 40
148717.0
  1
\pxqc;{\fISOCPEUR|b0|i0|c0|p34;Side plate DJI O4Wide}
  0
XRECORD
  5
8FFF
102
{ACAD_REACTORS
330
8323
102
}
330
8323
100
AcDbXrecord
280
     1
 40
42260.0
  1
\pxql;{\fISOCPEUR|b0|i0|c0|p34;Tilt}
  0
XRECORD
  5
9000
102
{ACAD_REACTORS
330
8334
102
}
330
8334
100
AcDbXrecord
280
     1
 40
172794.0
  1
\pxqc;{\fISOCPEUR|b0|i0|c0|p34;partial chamfered : 1.5mm}
  0
XRECORD
  5
2E85
102
{ACAD_REACTORS
330
2E84
102
}
330
2E84
100
AcDbXrecord
280
     1
 90
        1
340
10D
  0
XRECORD
  5
2E89
102
{ACAD_REACTORS
330
2E88
102
}
330
2E88
100
AcDbXrecord
280
     1
 90
        1
340
10D
  0
XRECORD
  5
8FD6
102
{ACAD_REACTORS
330
2F87
102
}
330
2F87
100
AcDbXrecord
280
     1
 40
114373.0
  1
\pxqc;{\fNeuropol|b1|i0|c0|p34;\H1.5x;-JeNo-}
  0
XRECORD
  5
8FD7
102
{ACAD_REACTORS
330
2F8B
102
}
330
2F8B
100
AcDbXrecord
280
     1
 40
235815.0
  1
\pxqr;{\fNeuropol|b1|i0|c0|p34;Choose your \Pversion}
  0
XRECORD
  5
8FD8
102
{ACAD_REACTORS
330
2F8D
102
}
330
2F8D
100
AcDbXrecord
280
     1
 40
121539.0
  1
\pxql;{\fNeuropol|b1|i0|c0|p34;Choose your \Pcam plates}
  0
XRECORD
  5
8FD9
102
{ACAD_REACTORS
330
2F91
102
}
330
2F91
100
AcDbXrecord
280
     1
 40
74440.0
  1
\pxqc;{\fISOCPEUR|b1|i0|c0|p34;2.5" }
  0
XRECORD
  5
8FDA
102
{ACAD_REACTORS
330
2FAC
102
}
330
2FAC
100
AcDbXrecord
280
     1
 40
110165.0
  1
\pxqr;{\fNeuropol|b1|i0|c0|p34;\C254;Step 1}
  0
XRECORD
  5
8FDB
102
{ACAD_REACTORS
330
2FB0
102
}
330
2FB0
100
AcDbXrecord
280
     1
 40
110090.0
  1
\pxqr;{\fNeuropol|b1|i0|c0|p34;\C254;Step 2}
  0
XRECORD
  5
2FB3
102
{ACAD_REACTORS
330
2FB2
102
}
330
2FB2
100
AcDbXrecord
280
     1
 90
        1
340
10D
  0
XRECORD
  5
8FDC
102
{ACAD_REACTORS
330
2FB9
102
}
330
2FB9
100
AcDbXrecord
280
     1
 40
130242.0
  1
\pxqr;{\fNeuropol|b1|i0|c0|p34;\C254;Line type}
  0
XRECORD
  5
8FDD
102
{ACAD_REACTORS
330
2FBF
102
}
330
2FBF
100
AcDbXrecord
280
     1
 40
794336.0
  1
\pxi-3,l4,qr,t4;{\fISOCPEUR|b0|i0|c0|p34;*chamfers are recommanded everywhere except on camera plates}
  0
XRECORD
  5
8FE0
102
{ACAD_REACTORS
330
3A42
102
}
330
3A42
100
AcDbXrecord
280
     1
 40
128809.0
  1
\pxqc;{\fISOCPEUR|b1|i0|c0|p34;\H0.75x;\C254;v2.1.0}
  0
ACDBDETAILVIEWSTYLE
  5
34B6
102
{ACAD_XDICTIONARY
360
9010
102
}
102
{ACAD_REACTORS
330
21B
102
}
330
21B
100
AcDbModelDocViewStyle
 70
     0
  3
Imperial24
290
     0
100
AcDbDetailViewStyle
 70
     0
 71
     0
 90
        3
 71
     1
340
11
 62
   256
 40
0.24
340
0
 62
   256
 40
0.24
300

 40
0.36
280
     3
 71
     2
340
16
 90
       25
 62
   256
 71
     3
340
11
 62
   256
 40
0.24
 90
        1
 40
0.75
 90
        1
300
%<\AcVar ViewType \f "%tc1">% %<\AcVar ViewDetailId>%\PECHELLE %<\AcVar ViewScale \f "%sn">%
 71
     4
340
16
 90
       25
 62
   256
340
16
 90
       25
 62
   256
280
     0
  0
ACDBDETAILVIEWSTYLE
  5
21C
102
{ACAD_XDICTIONARY
360
900C
102
}
102
{ACAD_REACTORS
330
21B
102
}
330
21B
100
AcDbModelDocViewStyle
 70
     0
  3
Metric50
290
     0
100
AcDbDetailViewStyle
 70
     0
 71
     0
 90
        3
 71
     1
340
11
 62
   256
 40
5.0
340
0
 62
   256
 40
5.0
300

 40
0.0
280
     1
 71
     2
340
16
 90
       25
 62
   256
 71
     3
340
11
 62
   256
 40
5.0
 90
        0
 40
15.0
 90
        1
300
%<\AcVar ViewDetailId>% (%<\AcVar ViewScale \f "%sn">%)
 71
     4
340
16
 90
       25
 62
   256
340
16
 90
       25
 62
   256
280
     0
  0
IMAGEDEF
  5
77DC
102
{ACAD_REACTORS
330
2F7F
330
77DD
102
}
330
2F7F
100
AcDbRasterImageDef
 90
        0
  1
.\3D render_pocket_v20_02.jpg
 10
1923.0
 20
1500.0
 11
0.000520020800832
 21
0.000520020800832
280
     1
281
     0
  0
IMAGEDEF
  5
2F80
102
{ACAD_REACTORS
330
2F7F
330
2F89
102
}
330
2F7F
100
AcDbRasterImageDef
 90
        0
  1
WaF_BiG_Blanc.jpg
 10
7087.0
 20
4810.0
 11
0.0001411034288133
 21
0.0001411034288133
280
     1
281
     0
  0
LAYOUT
  5
22
102
{ACAD_XDICTIONARY
360
205
102
}
102
{ACAD_REACTORS
330
1A
102
}
330
1A
100
AcDbPlotSettings
  1

  2
none_device
  4
ISO_A4_(210.00_x_297.00_MM)
  6

 40
7.5
 41
20.0
 42
7.5
 43
20.0
 44
210.0
 45
297.0
 46
11.54999923706054
 47
-13.65000009536743
 48
0.0
 49
0.0
140
0.0
141
0.0
142
1.0
143
8.704084754739808
 70
 11952
 72
     1
 73
     0
 74
     0
  7

 75
     0
147
0.1148885871608098
 76
     0
 77
     2
 78
   300
148
0.0
149
0.0
100
AcDbLayout
  1
Model
 70
     1
 71
     0
 10
0.0
 20
0.0
 11
12.0
 21
9.0
 12
0.0
 22
0.0
 32
0.0
 14
0.0
 24
0.0
 34
0.0
 15
0.0
 25
0.0
 35
0.0
146
0.0
 13
0.0
 23
0.0
 33
0.0
 16
1.0
 26
0.0
 36
0.0
 17
0.0
 27
1.0
 37
0.0
 76
     0
330
1F
331
EA
1001
ACAD_PSEXT
1000
None
1000
None
1000
Not applicable
1000
The layout will not be plotted unless a new plotter configuration name is selected.
1070
     0
  0
LAYOUT
  5
D3
102
{ACAD_REACTORS
330
1A
102
}
330
1A
100
AcDbPlotSettings
  1

  2
AutoCAD PDF (High Quality Print).pc3
  4
ISO_A1_(594.00_x_841.00_MM)
  6

 40
5.0
 41
17.0
 42
5.0
 43
17.0
 44
594.0
 45
841.0
 46
0.0
 47
0.0
 48
0.0
 49
0.0
140
0.0
141
0.0
142
1.0
143
1.0
 70
   688
 72
     1
 73
     0
 74
     5
  7

 75
    16
147
1.0
 76
     0
 77
     2
 78
   300
148
0.0
149
0.0
100
AcDbLayout
  1
Présentation1
 70
     1
 71
     1
 10
-5.0
 20
-17.0
 11
589.0
 21
824.0
 12
0.0
 22
0.0
 32
0.0
 14
17.92690783779562
 24
6.80850339607241
 34
-0.0015258207003583
 15
582.5889011098316
 25
802.7423858058956
 35
0.0000000349246037
146
0.0
 13
0.0
 23
0.0
 33
0.0
 16
1.0
 26
0.0
 36
0.0
 17
0.0
 27
1.0
 37
0.0
 76
     0
330
D2
331
2E83
1001
ACAD_PSEXT
1000
AutoCAD PDF (High Quality Print).pc3
1000
DWG To PDF
1000
Fichier
1000

1070
     0
  0
LAYOUT
  5
D7
102
{ACAD_REACTORS
330
1A
102
}
330
1A
100
AcDbPlotSettings
  1

  2
C:\Documents and Settings\basas\Application Data\Autodesk\AutoCAD 2005\R16.1\enu\plotters\Default Windows System Printer.pc3
  4

  6

 40
0.0
 41
0.0
 42
0.0
 43
0.0
 44
0.0
 45
0.0
 46
0.0
 47
0.0
 48
0.0
 49
0.0
140
0.0
141
0.0
142
1.0
143
1.0
 70
   688
 72
     0
 73
     0
 74
     5
  7

 75
    16
147
1.0
 76
     0
 77
     2
 78
   300
148
0.0
149
0.0
100
AcDbLayout
  1
Présentation2
 70
     1
 71
     2
 10
0.0
 20
0.0
 11
12.0
 21
9.0
 12
0.0
 22
0.0
 32
0.0
 14
0.0
 24
0.0
 34
0.0
 15
0.0
 25
0.0
 35
0.0
146
0.0
 13
0.0
 23
0.0
 33
0.0
 16
1.0
 26
0.0
 36
0.0
 17
0.0
 27
1.0
 37
0.0
 76
     0
330
D6
  0
MATERIAL
  5
ED
102
{ACAD_XDICTIONARY
360
1F9
102
}
102
{ACAD_REACTORS
330
6A
102
}
330
6A
100
AcDbMaterial
  1
ByBlock
 94
       63
  0
MATERIAL
  5
EC
102
{ACAD_XDICTIONARY
360
1F7
102
}
102
{ACAD_REACTORS
330
6A
102
}
330
6A
100
AcDbMaterial
  1
ByLayer
 94
       63
  0
MATERIAL
  5
EE
102
{ACAD_XDICTIONARY
360
173
102
}
102
{ACAD_REACTORS
330
6A
102
}
330
6A
100
AcDbMaterial
  1
Global
 43
0.0007999999797903
 43
0.0
 43
0.0
 43
0.0
 43
0.0
 43
0.0007999999797903
 43
0.0
 43
0.0
 43
0.0
 43
0.0
 43
1.0
 43
0.0
 43
0.0
 43
0.0
 43
0.0
 43
1.0
 49
0.0007999999797903
 49
0.0
 49
0.0
 49
0.0
 49
0.0
 49
0.0007999999797903
 49
0.0
 49
0.0
 49
0.0
 49
0.0
 49
1.0
 49
0.0
 49
0.0
 49
0.0
 49
0.0
 49
1.0
142
0.0007999999797903
142
0.0
142
0.0
142
0.0
142
0.0
142
0.0007999999797903
142
0.0
142
0.0
142
0.0
142
0.0
142
1.0
142
0.0
142
0.0
142
0.0
142
0.0
142
1.0
144
0.0007999999797903
144
0.0
144
0.0
144
0.0
144
0.0
144
0.0007999999797903
144
0.0
144
0.0
144
0.0
144
0.0
144
1.0
144
0.0
144
0.0
144
0.0
144
0.0
144
1.0
 94
       63
1001
ACAD
1070
    -1
1070
     3
1070
     0
1000

1071
        0
1070
     0
  0
MLEADERSTYLE
  5
13B
102
{ACAD_REACTORS
330
12D
102
}
330
12D
100
AcDbMLeaderStyle
179
     2
170
     2
171
     1
172
     0
 90
        2
 40
0.0
 41
0.0
173
     1
 91
-1056964608
340
14
 92
       -2
290
     1
 42
2.0
291
     1
 43
8.0
  3
Standard
 44
4.0
300

342
11
174
     1
178
     1
175
     1
176
     0
 93
-1056964608
 45
4.0
292
     0
297
     0
 46
4.0
 94
-1056964608
 47
1.0
 49
1.0
140
1.0
293
     1
141
0.0
294
     1
177
     0
142
1.0
295
     0
296
     1
143
3.75
271
     0
272
     9
273
     9
298
     0
  0
MLEADERSTYLE
  5
12E
102
{ACAD_REACTORS
330
12D
102
}
330
12D
100
AcDbMLeaderStyle
179
     2
170
     2
171
     1
172
     0
 90
        2
 40
0.0
 41
0.0
173
     1
 91
-1056964608
340
14
 92
       -2
290
     1
 42
2.0
291
     1
 43
8.0
  3
Standard
 44
4.0
300

342
11
174
     1
178
     1
175
     1
176
     0
 93
-1056964608
 45
4.0
292
     0
297
     0
 46
4.0
 94
-1056964608
 47
1.0
 49
1.0
140
1.0
293
     1
141
0.0
294
     1
177
     0
142
1.0
295
     0
296
     0
143
3.75
271
     0
272
     9
273
     9
298
     0
  0
MLINESTYLE
  5
18
102
{ACAD_REACTORS
330
17
102
}
330
17
100
AcDbMlineStyle
  2
STANDARD
 70
     0
  3

 62
   256
 51
90.0
 52
90.0
 71
     2
 49
0.5
 62
   256
  6
BYLAYER
 49
-0.5
 62
   256
  6
BYLAYER
  0
ACDBPLACEHOLDER
  5
F
102
{ACAD_REACTORS
330
E
102
}
330
E
  0
SCALE
  5
10D
102
{ACAD_REACTORS
330
10C
102
}
330
10C
100
AcDbScale
 70
     0
300
1:1
140
1.0
141
1.0
290
     1
  0
SCALE
  5
1BE
102
{ACAD_REACTORS
330
10C
102
}
330
10C
100
AcDbScale
 70
     0
300
1:2
140
1.0
141
2.0
290
     0
  0
SCALE
  5
1BF
102
{ACAD_REACTORS
330
10C
102
}
330
10C
100
AcDbScale
 70
     0
300
1:4
140
1.0
141
4.0
290
     0
  0
SCALE
  5
1C0
102
{ACAD_REACTORS
330
10C
102
}
330
10C
100
AcDbScale
 70
     0
300
1:5
140
1.0
141
5.0
290
     0
  0
SCALE
  5
1C1
102
{ACAD_REACTORS
330
10C
102
}
330
10C
100
AcDbScale
 70
     0
300
1:8
140
1.0
141
8.0
290
     0
  0
SCALE
  5
1C2
102
{ACAD_REACTORS
330
10C
102
}
330
10C
100
AcDbScale
 70
     0
300
1:10
140
1.0
141
10.0
290
     0
  0
SCALE
  5
1C3
102
{ACAD_REACTORS
330
10C
102
}
330
10C
100
AcDbScale
 70
     0
300
1:16
140
1.0
141
16.0
290
     0
  0
SCALE
  5
1C4
102
{ACAD_REACTORS
330
10C
102
}
330
10C
100
AcDbScale
 70
     0
300
1:20
140
1.0
141
20.0
290
     0
  0
SCALE
  5
1C5
102
{ACAD_REACTORS
330
10C
102
}
330
10C
100
AcDbScale
 70
     0
300
1:30
140
1.0
141
30.0
290
     0
  0
SCALE
  5
1C6
102
{ACAD_REACTORS
330
10C
102
}
330
10C
100
AcDbScale
 70
     0
300
1:40
140
1.0
141
40.0
290
     0
  0
SCALE
  5
1C7
102
{ACAD_REACTORS
330
10C
102
}
330
10C
100
AcDbScale
 70
     0
300
1:50
140
1.0
141
50.0
290
     0
  0
SCALE
  5
1C8
102
{ACAD_REACTORS
330
10C
102
}
330
10C
100
AcDbScale
 70
     0
300
1:100
140
1.0
141
100.0
290
     0
  0
SCALE
  5
1C9
102
{ACAD_REACTORS
330
10C
102
}
330
10C
100
AcDbScale
 70
     0
300
2:1
140
2.0
141
1.0
290
     0
  0
SCALE
  5
1CA
102
{ACAD_REACTORS
330
10C
102
}
330
10C
100
AcDbScale
 70
     0
300
4:1
140
4.0
141
1.0
290
     0
  0
SCALE
  5
1CB
102
{ACAD_REACTORS
330
10C
102
}
330
10C
100
AcDbScale
 70
     0
300
8:1
140
8.0
141
1.0
290
     0
  0
SCALE
  5
1CC
102
{ACAD_REACTORS
330
10C
102
}
330
10C
100
AcDbScale
 70
     0
300
10:1
140
10.0
141
1.0
290
     0
  0
SCALE
  5
1CD
102
{ACAD_REACTORS
330
10C
102
}
330
10C
100
AcDbScale
 70
     0
300
100:1
140
100.0
141
1.0
290
     0
  0
ACDBSECTIONVIEWSTYLE
  5
34B5
102
{ACAD_XDICTIONARY
360
900E
102
}
102
{ACAD_REACTORS
330
219
102
}
330
219
100
AcDbModelDocViewStyle
 70
     0
  3
Imperial24
290
     0
100
AcDbSectionViewStyle
 70
     0
 71
     0
 90
       78
 71
     1
340
11
 62
   256
 40
0.24
340
0
340
0
 62
   256
 40
0.24
300
I, O, Q, S, X, Z
 40
0.48
 90
        3
 40
0.18
 90
        1
 71
     2
340
16
 90
       25
 62
   256
340
16
 90
       50
 62
   256
 40
0.24
 40
0.0
 40
0.24
 71
     3
340
11
 62
   256
 40
0.24
 90
        1
 40
0.75
 90
        1
300
%<\AcVar ViewType \f "%tc1">% %<\AcVar ViewSectionStartId>%-%<\AcVar ViewSectionEndId>%\PECHELLE %<\AcVar ViewScale \f "%sn">%
 71
     4
 62
   256
 62
   257
300
ANSI31
 40
1.0
 90
        0
290
     0
290
     0
 90
        6
 40
0.0
 40
1.570796326794896
 40
0.2617993877991494
 40
1.308996938995747
 40
-0.2617993877991494
 40
1.832595714594046
  0
ACDBSECTIONVIEWSTYLE
  5
21A
102
{ACAD_XDICTIONARY
360
900A
102
}
102
{ACAD_REACTORS
330
219
102
}
330
219
100
AcDbModelDocViewStyle
 70
     0
  3
Metric50
290
     0
100
AcDbSectionViewStyle
 70
     0
 71
     0
 90
      102
 71
     1
340
11
 62
   256
 40
5.0
340
0
340
0
 62
   256
 40
5.0
300
I, O, Q, S, X, Z
 40
10.0
 90
        0
 40
2.5
 90
        0
 71
     2
340
16
 90
       25
 62
   256
340
16
 90
       50
 62
   256
 40
5.0
 40
2.5
 40
5.0
 71
     3
340
11
 62
   256
 40
5.0
 90
        0
 40
15.0
 90
        1
300
%<\AcVar ViewSectionStartId>%-%<\AcVar ViewSectionEndId>% (%<\AcVar ViewScale \f "%sn">%)
 71
     4
 62
   256
 62
   257
300
ANSI31
 40
1.0
 90
        0
290
     0
290
     0
 90
        6
 40
0.0
 40
1.570796326794896
 40
0.2617993877991494
 40
1.308996938995747
 40
-0.2617993877991494
 40
1.832595714594046
  0
TABLESTYLE
  5
7F
102
{ACAD_XDICTIONARY
360
162
102
}
102
{ACAD_REACTORS
330
7E
102
}
330
7E
100
AcDbTableStyle
280
     0
  3
Standard
 70
     0
 71
     0
 40
1.5
 41
1.5
280
     0
281
     0
  7
Standard
140
4.5
170
     2
 62
     0
 63
     7
283
     0
 90
      512
 91
        0
  1

274
    -2
284
     1
 64
     0
275
    -2
285
     1
 65
     0
276
    -2
286
     1
 66
     0
277
    -2
287
     1
 67
     0
278
    -2
288
     1
 68
     0
279
    -2
289
     1
 69
     0
  7
Standard
140
6.0
170
     5
 62
     0
 63
     7
283
     0
 90
      512
 91
        0
  1

274
    -2
284
     1
 64
     0
275
    -2
285
     1
 65
     0
276
    -2
286
     1
 66
     0
277
    -2
287
     1
 67
     0
278
    -2
288
     1
 68
     0
279
    -2
289
     1
 69
     0
  7
Standard
140
4.5
170
     5
 62
     0
 63
     7
283
     0
 90
      512
 91
        0
  1

274
    -2
284
     1
 64
     0
275
    -2
285
     1
 65
     0
276
    -2
286
     1
 66
     0
277
    -2
287
     1
 67
     0
278
    -2
288
     1
 68
     0
279
    -2
289
     1
 69
     0
  0
VISUALSTYLE
  5
F5
102
{ACAD_REACTORS
330
EF
102
}
330
EF
100
AcDbVisualStyle
  2
2dWireframe
 70
     4
177
     3
291
     0
 70
    58
 90
        0
176
     1
 90
        2
176
     1
 90
        1
176
     1
 90
        0
176
     1
 40
0.6
176
     1
 40
30.0
176
     1
 62
     7
420
 16777215
176
     1
 90
        1
176
     1
 90
        4
176
     1
 62
     7
176
     1
 62
   257
176
     1
 90
        1
176
     1
 90
        1
176
     1
 40
1.0
176
     1
 90
        0
176
     1
 62
   257
176
     1
 40
1.0
176
     1
 90
        1
176
     1
 90
        6
176
     1
 90
        2
176
     1
 62
     7
176
     1
 90
        5
176
     1
 90
        0
176
     1
 90
        0
176
     1
290
     0
176
     1
 90
        1
176
     1
 40
0.0
176
     1
 90
        0
176
     1
290
     1
176
     1
290
     1
176
     1
290
     0
176
     1
290
     0
176
     1
290
     0
176
     1
290
     0
176
     1
290
     0
176
     1
290
     0
176
     1
290
     0
176
     1
 90
       50
176
     1
 40
0.0
176
     1
 40
1.0
176
     1
 90
        0
176
     1
 62
    18
420
        0
176
     1
 90
       50
176
     1
 90
        3
176
     1
 62
     5
420
      255
176
     1
290
     0
176
     1
 90
       50
176
     1
 90
       50
176
     1
 90
       50
176
     1
290
     0
176
     1
 90
       50
176
     1
 62
   256
176
     0
 40
1.0
176
     0
 90
        2
176
     1
  1
strokes_ogs.tif
176
     1
290
     0
176
     1
 40
1.0
176
     1
 40
1.0
176
     1
1001
ACAD
1000
AcDbSavedByObjectVersion
1070
     0
  0
VISUALSTYLE
  5
F4
102
{ACAD_REACTORS
330
EF
102
}
330
EF
100
AcDbVisualStyle
  2
Basic
 70
     7
177
     3
291
     1
 70
    58
 90
        1
176
     1
 90
        0
176
     1
 90
        1
176
     1
 90
        0
176
     1
 40
0.6
176
     1
 40
30.0
176
     1
 62
     7
420
 16777215
176
     1
 90
        0
176
     1
 90
        4
176
     1
 62
     7
176
     1
 62
   257
176
     1
 90
        1
176
     1
 90
        1
176
     1
 40
1.0
176
     1
 90
        8
176
     1
 62
     7
176
     1
 40
1.0
176
     1
 90
        1
176
     1
 90
        6
176
     1
 90
        2
176
     1
 62
     7
176
     1
 90
        5
176
     1
 90
        0
176
     1
 90
        0
176
     1
290
     0
176
     1
 90
        1
176
     1
 40
0.0
176
     1
 90
        0
176
     1
290
     0
176
     1
290
     1
176
     1
290
     1
176
     1
290
     0
176
     1
290
     0
176
     1
290
     0
176
     1
290
     0
176
     1
290
     0
176
     1
290
     0
176
     1
 90
       50
176
     1
 40
0.0
176
     1
 40
1.0
176
     1
 90
        0
176
     1
 62
    18
420
        0
176
     1
 90
       50
176
     1
 90
        3
176
     1
 62
     5
420
      255
176
     1
290
     0
176
     1
 90
       50
176
     1
 90
       50
176
     1
 90
       50
176
     1
290
     0
176
     1
 90
       50
176
     1
 62
   256
176
     0
 40
1.0
176
     0
 90
        2
176
     1
  1
strokes_ogs.tif
176
     1
290
     0
176
     1
 40
1.0
176
     1
 40
1.0
176
     1
1001
ACAD
1000
AcDbSavedByObjectVersion
1070
     0
  0
VISUALSTYLE
  5
FB
102
{ACAD_REACTORS
330
EF
102
}
330
EF
100
AcDbVisualStyle
  2
Brighten
 70
    12
177
     3
291
     1
 70
    58
 90
        2
176
     1
 90
        2
176
     1
 90
        1
176
     1
 90
        0
176
     1
 40
0.6
176
     1
 40
30.0
176
     1
 62
     7
420
 16777215
176
     1
 90
        1
176
     1
 90
        4
176
     1
 62
     7
176
     1
 62
   257
176
     1
 90
        1
176
     1
 90
        1
176
     1
 40
1.0
176
     1
 90
        8
176
     1
 62
     7
176
     1
 40
1.0
176
     1
 90
        1
176
     1
 90
        6
176
     1
 90
        2
176
     1
 62
     7
176
     1
 90
        5
176
     1
 90
        0
176
     1
 90
        0
176
     1
290
     0
176
     1
 90
        1
176
     1
 40
50.0
176
     1
 90
        0
176
     1
290
     0
176
     1
290
     1
176
     1
290
     1
176
     1
290
     0
176
     1
290
     0
176
     1
290
     0
176
     1
290
     0
176
     1
290
     0
176
     1
290
     0
176
     1
 90
       50
176
     1
 40
0.0
176
     1
 40
1.0
176
     1
 90
        0
176
     1
 62
    18
420
        0
176
     1
 90
       50
176
     1
 90
        3
176
     1
 62
     5
420
      255
176
     1
290
     0
176
     1
 90
       50
176
     1
 90
       50
176
     1
 90
       50
176
     1
290
     0
176
     1
 90
       50
176
     1
 62
   256
176
     0
 40
1.0
176
     0
 90
        2
176
     1
  1
strokes_ogs.tif
176
     1
290
     0
176
     1
 40
1.0
176
     1
 40
1.0
176
     1
1001
ACAD
1000
AcDbSavedByObjectVersion
1070
     0
  0
VISUALSTYLE
  5
FF
102
{ACAD_REACTORS
330
EF
102
}
330
EF
100
AcDbVisualStyle
  2
ColorChange
 70
    16
177
     3
291
     1
 70
    58
 90
        2
176
     1
 90
        2
176
     1
 90
        3
176
     1
 90
        0
176
     1
 40
0.6
176
     1
 40
30.0
176
     1
 62
     8
420
  8421504
176
     1
 90
        1
176
     1
 90
        4
176
     1
 62
     7
176
     1
 62
   257
176
     1
 90
        1
176
     1
 90
        1
176
     1
 40
1.0
176
     1
 90
        8
176
     1
 62
     8
420
  8421504
176
     1
 40
1.0
176
     1
 90
        1
176
     1
 90
        6
176
     1
 90
        2
176
     1
 62
     7
176
     1
 90
        5
176
     1
 90
        0
176
     1
 90
        0
176
     1
290
     0
176
     1
 90
        1
176
     1
 40
0.0
176
     1
 90
        0
176
     1
290
     0
176
     1
290
     1
176
     1
290
     1
176
     1
290
     0
176
     1
290
     0
176
     1
290
     0
176
     1
290
     0
176
     1
290
     0
176
     1
290
     0
176
     1
 90
       50
176
     1
 40
0.0
176
     1
 40
1.0
176
     1
 90
        0
176
     1
 62
    18
420
        0
176
     1
 90
       50
176
     1
 90
        3
176
     1
 62
     5
420
      255
176
     1
290
     0
176
     1
 90
       50
176
     1
 90
       50
176
     1
 90
       50
176
     1
290
     0
176
     1
 90
       50
176
     1
 62
   256
176
     0
 40
1.0
176
     0
 90
        2
176
     1
  1
strokes_ogs.tif
176
     1
290
     0
176
     1
 40
1.0
176
     1
 40
1.0
176
     1
1001
ACAD
1000
AcDbSavedByObjectVersion
1070
     0
  0
VISUALSTYLE
  5
F8
102
{ACAD_REACTORS
330
EF
102
}
330
EF
100
AcDbVisualStyle
  2
Conceptual
 70
     9
177
     3
291
     0
 70
    58
 90
        3
176
     1
 90
        2
176
     1
 90
        1
176
     1
 90
        0
176
     1
 40
0.6
176
     1
 40
30.0
176
     1
 62
     7
420
 16777215
176
     1
 90
        2
176
     1
 90
        2
176
     1
 62
     7
176
     1
 62
   257
176
     1
 90
        1
176
     1
 90
        1
176
     1
 40
40.0
176
     1
 90
        8
176
     1
 62
     7
176
     1
 40
1.0
176
     1
 90
        1
176
     1
 90
        6
176
     1
 90
        2
176
     1
 62
     7
176
     1
 90
        3
176
     1
 90
        0
176
     1
 90
        0
176
     1
290
     0
176
     1
 90
        1
176
     1
 40
0.0
176
     1
 90
        0
176
     1
290
     0
176
     1
290
     1
176
     1
290
     1
176
     1
290
     0
176
     1
290
     0
176
     1
290
     0
176
     1
290
     0
176
     1
290
     0
176
     1
290
     0
176
     1
 90
       50
176
     1
 40
0.0
176
     1
 40
1.0
176
     1
 90
        0
176
     1
 62
    18
420
        0
176
     1
 90
       50
176
     1
 90
        3
176
     1
 62
     5
420
      255
176
     1
290
     0
176
     1
 90
       50
176
     1
 90
       50
176
     1
 90
       50
176
     1
290
     0
176
     1
 90
       50
176
     1
 62
   256
176
     0
 40
1.0
176
     0
 90
        2
176
     1
  1
strokes_ogs.tif
176
     1
290
     0
176
     1
 40
1.0
176
     1
 40
1.0
176
     1
1001
ACAD
1000
AcDbSavedByObjectVersion
1070
     0
  0
VISUALSTYLE
  5
FA
102
{ACAD_REACTORS
330
EF
102
}
330
EF
100
AcDbVisualStyle
  2
Dim
 70
    11
177
     3
291
     1
 70
    58
 90
        2
176
     1
 90
        2
176
     1
 90
        1
176
     1
 90
        0
176
     1
 40
0.6
176
     1
 40
30.0
176
     1
 62
     7
420
 16777215
176
     1
 90
        1
176
     1
 90
        4
176
     1
 62
     7
176
     1
 62
   257
176
     1
 90
        1
176
     1
 90
        1
176
     1
 40
1.0
176
     1
 90
        8
176
     1
 62
     7
176
     1
 40
1.0
176
     1
 90
        1
176
     1
 90
        6
176
     1
 90
        2
176
     1
 62
     7
176
     1
 90
        5
176
     1
 90
        0
176
     1
 90
        0
176
     1
290
     0
176
     1
 90
        1
176
     1
 40
-50.0
176
     1
 90
        0
176
     1
290
     0
176
     1
290
     1
176
     1
290
     1
176
     1
290
     0
176
     1
290
     0
176
     1
290
     0
176
     1
290
     0
176
     1
290
     0
176
     1
290
     0
176
     1
 90
       50
176
     1
 40
0.0
176
     1
 40
1.0
176
     1
 90
        0
176
     1
 62
    18
420
        0
176
     1
 90
       50
176
     1
 90
        3
176
     1
 62
     5
420
      255
176
     1
290
     0
176
     1
 90
       50
176
     1
 90
       50
176
     1
 90
       50
176
     1
290
     0
176
     1
 90
       50
176
     1
 62
   256
176
     0
 40
1.0
176
     0
 90
        2
176
     1
  1
strokes_ogs.tif
176
     1
290
     0
176
     1
 40
1.0
176
     1
 40
1.0
176
     1
1001
ACAD
1000
AcDbSavedByObjectVersion
1070
     0
  0
VISUALSTYLE
  5
1E6
102
{ACAD_REACTORS
330
EF
102
}
330
EF
100
AcDbVisualStyle
  2
EdgeColorOff
 70
    22
177
     3
291
     1
 70
    58
 90
        2
176
     0
 90
        2
176
     0
 90
        0
176
     0
 90
        0
176
     0
 40
0.6
176
     0
 40
30.0
176
     0
 62
     7
420
 16777215
176
     0
 90
        1
176
     0
 90
        4
176
     0
 62
     7
176
     0
 62
   257
176
     0
 90
        1
176
     0
 90
        1
176
     0
 40
1.0
176
     0
 90
        8
176
     2
 62
     7
176
     0
 40
1.0
176
     0
 90
        1
176
     0
 90
        6
176
     0
 90
        2
176
     0
 62
     7
176
     0
 90
        5
176
     0
 90
        0
176
     0
 90
        0
176
     0
290
     0
176
     0
 90
        1
176
     0
 40
0.0
176
     0
 90
        0
176
     0
290
     0
176
     1
290
     1
176
     1
290
     1
176
     1
290
     0
176
     1
290
     0
176
     1
290
     0
176
     1
290
     0
176
     1
290
     0
176
     1
290
     0
176
     1
 90
       50
176
     1
 40
0.0
176
     1
 40
1.0
176
     1
 90
        0
176
     1
 62
    18
420
        0
176
     1
 90
       50
176
     1
 90
        3
176
     1
 62
     5
420
      255
176
     1
290
     0
176
     1
 90
       50
176
     1
 90
       50
176
     1
 90
       50
176
     1
290
     0
176
     1
 90
       50
176
     1
 62
   256
176
     0
 40
1.0
176
     0
 90
        2
176
     1
  1
strokes_ogs.tif
176
     1
290
     0
176
     1
 40
1.0
176
     1
 40
1.0
176
     1
1001
ACAD
1000
AcDbSavedByObjectVersion
1070
     0
  0
VISUALSTYLE
  5
FE
102
{ACAD_REACTORS
330
EF
102
}
330
EF
100
AcDbVisualStyle
  2
Facepattern
 70
    15
177
     3
291
     1
 70
    58
 90
        2
176
     1
 90
        2
176
     1
 90
        1
176
     1
 90
        0
176
     1
 40
0.6
176
     1
 40
30.0
176
     1
 62
     7
420
 16777215
176
     1
 90
        1
176
     1
 90
        4
176
     1
 62
     7
176
     1
 62
   257
176
     1
 90
        1
176
     1
 90
        1
176
     1
 40
1.0
176
     1
 90
        8
176
     1
 62
     7
176
     1
 40
1.0
176
     1
 90
        1
176
     1
 90
        6
176
     1
 90
        2
176
     1
 62
     7
176
     1
 90
        5
176
     1
 90
        0
176
     1
 90
        0
176
     1
290
     0
176
     1
 90
        1
176
     1
 40
0.0
176
     1
 90
        0
176
     1
290
     0
176
     1
290
     1
176
     1
290
     1
176
     1
290
     0
176
     1
290
     0
176
     1
290
     0
176
     1
290
     0
176
     1
290
     0
176
     1
290
     0
176
     1
 90
       50
176
     1
 40
0.0
176
     1
 40
1.0
176
     1
 90
        0
176
     1
 62
    18
420
        0
176
     1
 90
       50
176
     1
 90
        3
176
     1
 62
     5
420
      255
176
     1
290
     0
176
     1
 90
       50
176
     1
 90
       50
176
     1
 90
       50
176
     1
290
     0
176
     1
 90
       50
176
     1
 62
   256
176
     0
 40
1.0
176
     0
 90
        2
176
     1
  1
strokes_ogs.tif
176
     1
290
     0
176
     1
 40
1.0
176
     1
 40
1.0
176
     1
1001
ACAD
1000
AcDbSavedByObjectVersion
1070
     0
  0
VISUALSTYLE
  5
F0
102
{ACAD_REACTORS
330
EF
102
}
330
EF
100
AcDbVisualStyle
  2
Flat
 70
     0
177
     3
291
     1
 70
    58
 90
        2
176
     1
 90
        1
176
     1
 90
        1
176
     1
 90
        2
176
     1
 40
0.6
176
     1
 40
30.0
176
     1
 62
     7
420
 16777215
176
     1
 90
        0
176
     1
 90
        0
176
     1
 62
     7
176
     1
 62
   257
176
     1
 90
        1
176
     1
 90
        1
176
     1
 40
1.0
176
     1
 90
        8
176
     1
 62
     7
176
     1
 40
1.0
176
     1
 90
        1
176
     1
 90
        6
176
     1
 90
        2
176
     1
 62
     7
176
     1
 90
        5
176
     1
 90
        0
176
     1
 90
        0
176
     1
290
     0
176
     1
 90
       13
176
     1
 40
0.0
176
     1
 90
        0
176
     1
290
     0
176
     1
290
     1
176
     1
290
     1
176
     1
290
     0
176
     1
290
     0
176
     1
290
     0
176
     1
290
     0
176
     1
290
     0
176
     1
290
     0
176
     1
 90
       50
176
     1
 40
0.0
176
     1
 40
1.0
176
     1
 90
        0
176
     1
 62
    18
420
        0
176
     1
 90
       50
176
     1
 90
        3
176
     1
 62
     5
420
      255
176
     1
290
     0
176
     1
 90
       50
176
     1
 90
       50
176
     1
 90
       50
176
     1
290
     0
176
     1
 90
       50
176
     1
 62
   256
176
     0
 40
1.0
176
     0
 90
        2
176
     1
  1
strokes_ogs.tif
176
     1
290
     0
176
     1
 40
1.0
176
     1
 40
1.0
176
     1
1001
ACAD
1000
AcDbSavedByObjectVersion
1070
     0
  0
VISUALSTYLE
  5
F1
102
{ACAD_REACTORS
330
EF
102
}
330
EF
100
AcDbVisualStyle
  2
FlatWithEdges
 70
     1
177
     3
291
     1
 70
    58
 90
        2
176
     1
 90
        1
176
     1
 90
        1
176
     1
 90
        2
176
     1
 40
0.6
176
     1
 40
30.0
176
     1
 62
     7
420
 16777215
176
     1
 90
        1
176
     1
 90
        0
176
     1
 62
     7
176
     1
 62
   257
176
     1
 90
        1
176
     1
 90
        1
176
     1
 40
1.0
176
     1
 90
        0
176
     1
 62
   257
176
     1
 40
1.0
176
     1
 90
        1
176
     1
 90
        6
176
     1
 90
        2
176
     1
 62
     7
176
     1
 90
        5
176
     1
 90
        0
176
     1
 90
        0
176
     1
290
     0
176
     1
 90
       13
176
     1
 40
0.0
176
     1
 90
        0
176
     1
290
     0
176
     1
290
     1
176
     1
290
     1
176
     1
290
     0
176
     1
290
     0
176
     1
290
     0
176
     1
290
     0
176
     1
290
     0
176
     1
290
     0
176
     1
 90
       50
176
     1
 40
0.0
176
     1
 40
1.0
176
     1
 90
        0
176
     1
 62
    18
420
        0
176
     1
 90
       50
176
     1
 90
        3
176
     1
 62
     5
420
      255
176
     1
290
     0
176
     1
 90
       50
176
     1
 90
       50
176
     1
 90
       50
176
     1
290
     0
176
     1
 90
       50
176
     1
 62
   256
176
     0
 40
1.0
176
     0
 90
        2
176
     1
  1
strokes_ogs.tif
176
     1
290
     0
176
     1
 40
1.0
176
     1
 40
1.0
176
     1
1001
ACAD
1000
AcDbSavedByObjectVersion
1070
     0
  0
VISUALSTYLE
  5
F2
102
{ACAD_REACTORS
330
EF
102
}
330
EF
100
AcDbVisualStyle
  2
Gouraud
 70
     2
177
     3
291
     1
 70
    58
 90
        2
176
     1
 90
        2
176
     1
 90
        1
176
     1
 90
        2
176
     1
 40
0.6
176
     1
 40
30.0
176
     1
 62
     7
420
 16777215
176
     1
 90
        0
176
     1
 90
        0
176
     1
 62
     7
176
     1
 62
   257
176
     1
 90
        1
176
     1
 90
        1
176
     1
 40
1.0
176
     1
 90
        0
176
     1
 62
     7
176
     1
 40
1.0
176
     1
 90
        1
176
     1
 90
        6
176
     1
 90
        2
176
     1
 62
     7
176
     1
 90
        5
176
     1
 90
        0
176
     1
 90
        0
176
     1
290
     0
176
     1
 90
       13
176
     1
 40
0.0
176
     1
 90
        0
176
     1
290
     0
176
     1
290
     1
176
     1
290
     1
176
     1
290
     0
176
     1
290
     0
176
     1
290
     0
176
     1
290
     0
176
     1
290
     0
176
     1
290
     0
176
     1
 90
       50
176
     1
 40
0.0
176
     1
 40
1.0
176
     1
 90
        0
176
     1
 62
    18
420
        0
176
     1
 90
       50
176
     1
 90
        3
176
     1
 62
     5
420
      255
176
     1
290
     0
176
     1
 90
       50
176
     1
 90
       50
176
     1
 90
       50
176
     1
290
     0
176
     1
 90
       50
176
     1
 62
   256
176
     0
 40
1.0
176
     0
 90
        2
176
     1
  1
strokes_ogs.tif
176
     1
290
     0
176
     1
 40
1.0
176
     1
 40
1.0
176
     1
1001
ACAD
1000
AcDbSavedByObjectVersion
1070
     0
  0
VISUALSTYLE
  5
F3
102
{ACAD_REACTORS
330
EF
102
}
330
EF
100
AcDbVisualStyle
  2
GouraudWithEdges
 70
     3
177
     3
291
     1
 70
    58
 90
        2
176
     1
 90
        2
176
     1
 90
        1
176
     1
 90
        2
176
     1
 40
0.6
176
     1
 40
30.0
176
     1
 62
     7
420
 16777215
176
     1
 90
        1
176
     1
 90
        0
176
     1
 62
     7
176
     1
 62
   257
176
     1
 90
        1
176
     1
 90
        1
176
     1
 40
1.0
176
     1
 90
        0
176
     1
 62
   257
176
     1
 40
1.0
176
     1
 90
        1
176
     1
 90
        6
176
     1
 90
        2
176
     1
 62
     7
176
     1
 90
        5
176
     1
 90
        0
176
     1
 90
        0
176
     1
290
     0
176
     1
 90
       13
176
     1
 40
0.0
176
     1
 90
        0
176
     1
290
     0
176
     1
290
     1
176
     1
290
     1
176
     1
290
     0
176
     1
290
     0
176
     1
290
     0
176
     1
290
     0
176
     1
290
     0
176
     1
290
     0
176
     1
 90
       50
176
     1
 40
0.0
176
     1
 40
1.0
176
     1
 90
        0
176
     1
 62
    18
420
        0
176
     1
 90
       50
176
     1
 90
        3
176
     1
 62
     5
420
      255
176
     1
290
     0
176
     1
 90
       50
176
     1
 90
       50
176
     1
 90
       50
176
     1
290
     0
176
     1
 90
       50
176
     1
 62
   256
176
     0
 40
1.0
176
     0
 90
        2
176
     1
  1
strokes_ogs.tif
176
     1
290
     0
176
     1
 40
1.0
176
     1
 40
1.0
176
     1
1001
ACAD
1000
AcDbSavedByObjectVersion
1070
     0
  0
VISUALSTYLE
  5
F7
102
{ACAD_REACTORS
330
EF
102
}
330
EF
100
AcDbVisualStyle
  2
Hidden
 70
     6
177
     3
291
     0
 70
    58
 90
        1
176
     1
 90
        2
176
     1
 90
        2
176
     1
 90
        0
176
     1
 40
0.6
176
     1
 40
30.0
176
     1
 62
     7
420
 16777215
176
     1
 90
        2
176
     1
 90
        2
176
     1
 62
     7
176
     1
 62
   257
176
     1
 90
        2
176
     1
 90
        1
176
     1
 40
40.0
176
     1
 90
        0
176
     1
 62
   257
176
     1
 40
1.0
176
     1
 90
        1
176
     1
 90
        6
176
     1
 90
        2
176
     1
 62
     7
176
     1
 90
        3
176
     1
 90
        0
176
     1
 90
        0
176
     1
290
     0
176
     1
 90
        1
176
     1
 40
0.0
176
     1
 90
        0
176
     1
290
     0
176
     1
290
     1
176
     1
290
     1
176
     1
290
     0
176
     1
290
     0
176
     1
290
     0
176
     1
290
     0
176
     1
290
     0
176
     1
290
     0
176
     1
 90
       50
176
     1
 40
0.0
176
     1
 40
1.0
176
     1
 90
        0
176
     1
 62
    18
420
        0
176
     1
 90
       50
176
     1
 90
        3
176
     1
 62
     5
420
      255
176
     1
290
     0
176
     1
 90
       50
176
     1
 90
       50
176
     1
 90
       50
176
     1
290
     0
176
     1
 90
       50
176
     1
 62
   256
176
     0
 40
1.0
176
     0
 90
        2
176
     1
  1
strokes_ogs.tif
176
     1
290
     0
176
     1
 40
1.0
176
     1
 40
1.0
176
     1
1001
ACAD
1000
AcDbSavedByObjectVersion
1070
     0
  0
VISUALSTYLE
  5
1E4
102
{ACAD_REACTORS
330
EF
102
}
330
EF
100
AcDbVisualStyle
  2
JitterOff
 70
    20
177
     3
291
     1
 70
    58
 90
        2
176
     0
 90
        2
176
     0
 90
        0
176
     0
 90
        0
176
     0
 40
0.6
176
     0
 40
30.0
176
     0
 62
     7
420
 16777215
176
     0
 90
        1
176
     0
 90
        4
176
     0
 62
     7
176
     0
 62
   257
176
     0
 90
        1
176
     0
 90
        1
176
     0
 40
1.0
176
     0
 90
       10
176
     2
 62
     7
176
     0
 40
1.0
176
     0
 90
        1
176
     0
 90
        6
176
     0
 90
        2
176
     0
 62
     7
176
     0
 90
        5
176
     0
 90
        0
176
     0
 90
        0
176
     0
290
     0
176
     0
 90
        1
176
     0
 40
0.0
176
     0
 90
        0
176
     0
290
     0
176
     1
290
     1
176
     1
290
     1
176
     1
290
     0
176
     1
290
     0
176
     1
290
     0
176
     1
290
     0
176
     1
290
     0
176
     1
290
     0
176
     1
 90
       50
176
     1
 40
0.0
176
     1
 40
1.0
176
     1
 90
        0
176
     1
 62
    18
420
        0
176
     1
 90
       50
176
     1
 90
        3
176
     1
 62
     5
420
      255
176
     1
290
     0
176
     1
 90
       50
176
     1
 90
       50
176
     1
 90
       50
176
     1
290
     0
176
     1
 90
       50
176
     1
 62
   256
176
     0
 40
1.0
176
     0
 90
        2
176
     1
  1
strokes_ogs.tif
176
     1
290
     0
176
     1
 40
1.0
176
     1
 40
1.0
176
     1
1001
ACAD
1000
AcDbSavedByObjectVersion
1070
     0
  0
VISUALSTYLE
  5
FD
102
{ACAD_REACTORS
330
EF
102
}
330
EF
100
AcDbVisualStyle
  2
Linepattern
 70
    14
177
     3
291
     1
 70
    58
 90
        2
176
     1
 90
        2
176
     1
 90
        1
176
     1
 90
        0
176
     1
 40
0.6
176
     1
 40
30.0
176
     1
 62
     7
420
 16777215
176
     1
 90
        1
176
     1
 90
        4
176
     1
 62
     7
176
     1
 62
   257
176
     1
 90
        7
176
     1
 90
        7
176
     1
 40
1.0
176
     1
 90
        8
176
     1
 62
     7
176
     1
 40
1.0
176
     1
 90
        1
176
     1
 90
        6
176
     1
 90
        2
176
     1
 62
     7
176
     1
 90
        5
176
     1
 90
        0
176
     1
 90
        0
176
     1
290
     0
176
     1
 90
        1
176
     1
 40
0.0
176
     1
 90
        0
176
     1
290
     0
176
     1
290
     1
176
     1
290
     1
176
     1
290
     0
176
     1
290
     0
176
     1
290
     0
176
     1
290
     0
176
     1
290
     0
176
     1
290
     0
176
     1
 90
       50
176
     1
 40
0.0
176
     1
 40
1.0
176
     1
 90
        0
176
     1
 62
    18
420
        0
176
     1
 90
       50
176
     1
 90
        3
176
     1
 62
     5
420
      255
176
     1
290
     0
176
     1
 90
       50
176
     1
 90
       50
176
     1
 90
       50
176
     1
290
     0
176
     1
 90
       50
176
     1
 62
   256
176
     0
 40
1.0
176
     0
 90
        2
176
     1
  1
strokes_ogs.tif
176
     1
290
     0
176
     1
 40
1.0
176
     1
 40
1.0
176
     1
1001
ACAD
1000
AcDbSavedByObjectVersion
1070
     0
  0
VISUALSTYLE
  5
1E5
102
{ACAD_REACTORS
330
EF
102
}
330
EF
100
AcDbVisualStyle
  2
OverhangOff
 70
    21
177
     3
291
     1
 70
    58
 90
        2
176
     0
 90
        2
176
     0
 90
        0
176
     0
 90
        0
176
     0
 40
0.6
176
     0
 40
30.0
176
     0
 62
     7
420
 16777215
176
     0
 90
        1
176
     0
 90
        4
176
     0
 62
     7
176
     0
 62
   257
176
     0
 90
        1
176
     0
 90
        1
176
     0
 40
1.0
176
     0
 90
        9
176
     2
 62
     7
176
     0
 40
1.0
176
     0
 90
        1
176
     0
 90
        6
176
     0
 90
        2
176
     0
 62
     7
176
     0
 90
        5
176
     0
 90
        0
176
     0
 90
        0
176
     0
290
     0
176
     0
 90
        1
176
     0
 40
0.0
176
     0
 90
        0
176
     0
290
     0
176
     1
290
     1
176
     1
290
     1
176
     1
290
     0
176
     1
290
     0
176
     1
290
     0
176
     1
290
     0
176
     1
290
     0
176
     1
290
     0
176
     1
 90
       50
176
     1
 40
0.0
176
     1
 40
1.0
176
     1
 90
        0
176
     1
 62
    18
420
        0
176
     1
 90
       50
176
     1
 90
        3
176
     1
 62
     5
420
      255
176
     1
290
     0
176
     1
 90
       50
176
     1
 90
       50
176
     1
 90
       50
176
     1
290
     0
176
     1
 90
       50
176
     1
 62
   256
176
     0
 40
1.0
176
     0
 90
        2
176
     1
  1
strokes_ogs.tif
176
     1
290
     0
176
     1
 40
1.0
176
     1
 40
1.0
176
     1
1001
ACAD
1000
AcDbSavedByObjectVersion
1070
     0
  0
VISUALSTYLE
  5
F9
102
{ACAD_REACTORS
330
EF
102
}
330
EF
100
AcDbVisualStyle
  2
Realistic
 70
     8
177
     3
291
     0
 70
    58
 90
        2
176
     1
 90
        3
176
     1
 90
        0
176
     1
 90
        2
176
     1
 40
0.6
176
     1
 40
30.0
176
     1
 62
     7
420
 16777215
176
     1
 90
        0
176
     1
 90
        0
176
     1
 62
     7
176
     1
 62
   257
176
     1
 90
        1
176
     1
 90
        1
176
     1
 40
1.0
176
     1
 90
        8
176
     1
 62
   257
176
     1
 40
1.0
176
     1
 90
        1
176
     1
 90
        6
176
     1
 90
        2
176
     1
 62
     7
176
     1
 90
        3
176
     1
 90
        0
176
     1
 90
        0
176
     1
290
     0
176
     1
 90
       13
176
     1
 40
0.0
176
     1
 90
        0
176
     1
290
     0
176
     1
290
     1
176
     1
290
     1
176
     1
290
     0
176
     1
290
     0
176
     1
290
     0
176
     1
290
     0
176
     1
290
     0
176
     1
290
     0
176
     1
 90
       50
176
     1
 40
0.0
176
     1
 40
1.0
176
     1
 90
        0
176
     1
 62
    18
420
        0
176
     1
 90
       50
176
     1
 90
        3
176
     1
 62
     5
420
      255
176
     1
290
     0
176
     1
 90
       50
176
     1
 90
       50
176
     1
 90
       50
176
     1
290
     0
176
     1
 90
       50
176
     1
 62
   256
176
     0
 40
1.0
176
     0
 90
        2
176
     1
  1
strokes_ogs.tif
176
     1
290
     0
176
     1
 40
1.0
176
     1
 40
1.0
176
     1
1001
ACAD
1000
AcDbSavedByObjectVersion
1070
     0
  0
VISUALSTYLE
  5
1F3
102
{ACAD_REACTORS
330
EF
102
}
330
EF
100
AcDbVisualStyle
  2
Shaded
 70
    27
177
     3
291
     0
 70
    58
 90
        2
176
     1
 90
        2
176
     1
 90
        1
176
     1
 90
        2
176
     1
 40
0.6
176
     1
 40
30.0
176
     1
 62
     7
420
 16777215
176
     1
 90
        0
176
     1
 90
        4
176
     1
 62
     7
176
     1
 62
   257
176
     1
 90
        1
176
     1
 90
        1
176
     1
 40
1.0
176
     1
 90
        8
176
     1
 62
   257
176
     1
 40
1.0
176
     1
 90
        1
176
     1
 90
        6
176
     1
 90
        2
176
     1
 62
     8
420
  7895160
176
     1
 90
        3
176
     1
 90
        0
176
     1
 90
        0
176
     1
290
     0
176
     1
 90
        5
176
     1
 40
0.0
176
     1
 90
        0
176
     1
290
     0
176
     1
290
     1
176
     1
290
     1
176
     1
290
     0
176
     1
290
     0
176
     1
290
     0
176
     1
290
     0
176
     1
290
     0
176
     1
290
     0
176
     1
 90
       50
176
     1
 40
0.0
176
     1
 40
1.0
176
     1
 90
        0
176
     1
 62
    18
420
        0
176
     1
 90
       50
176
     1
 90
        3
176
     1
 62
     5
420
      255
176
     1
290
     0
176
     1
 90
       50
176
     1
 90
       50
176
     1
 90
       50
176
     1
290
     0
176
     1
 90
       50
176
     1
 62
   256
176
     0
 40
1.0
176
     0
 90
        2
176
     1
  1
strokes_ogs.tif
176
     1
290
     0
176
     1
 40
1.0
176
     1
 40
1.0
176
     1
1001
ACAD
1000
AcDbSavedByObjectVersion
1070
     0
  0
VISUALSTYLE
  5
1F2
102
{ACAD_REACTORS
330
EF
102
}
330
EF
100
AcDbVisualStyle
  2
Shaded with edges
 70
    26
177
     3
291
     0
 70
    58
 90
        2
176
     1
 90
        2
176
     1
 90
        1
176
     1
 90
        2
176
     1
 40
0.6
176
     1
 40
30.0
176
     1
 62
     7
420
 16777215
176
     1
 90
        1
176
     1
 90
        2
176
     1
 62
     7
176
     1
 62
   257
176
     1
 90
        2
176
     1
 90
        1
176
     1
 40
1.0
176
     1
 90
        8
176
     1
 62
   257
176
     1
 40
1.0
176
     1
 90
        1
176
     1
 90
        6
176
     1
 90
        2
176
     1
 62
     7
176
     1
 90
        3
176
     1
 90
        0
176
     1
 90
        0
176
     1
290
     0
176
     1
 90
        5
176
     1
 40
0.0
176
     1
 90
        0
176
     1
290
     0
176
     1
290
     1
176
     1
290
     1
176
     1
290
     0
176
     1
290
     0
176
     1
290
     0
176
     1
290
     0
176
     1
290
     0
176
     1
290
     0
176
     1
 90
       50
176
     1
 40
0.0
176
     1
 40
1.0
176
     1
 90
        0
176
     1
 62
    18
420
        0
176
     1
 90
       50
176
     1
 90
        3
176
     1
 62
     5
420
      255
176
     1
290
     0
176
     1
 90
       50
176
     1
 90
       50
176
     1
 90
       50
176
     1
290
     0
176
     1
 90
       50
176
     1
 62
   256
176
     0
 40
1.0
176
     0
 90
        2
176
     1
  1
strokes_ogs.tif
176
     1
290
     0
176
     1
 40
1.0
176
     1
 40
1.0
176
     1
1001
ACAD
1000
AcDbSavedByObjectVersion
1070
     0
  0
VISUALSTYLE
  5
1EF
102
{ACAD_REACTORS
330
EF
102
}
330
EF
100
AcDbVisualStyle
  2
Shades of Gray
 70
    23
177
     3
291
     0
 70
    58
 90
        2
176
     1
 90
        2
176
     1
 90
        3
176
     1
 90
        0
176
     1
 40
0.6
176
     1
 40
30.0
176
     1
 62
     7
420
 16777215
176
     1
 90
        2
176
     1
 90
        2
176
     1
 62
     7
176
     1
 62
     7
176
     1
 90
        1
176
     1
 90
        1
176
     1
 40
40.0
176
     1
 90
        8
176
     1
 62
     7
176
     1
 40
1.0
176
     1
 90
        1
176
     1
 90
        6
176
     1
 90
        2
176
     1
 62
     7
176
     1
 90
        3
176
     1
 90
        0
176
     1
 90
        0
176
     1
290
     0
176
     1
 90
        1
176
     1
 40
0.0
176
     1
 90
        0
176
     1
290
     0
176
     1
290
     1
176
     1
290
     1
176
     1
290
     0
176
     1
290
     0
176
     1
290
     0
176
     1
290
     0
176
     1
290
     0
176
     1
290
     0
176
     1
 90
       50
176
     1
 40
0.0
176
     1
 40
1.0
176
     1
 90
        0
176
     1
 62
    18
420
        0
176
     1
 90
       50
176
     1
 90
        3
176
     1
 62
     5
420
      255
176
     1
290
     0
176
     1
 90
       50
176
     1
 90
       50
176
     1
 90
       50
176
     1
290
     0
176
     1
 90
       50
176
     1
 62
   256
176
     0
 40
1.0
176
     0
 90
        2
176
     1
  1
strokes_ogs.tif
176
     1
290
     0
176
     1
 40
1.0
176
     1
 40
1.0
176
     1
1001
ACAD
1000
AcDbSavedByObjectVersion
1070
     0
  0
VISUALSTYLE
  5
1F0
102
{ACAD_REACTORS
330
EF
102
}
330
EF
100
AcDbVisualStyle
  2
Sketchy
 70
    24
177
     3
291
     0
 70
    58
 90
        1
176
     1
 90
        2
176
     1
 90
        2
176
     1
 90
        0
176
     1
 40
0.6
176
     1
 40
30.0
176
     1
 62
     7
420
 16777215
176
     1
 90
        2
176
     1
 90
        2
176
     1
 62
     7
176
     1
 62
     7
176
     1
 90
        1
176
     1
 90
        1
176
     1
 40
40.0
176
     1
 90
       11
176
     1
 62
     7
176
     1
 40
1.0
176
     1
 90
        1
176
     1
 90
        6
176
     1
 90
        2
176
     1
 62
     7
176
     1
 90
        6
176
     1
 90
        0
176
     1
 90
        0
176
     1
290
     0
176
     1
 90
        1
176
     1
 40
0.0
176
     1
 90
        0
176
     1
290
     0
176
     1
290
     1
176
     1
290
     1
176
     1
290
     0
176
     1
290
     0
176
     1
290
     0
176
     1
290
     0
176
     1
290
     0
176
     1
290
     0
176
     1
 90
       50
176
     1
 40
0.0
176
     1
 40
1.0
176
     1
 90
        0
176
     1
 62
    18
420
        0
176
     1
 90
       50
176
     1
 90
        3
176
     1
 62
     5
420
      255
176
     1
290
     0
176
     1
 90
       50
176
     1
 90
       50
176
     1
 90
       50
176
     1
290
     0
176
     1
 90
       50
176
     1
 62
   256
176
     0
 40
1.0
176
     0
 90
        2
176
     1
  1
strokes_ogs.tif
176
     1
290
     0
176
     1
 40
1.0
176
     1
 40
1.0
176
     1
1001
ACAD
1000
AcDbSavedByObjectVersion
1070
     0
  0
VISUALSTYLE
  5
FC
102
{ACAD_REACTORS
330
EF
102
}
330
EF
100
AcDbVisualStyle
  2
Thicken
 70
    13
177
     3
291
     1
 70
    58
 90
        2
176
     1
 90
        2
176
     1
 90
        1
176
     1
 90
        0
176
     1
 40
0.6
176
     1
 40
30.0
176
     1
 62
     7
420
 16777215
176
     1
 90
        1
176
     1
 90
        4
176
     1
 62
     7
176
     1
 62
   257
176
     1
 90
        1
176
     1
 90
        1
176
     1
 40
1.0
176
     1
 90
       12
176
     1
 62
     7
176
     1
 40
1.0
176
     1
 90
        1
176
     1
 90
        6
176
     1
 90
        2
176
     1
 62
     7
176
     1
 90
        5
176
     1
 90
        0
176
     1
 90
        0
176
     1
290
     0
176
     1
 90
        1
176
     1
 40
0.0
176
     1
 90
        0
176
     1
290
     0
176
     1
290
     1
176
     1
290
     1
176
     1
290
     0
176
     1
290
     0
176
     1
290
     0
176
     1
290
     0
176
     1
290
     0
176
     1
290
     0
176
     1
 90
       50
176
     1
 40
0.0
176
     1
 40
1.0
176
     1
 90
        0
176
     1
 62
    18
420
        0
176
     1
 90
       50
176
     1
 90
        3
176
     1
 62
     5
420
      255
176
     1
290
     0
176
     1
 90
       50
176
     1
 90
       50
176
     1
 90
       50
176
     1
290
     0
176
     1
 90
       50
176
     1
 62
   256
176
     0
 40
1.0
176
     0
 90
        2
176
     1
  1
strokes_ogs.tif
176
     1
290
     0
176
     1
 40
1.0
176
     1
 40
1.0
176
     1
1001
ACAD
1000
AcDbSavedByObjectVersion
1070
     0
  0
VISUALSTYLE
  5
F6
102
{ACAD_REACTORS
330
EF
102
}
330
EF
100
AcDbVisualStyle
  2
Wireframe
 70
     5
177
     3
291
     0
 70
    58
 90
        0
176
     1
 90
        2
176
     1
 90
        0
176
     1
 90
        0
176
     1
 40
0.6
176
     1
 40
30.0
176
     1
 62
     7
420
 16777215
176
     1
 90
        1
176
     1
 90
        4
176
     1
 62
     7
176
     1
 62
   257
176
     1
 90
        1
176
     1
 90
        1
176
     1
 40
1.0
176
     1
 90
        0
176
     1
 62
   257
176
     1
 40
1.0
176
     1
 90
        1
176
     1
 90
        6
176
     1
 90
        2
176
     1
 62
     7
176
     1
 90
        3
176
     1
 90
        0
176
     1
 90
        0
176
     1
290
     0
176
     1
 90
        1
176
     1
 40
0.0
176
     1
 90
        0
176
     1
290
     0
176
     1
290
     1
176
     1
290
     1
176
     1
290
     0
176
     1
290
     0
176
     1
290
     0
176
     1
290
     0
176
     1
290
     0
176
     1
290
     0
176
     1
 90
       50
176
     1
 40
0.0
176
     1
 40
1.0
176
     1
 90
        0
176
     1
 62
    18
420
        0
176
     1
 90
       50
176
     1
 90
        3
176
     1
 62
     5
420
      255
176
     1
290
     0
176
     1
 90
       50
176
     1
 90
       50
176
     1
 90
       50
176
     1
290
     0
176
     1
 90
       50
176
     1
 62
   256
176
     0
 40
1.0
176
     0
 90
        2
176
     1
  1
strokes_ogs.tif
176
     1
290
     0
176
     1
 40
1.0
176
     1
 40
1.0
176
     1
1001
ACAD
1000
AcDbSavedByObjectVersion
1070
     0
  0
VISUALSTYLE
  5
1F1
102
{ACAD_REACTORS
330
EF
102
}
330
EF
100
AcDbVisualStyle
  2
X-Ray
 70
    25
177
     3
291
     0
 70
    58
 90
        2
176
     1
 90
        2
176
     1
 90
        1
176
     1
 90
        1
176
     1
 40
0.5
176
     1
 40
30.0
176
     1
 62
     7
420
 16777215
176
     1
 90
        1
176
     1
 90
        0
176
     1
 62
     7
176
     1
 62
   257
176
     1
 90
        1
176
     1
 90
        1
176
     1
 40
1.0
176
     1
 90
        8
176
     1
 62
     7
176
     1
 40
1.0
176
     1
 90
        1
176
     1
 90
        6
176
     1
 90
        2
176
     1
 62
     7
176
     1
 90
        3
176
     1
 90
        0
176
     1
 90
        0
176
     1
290
     0
176
     1
 90
       13
176
     1
 40
0.0
176
     1
 90
        0
176
     1
290
     0
176
     1
290
     1
176
     1
290
     1
176
     1
290
     0
176
     1
290
     0
176
     1
290
     0
176
     1
290
     0
176
     1
290
     0
176
     1
290
     0
176
     1
 90
       50
176
     1
 40
0.0
176
     1
 40
1.0
176
     1
 90
        0
176
     1
 62
    18
420
        0
176
     1
 90
       50
176
     1
 90
        3
176
     1
 62
     5
420
      255
176
     1
290
     0
176
     1
 90
       50
176
     1
 90
       50
176
     1
 90
       50
176
     1
290
     0
176
     1
 90
       50
176
     1
 62
   256
176
     0
 40
1.0
176
     0
 90
        2
176
     1
  1
strokes_ogs.tif
176
     1
290
     0
176
     1
 40
1.0
176
     1
 40
1.0
176
     1
1001
ACAD
1000
AcDbSavedByObjectVersion
1070
     0
  0
DICTIONARYVAR
  5
146
102
{ACAD_REACTORS
330
5E
102
}
330
5E
100
DictionaryVariables
280
     0
  1
1:1
  0
DICTIONARYVAR
  5
259
102
{ACAD_REACTORS
330
5E
102
}
330
5E
100
DictionaryVariables
280
     0
  1
3.500000
  0
DICTIONARYVAR
  5
25A
102
{ACAD_REACTORS
330
5E
102
}
330
5E
100
DictionaryVariables
280
     0
  1
acadiso.lin
  0
DICTIONARYVAR
  5
145
102
{ACAD_REACTORS
330
5E
102
}
330
5E
100
DictionaryVariables
280
     0
  1
STANDARD
  0
DICTIONARYVAR
  5
84
102
{ACAD_REACTORS
330
5E
102
}
330
5E
100
DictionaryVariables
280
     0
  1
STANDARD
  0
DICTIONARYVAR
  5
227
102
{ACAD_REACTORS
330
5E
102
}
330
5E
100
DictionaryVariables
280
     0
  1
Metric50
  0
DICTIONARYVAR
  5
228
102
{ACAD_REACTORS
330
5E
102
}
330
5E
100
DictionaryVariables
280
     0
  1
Metric50
  0
DICTIONARYVAR
  5
5F
102
{ACAD_REACTORS
330
5E
102
}
330
5E
100
DictionaryVariables
280
     0
  1
2
  0
DICTIONARYVAR
  5
63
102
{ACAD_REACTORS
330
5E
102
}
330
5E
100
DictionaryVariables
280
     0
  1
1
  0
DICTIONARYVAR
  5
1AE
102
{ACAD_REACTORS
330
5E
102
}
330
5E
100
DictionaryVariables
280
     0
  1
0
  0
DICTIONARYVAR
  5
1AF
102
{ACAD_REACTORS
330
5E
102
}
330
5E
100
DictionaryVariables
280
     0
  1
0
  0
DICTIONARY
  5
9009
102
{ACAD_REACTORS
330
9007
102
}
330
9007
100
AcDbDictionary
281
     1
  0
DICTIONARY
  5
9008
102
{ACAD_REACTORS
330
9007
102
}
330
9007
100
AcDbDictionary
281
     1
  3
2053425712032
350
9002
  3
2053425712048
350
9003
  3
2053425712064
350
9004
  3
2053425712080
350
9005
  3
2053425712096
350
9006
  0
XRECORD
  5
5F5B
102
{ACAD_XDICTIONARY
360
5F5C
102
}
102
{ACAD_REACTORS
330
200
102
}
330
200
100
AcDbXrecord
280
     1
 91
      535
301

290
     0
302
Calque1
330
3C56
 90
        8
 62
   150
370
     5
331
16
  1
Color_150
440
        0
330
34B4
 90
        8
 62
     7
370
    -3
331
34B3
  1
Color_7
440
        0
330
2E6D
 90
        0
 62
     7
370
     5
331
16
  1
Color_7
440
        0
330
1B14
 90
        8
 62
    40
370
     5
331
16
  1
Color_40
440
        0
330
1A3E
 90
        8
 62
    10
370
     5
331
16
  1
Color_10
440
        0
330
1299
 90
        8
 62
   251
370
     5
331
16
  1
Color_251
440
        0
330
100A
 90
        8
 62
    90
370
     5
331
16
  1
Color_90
440
        0
330
2B9
 90
        8
 62
     1
370
     5
331
16
  1
Color_1
440
        0
330
2B8
 90
        8
 62
    30
370
     5
331
16
  1
Color_30
440
        0
330
295
 90
        8
 62
   150
370
     5
331
16
  1
Color_150
440
        0
330
10
 90
        8
 62
     7
370
     5
331
16
  1
Color_7
440
        0
  0
DICTIONARY
  5
9010
330
34B6
100
AcDbDictionary
280
     1
281
     1
  3
ACAD_XREC_ROUNDTRIP
360
9011
  0
DICTIONARY
  5
900C
330
21C
100
AcDbDictionary
280
     1
281
     1
  3
ACAD_XREC_ROUNDTRIP
360
900D
  0
DICTIONARY
  5
205
330
22
100
AcDbDictionary
280
     1
281
     1
  0
DICTIONARY
  5
1F9
330
ED
100
AcDbDictionary
280
     1
281
     1
  3
FBXASSET
360
1FA
  0
DICTIONARY
  5
1F7
330
EC
100
AcDbDictionary
280
     1
281
     1
  3
FBXASSET
360
1F8
  0
DICTIONARY
  5
173
330
EE
100
AcDbDictionary
280
     1
281
     1
  3
BUMPTILE
360
175
  3
DIFFUSETILE
360
174
  3
FBXASSET
360
1FB
  3
OPACITYTILE
360
176
  3
REFLECTIONTILE
360
177
  0
DICTIONARY
  5
900E
330
34B5
100
AcDbDictionary
280
     1
281
     1
  3
ACAD_XREC_ROUNDTRIP
360
900F
  0
DICTIONARY
  5
900A
330
21A
100
AcDbDictionary
280
     1
281
     1
  3
ACAD_XREC_ROUNDTRIP
360
900B
  0
DICTIONARY
  5
162
330
7F
100
AcDbDictionary
280
     1
281
     1
  3
ACAD_ROUNDTRIP_2008_TABLESTYLE_CELLSTYLEMAP
360
8FC6
  0
XRECORD
  5
9002
102
{ACAD_REACTORS
330
9008
102
}
330
9008
100
AcDbXrecord
280
     1
  1
AcDb_Thumbnail_Schema
102
{ATTRRECORD
341
9003
  2
AcDbDs::TreatedAsObjectData
280
     1
291
     1
102
ATTRRECORD}
102
{ATTRRECORD
341
9004
  2
AcDbDs::Legacy
280
     1
291
     1
102
ATTRRECORD}
  2
AcDbDs::ID
280
    10
 91
        8
102
{ATTRRECORD
341
9005
  2
AcDs:Indexable
280
     1
291
     1
102
ATTRRECORD}
102
{ATTRRECORD
341
9006
  2
AcDbDs::HandleAttribute
280
     7
282
     1
102
ATTRRECORD}
  2
Thumbnail_Data
280
    15
 91
        0
  0
XRECORD
  5
9003
102
{ACAD_REACTORS
330
9008
102
}
330
9008
100
AcDbXrecord
280
     1
  1
AcDbDs::TreatedAsObjectDataSchema
  2
AcDbDs::TreatedAsObjectData
280
     1
 91
        0
  0
XRECORD
  5
9004
102
{ACAD_REACTORS
330
9008
102
}
330
9008
100
AcDbXrecord
280
     1
  1
AcDbDs::LegacySchema
  2
AcDbDs::Legacy
280
     1
 91
        0
  0
XRECORD
  5
9005
102
{ACAD_REACTORS
330
9008
102
}
330
9008
100
AcDbXrecord
280
     1
  1
AcDbDs::IndexedPropertySchema
  2
AcDs:Indexable
280
     1
 91
        0
  0
XRECORD
  5
9006
102
{ACAD_REACTORS
330
9008
102
}
330
9008
100
AcDbXrecord
280
     1
  1
AcDbDs::HandleAttributeSchema
  2
AcDbDs::HandleAttribute
280
     7
 91
        1
284
     1
  0
DICTIONARY
  5
5F5C
330
5F5B
100
AcDbDictionary
280
     1
281
     1
  3
AcadLayerStateAnnoScale
360
5F5D
  0
XRECORD
  5
9011
102
{ACAD_REACTORS
330
9010
102
}
330
9010
100
AcDbXrecord
280
     1
102
DISPLAYNAME
  1
Imperial24
102
FLAGS
 90
        0
  0
XRECORD
  5
900D
102
{ACAD_REACTORS
330
900C
102
}
330
900C
100
AcDbXrecord
280
     1
102
DISPLAYNAME
  1
Metric50
102
FLAGS
 90
        0
  0
XRECORD
  5
1FA
102
{ACAD_REACTORS
330
1F9
102
}
330
1F9
100
AcDbXrecord
280
     1
 70
     1
 90
429727718
  1
D62C5603-E3A1-4AEA-B7FB-FE5D8D0755AF
310
504B03040A0000080000CC70623B3DEE336E79000000790000001B0000006175746F6465736B2D64657369676E2D7061636B6167652E786D6C3C3F786D6C2076657273696F6E3D22312E302220656E636F64696E673D227574662D3822203F3E3C666F726D6174733E3C666F726D61743E687474703A2F2F736368656D612E
310
6175746F6465736B2E636F6D2F64657369676E2D7061636B6167652F323030393C2F666F726D61743E3C2F666F726D6174733E504B0304140006080800CC70623BD486FD9CA0000000F4000000130000005B436F6E74656E745F54797065735D2E786D6C7D8EC10E82300C865F65E91D8A1E8C310C0EEA1BF002731658846E
310
D98AC1B77784ABF1D8FE5FBFBF75BBCE937A534CCEB38643598122B6FEE978D0B0485F9C41B54DDD7D022595594E1A469170414C76A4D9A4D207E29CF43ECE46F218070CC6BECC4078ACAA135ACF422C856C0E68EA1BF5669944DDD7BCDE7B1F8E415D77AECB980613C2E4AC91FC167A2B244592486606FC29C8FD7F045B9A
310
EF7053A7E60B504B0304140006080800CC70623B853B8169EB0000007C01000008000000636F72652E786D6C8D90416EC3201045AF62CDB6C206821CC7C244919D9CA01740401C94182C03558F5F9C3852BBEB6A467FFE9B197D7EFC9E1EC5975982F5AE035262288C535E5B377690E21535501C055FBC8FBF6C503839990E
310
5619041F179FE64D52DE45E362569DD7661365082642A11EB9E920A89B99642953CC8E702F67A9EE7234257977194EC9EAE275C4EABCCF5EAD5940D4AC6F0E35A568B8F43562CD7046CD199FD07E60174276A7BE677B5EADB0E0D14EEFFB6A31321A0D82627C4084204C3F096B71DD52F6819B16635EADF63F509AF53FA164
310
5DDCD1EDDD17164090FCC8732078B56691CB33A85CD7DCC40F504B0304140006080800CC70623B55019EA25F0000007C00000007000000636E782E786D6C4DCB3B0E80201045D1AD90E915ED2CF8AC45050C11660C8261F98AB1B07AC9C97D42D718D865D3E909258CFD00CCE24AC6E326A164D74DC0B4128928FF32603847
310
2BA13128B1252AC747C6BAB984FC68F0B87FE8960A5C09FE86CFB69FBA01504B0304140006080800CC70623BDBABAAF470010000D40300000C0000006662782F636F72652E786D6CC553D16E823014FD95A6AF4B694182CC941A83FA05FB810A9511A125A5257EFE2E82712ECEB8A7F100CD39F7F69E734AF9FADC366850B6
310
AF8DCE7018308C942E4C59EB2AC3DE1D498AD15A706B8CFB56869196ADCAF00863C12B6B7C374385D14E6907A836A59A41D9F7CA615434B0C8705F7CAA5606D23BA8E84F41278B93AC54100640439DE0BDB320004D43C63716C7C399D30917DCFBBA9CD9BA8469F5B156168B24CED3F7248AC8769F27244EB73B92EED8862C
310
B7F13E0C179B3C8F979C8ECD82BBBABDAA2BAC924E9558448CBD9330242CFA08E3154B5651FCC6D215639C8EE5774DBE2B5F6CF2B5768B68963BB5F5588420E442FC700B1139D4CB01F450C1E918227C2E09DF070D8140C84E1E9AAB8F1340832A9CB13130A5F1376A908D57309505ECF2A0DF179C4E9D30F5B239B87E3823
310
7A79C6F31DE1A8A5AEC08474B03C7837EAE4938639B44E5932B833D2C6B6B279CDC613877FA26EE21F4A2A4C63EC7F29A2F301D1F9F7A0E37D145F504B0304140006080800CC70623B9C113CC27E0000009D0000000B0000006662782F636E782E786D6C4DCCDF0A83201C86E15B91DFB94BFB330DD428C8FB886521330DA7
310
6397BF1A1DECE883878F57749FCDA1B7892F1BBC047A23808C7F84D9FA55424E0BE6803A256208E9EF06C84F9B91703228B1C690F78B66B34CD9A5439DF5CF0BFBF65E35BCA1B8D6A5C6F540381E886698B5741C695F9503EBA150A2F8958E3DC3EA0B504B0304140006080800CC70623B7DF2F77C2A010000120200003100
310
00006662782F41393633353835312D344632462D344230382D423046372D3739314545314133324237412F636F72652E786D6C8D51DB8EC22014FC15C2939B0D2DB4B45643319AE817EC0F6041255A68B86CFCFC856D4D76DF7CE190393373060EDB3DC707F856CE6B6B7A480A0C81328395DA5C7B18C3057510EC3873D686
310
3F34088C18550F330C39BB3A1BA7051AAC09CA84841A2BD5020AEF55806078A44B0FFD7053A328440C89E1EFC52486BBB8AA8214A99D789CF9E05200300FC927E4FB4D5B375D43103D5527440FB843077C5AA3F5861C8F645F5787F59E95B390B318B55CE45AA638FAA2957BD7248B390B7A7CC51F9C124149C82B8C378810
310
84AB2F42B7B8DD56F413775B8C5999E9FF4471926F8AA236A1AE96B8B3CC434E5839373893369E1FAF30EA395917409EB7F26AF8801C171837A4A6AC9C89E9F9C9B1A58BA30FD6A5EF5DDDCF894B9AD9B6A59C957943A9FCAE2FD5BC4DFE03504B0304140006080800CC70623BAD7543B64E01000033030000300000006662
310
782F41393633353835312D344632462D344230382D423046372D3739314545314133324237412F636E782E786D6CD593CD6EC32010845F0571AD6CE3D48AD20813A9873E410FBD12D82434182C7EAAE6EDBB2424CD25871E7B41D6EC30B3FA84F9E67BB2E40B4234DE8DB46F1925E094D7C6ED479AD3AE5951B2113C789FEE
310
6C943839C1488B4C05DF079FE72A69D8C96C13AAD6B8631503449F83828872B949AC57D26200B826A308D316B4064D6E46FCDA41C05550DC9E483A00797BFD207EFB092A45DE9514C1BBD22178396BD39D891265658C238DEA00936C654E5E433CB65A26D9F6EDB5EBC14EBF49A45CB856E66048291F6939A9A81BB5C89177
310
38143CA680F4AA299D66A042CEB3354A2684DC9D8D178FE0D9B8B41CAAD720F880EE7EF93C0C18769E099ECC04D5A102C8049A8A05632F4DDF376CF1DE0F6BB65C2F8627B65A33C6BB62177CEBBDAD973006829F89F22E814B54F4BC2BE347F8AA8F681390B50FA73F804400B5F542E796F19FF974E7F78DB802FE05E20750
310
4B0304140006080800CC70623BE75B7789680500003C100000340000006662782F41393633353835312D344632462D344230382D423046372D3739314545314133324237412F6F626A656374732E786D6CAD575B8F9B3818FD2B887D06C22499CB8AA1CA655245D5B455A356FB305264C061D8018C6C3393D95FBFC7600890
310
A4CD5EF210B0B1BFEBF98E3F7B1FF6596ABC522E1296DF9BAE3D320D9A872C4AF2F8DE2CE5CEBA358D0FBEC719939D65A691938CDE9B6ADAF4BD98B3B2D05311DD91329583D9D5FC0F438434A7A611A644887B5384CF34233629258BA878B12322891DEFF6B66BD70BFB62634E8AE781D082709A4B588AF91C528CDA28B73F
310
1C998EEF39EABBEFA97FBD6A7C7E9553F9D3D79FE442923C3C523610337627CB87ABE99D359D4CC6D6E4FACAB5E6ABF9D2726FC6A3C5F56271377BB88362213924694B38DD99FE47C48627A1E7D49F5A8BB5E1A74C0A599ED3B0F21F1E56366B89112D681E218F0915D0D6F17AD41FBA2A369DCF6335D62ABBD39779D5DDD1
310
11D4D8DE3CBB96B2E04FB8202E41051754A1AA8E8F76B4C6DFE810B580B1547F4B84911149794252234D024EF8BBE963A95AE27B3D310A9D5C215C7960FAEE415ED75694C6AFB17BCACA5D99A60A9AA65F217B0BFC53292ACB92BF283FAD0D3621576592CB5BED907C2FA8E9DF794E35E97BEA31BED21FEB401ABB94C44839
310
DCACBF0E1C5DA8DA5B2F4DFFD32AD86F543D9E565E7056502E157C00AD2671CD534549AB752FCA9CDA00677A313F04E51B22FF19E57B300579E3C97EB29F682D92935CEC18CF901B7B54FD8C51F362B56FC72FE0B3C1EAE335EDCCBF5AEC39ADB17DC238973F804BA5E6F6BFE7AF1FB32E523BE9F3BD571418E3631DCA4D48
310
5250CF639223210A9446CA30052EDF057BD35F8329C1ECD84552BF0DC8D18BE7BCE23BFE6BD960AB4A7DE79923A103BEBD80F911CBAA2C60DB19B01CF164A5583B772EE6D3FFA56666CBCDA74DC97724A48F9A58967497E489C4D979006FD7A05E227A1EBDD0F737C623387A9C844D3709995625106D157315F8B8392CD4E0
310
A0B9A720C4BE9829CEF37EA1E13111214D53925356365ADA634861B52519DD27A00AEB808EAF0628E6F435519D446F45CF2C9CF5214F0A15B2F6D06B79DA3EE3CBF7F56780D2F4E7EF73A0F5E5B02A38D07DC852C6B7C1FBB6664213E0C39E3EBA7FF4E1AD23EA2829407C85E586727488B751B2DB9502BC7B228A3FD68B6E
310
A65A22397E690AA8D158D7E404EC8CDA235CC3B7D1898680131CEC2CDF2638C65196279577750F15884AEE19F94199155B92B13297978469D4F8D358DF0AEF7631E28DC8F0D9F437D5D39A83B2231A1D52D543813A824EF8D44BCFF2FA6A31BD1E8DAD87F1CCB526B3879935BF59CDADD5C37479BB1CDD4CA7B3556B516589
310
EF352754B706114D9C885EC9131DE6EFEB43D99AFE2391C2F958179413D7CFEF6B1B6DB1E7600F00DE6E5C67454A339A4BA2E0FBA85ED26F045D454F463DBFCE484C2F90F2E5E3666003662ED8F755951A7D1BECD5B30B550B2785C8E7320B7292A4838DDA71BBC863ED7613CAF659337A3354231D4FF4A182A54904C2898C
310
98B28C4AD0CE056CCF332A80986E571EE9DBC305BB5FEB7E509220A58D25CF042D712A806AC0AD0C657FDEF80D2D9CEAA2EE4D1C76F60BFE74219A06527D6F82DF6412526107381E55E353090704D085B52408A8913C4ED159D79BDA71BB4BC506F4831350EB6F975CD22D69BF7AC49B91A2C0A9DDA3D5CA36AD20FC478E37
310
E61844E2352865EBCB61A275A65283CAAA9DD27703B4102F5AF51EF5F573B75CBB5AD38BC845F7A49F82A0966A49C2E3EA5EA0ECD326CD965F1DB402C6FA8B51A4658C5C5E2EC9E214602E55810345408596591009A82E7E7FFACA19EEA299B14A0081A705CB3296EBC14CDF658DCD336EA6D1136881AAEB87B81AB9EE53D5
310
F5EB8BC8362082DA24122F98680A4E7930C01A0079749CEA14382A0783E5EBA5A10F8C098456A03D6A4AEB6BB881E2513747552A5DB22C7EDAF83BD5528081A365F7FF06504B0304140006080000CC70623B000000000000000000000000350000006662782F41393633353835312D344632462D344230382D423046372D37
310
39314545314133324237412F76657274696365732E62696E504B0304140006080800CC70623BF270F1330600000004000000360000006662782F41393633353835312D344632462D344230382D423046372D3739314545314133324237412F747269616E676C65732E62696E636660600000504B0304140006080000CC7062
310
3B000000000000000000000000370000006662782F41393633353835312D344632462D344230382D423046372D3739314545314133324237412F617474726962757465732E62696E504B0304140006080800CC70623B08DA0BD19000000041010000360000006662782F41393633353835312D344632462D344230382D4230
310
46372D3739314545314133324237412F6469726563746F72792E786D6C858F410AC3201045AF22B36F53E9A60B35CBEEBAE80D244E44489C6234F4F835464A48035D0DF398FF9F8AF63D0E6CC63039F212F8F9020C7D47C6792B21C5FE7403D62A1188E2E60C98D7234A5830286103A55745067B9D86B8A3CF9C7F90C11DE6
310
07FB144396D7B6A82D282E9A152AD114D5EF2CB866EEE831B8EEA07A7BB5A8D7D61A2BAAEB7FD5F70921FF497D00504B0304140006080800CC70623BEDD1DC58FD000000A00100003B0000006662782F41393633353835312D344632462D344230382D423046372D3739314545314133324237412F7265736F75726365732F
310
636F72652E786D6C8D504B6E833010BD0A9A6D65B00922041947112427E8052C33A156828DFCA97AFC9A40A576D7CDCCE87D344F8F9FBFE667F689CE6B6B3A6039850C8DB2A336530731DC4903D95970676DF82583CCC8193B5861107C72362E3BA4AC096842428D1D7107A5F7182053CF7474E0D507CE32973124857FE48B
310
540F3961CEF244279DE03EB81420DB9EAC1384436FA353E879B1B182C7A8C75DA3C7F453DF353A1075D537A7BA6464B8F535A99AE14A9A2BBD90E350DD183B5CFABE3AF262350B1EF4FC9351399401471025A527C218A1E53BAB5A5AB765F5469B96525EACF23FA6B88CFF34456DC2A1DCE36E360F82A5202F42F062ED2BAD
310
579969AFDD8A6F504B010214000A0000080000CC70623B3DEE336E79000000790000001B00000000000000000000000000000000006175746F6465736B2D64657369676E2D7061636B6167652E786D6C504B01021400140006080800CC70623BD486FD9CA0000000F40000001300000000000000000000000000B20000005B
310
436F6E74656E745F54797065735D2E786D6C504B01021400140006080800CC70623B853B8169EB0000007C010000080000000000000000000000000083010000636F72652E786D6C504B01021400140006080800CC70623B55019EA25F0000007C000000070000000000000000000000000094020000636E782E786D6C504B
310
01021400140006080800CC70623BDBABAAF470010000D40300000C00000000000000000000000000180300006662782F636F72652E786D6C504B01021400140006080800CC70623B9C113CC27E0000009D0000000B00000000000000000000000000B20400006662782F636E782E786D6C504B01021400140006080800CC70
310
623B7DF2F77C2A010000120200003100000000000000000000000000590500006662782F41393633353835312D344632462D344230382D423046372D3739314545314133324237412F636F72652E786D6C504B01021400140006080800CC70623BAD7543B64E010000330300003000000000000000000000000000D2060000
310
6662782F41393633353835312D344632462D344230382D423046372D3739314545314133324237412F636E782E786D6C504B01021400140006080800CC70623BE75B7789680500003C10000034000000000000000000000000006E0800006662782F41393633353835312D344632462D344230382D423046372D3739314545
310
314133324237412F6F626A656374732E786D6C504B01021400140006080000CC70623B0000000000000000000000003500000000000000000000000000280E00006662782F41393633353835312D344632462D344230382D423046372D3739314545314133324237412F76657274696365732E62696E504B01021400140006
310
080800CC70623BF270F133060000000400000036000000000000000000000000007B0E00006662782F41393633353835312D344632462D344230382D423046372D3739314545314133324237412F747269616E676C65732E62696E504B01021400140006080000CC70623B0000000000000000000000003700000000000000
310
000000000000D50E00006662782F41393633353835312D344632462D344230382D423046372D3739314545314133324237412F617474726962757465732E62696E504B01021400140006080800CC70623B08DA0BD1900000004101000036000000000000000000000000002A0F00006662782F41393633353835312D344632
310
462D344230382D423046372D3739314545314133324237412F6469726563746F72792E786D6C504B01021400140006080800CC70623BEDD1DC58FD000000A00100003B000000000000000000000000000E1000006662782F41393633353835312D344632462D344230382D423046372D3739314545314133324237412F7265
310
736F75726365732F636F72652E786D6C504B0506000000000E000E0080040000641100000000
  0
XRECORD
  5
1F8
102
{ACAD_REACTORS
330
1F7
102
}
330
1F7
100
AcDbXrecord
280
     1
 70
     1
 90
429727718
  1
30362254-06B7-45E0-A893-8CFA70E3D6BC
310
504B03040A0000080000CC70623B3DEE336E79000000790000001B0000006175746F6465736B2D64657369676E2D7061636B6167652E786D6C3C3F786D6C2076657273696F6E3D22312E302220656E636F64696E673D227574662D3822203F3E3C666F726D6174733E3C666F726D61743E687474703A2F2F736368656D612E
310
6175746F6465736B2E636F6D2F64657369676E2D7061636B6167652F323030393C2F666F726D61743E3C2F666F726D6174733E504B0304140006080800CC70623BD486FD9CA0000000F4000000130000005B436F6E74656E745F54797065735D2E786D6C7D8EC10E82300C865F65E91D8A1E8C310C0EEA1BF002731658846E
310
D98AC1B77784ABF1D8FE5FBFBF75BBCE937A534CCEB38643598122B6FEE978D0B0485F9C41B54DDD7D022595594E1A469170414C76A4D9A4D207E29CF43ECE46F218070CC6BECC4078ACAA135ACF422C856C0E68EA1BF5669944DDD7BCDE7B1F8E415D77AECB980613C2E4AC91FC167A2B244592486606FC29C8FD7F045B9A
310
EF7053A7E60B504B0304140006080800CC70623B1EC5D7A3EB0000007C01000008000000636F72652E786D6C8D90416EC3201045AF82665B6103C6756C6122AB4D4ED00B204C5C94182C03558F5F9C3852BBEB6A467FFE9B197D71FC9E6FE8CBACC17AD7032D0820E3B41FAD9B7A48F1820F808E52ACDEC75F36404ECDA687
310
4D0629A6D5A76597B477D1B89855E747B38B2A041301E95B6E7A08FAD3CCAA50296647B8168BD2573599823EBB0CA76447F43862C7BCCF5EAC59410E4DDD9C7973C2755553CCCFA4C603E3040F1565ED3B1FDE4E432BCA0D9622DAF9795FAF464533826484B498524CD807E51D79ED187F21878E10516EF63F505AC67F42C9
310
BA58B1FDDD071640D2FCC87D2045B96591CB3DA85CB7DCE40F504B0304140006080800CC70623B55019EA25F0000007C00000007000000636E782E786D6C4DCB3B0E80201045D1AD90E915ED2CF8AC45050C11660C8261F98AB1B07AC9C97D42D718D865D3E909258CFD00CCE24AC6E326A164D74DC0B4128928FF32603847
310
2BA13128B1252AC747C6BAB984FC68F0B87FE8960A5C09FE86CFB69FBA01504B0304140006080800CC70623B8C9102E971010000D40300000C0000006662782F636F72652E786D6CC5535B6E833010BC8AE5DF0A6C08340F1947A84D4ED00B38C6A128602363A31CBFCB234A53A551FA553EC09AD9F5CE8C31DB9E9B1AF5CA
310
7695D1198E428A91D2D214952E33ECDD315861B4E5CC1AE3BE9561A445A3323CC098B3D21ADFCE9034DA29ED00D5A6503328BA4E398C640D8B0C77F253352214DE4145770A5B214FA2546114020D759C75CE8200340D19DE981F0F6746269C33EFAB6266AB02A655C74A59CCF365BADC27CB5D902ED22848F6340DF238A141
310
BE88E2F57B92BFEDF23523433367AE6A2EEAA455C2A902F398D2751045018D3FA264435F3771F242571B4A1919CA6F9A7C5B3CD9E42BED16F12C776AEB308F40C848FC700B1139D4891EF410CEC810227CC6846F8386402064270EF5C5C709A05E49676C024C61FC95EA45ED154CA5211D1FF4FB8291A913A68E9B83EBBB33
310
E2A7673CDE118E5AE8124C0807CB8377834E366998436B950D7A7746DAD846D4CFD978E0F04FD455FC5D49D2D4C6FE9722321F10997F0F32DC47FE05504B0304140006080800CC70623BFFEA85907E0000009D0000000B0000006662782F636E782E786D6C4DCCD10A83201886E15B91FFDC95D95A811AB6F23E625948A6C3
310
E9D8E5AF46073BFAE0E1E365ED67B3E8ADC3CB78C7815C7240DA3DFC64DCC221C519D7805AC182F7F1EF06C88D9BE6703008B6049F9E274D7A1E938DBB5AE3D6131B2589BA0D3D965551E0B2EA732C9B9A624AAEB41E3A557677029960D9AFB4EF11165F504B0304140006080800CC70623B4FEEA4082C0100001202000031
310
0000006662782F39464131463745442D413632322D343644302D413938332D3331353338454246344243312F636F72652E786D6C8D515B6EC32010BC0AE2AB55850DD871ED0813254D72825EC00192A2C460F1A872FC42ED48ED5F7E00CDCECCCEB26C731F6FE05B39AFADE921293004CA082BB5B9F43086336A21D870E6AC
310
0D7F68109861543DCC30E4ECE26C9C164858139409093556AA051CBC570102714B8F1E7AF1A5C6A11862480C7F2DA6415C878B2A4891CA89C7990F2E050073937C42DE1DB7E4F87ED8A36D4329AA9B3D46DBAEAD504556557BD81DEBDD0761E52CE42C462D17B996298E3E6BE59E35C962CE821E1FF18553435012728A7187
310
0841987E927A8D9B35ADDF70BBC6989599FE4F1427F9A4286A132ABAC49D651EF234CD5CE04CDA78BA3DC2A8FB645D00B9DF8B57E215725C60BCA2A463E54C4CE327C7A65E1C7DB02E7DEFCBF594B864C5CA6CDBD49C957943E9FA5D5FBAF336F90F504B0304140006080800CC70623BAD7543B64E01000033030000300000
310
006662782F39464131463745442D413632322D343644302D413938332D3331353338454246344243312F636E782E786D6CD593CD6EC32010845F0571AD6CE3D48AD20813A9873E410FBD12D82434182C7EAAE6EDBB2424CD25871E7B41D6EC30B3FA84F9E67BB2E40B4234DE8DB46F1925E094D7C6ED479AD3AE5951B2113C
310
789FEE6C943839C1488B4C05DF079FE72A69D8C96C13AAD6B8631503449F83828872B949AC57D26200B826A308D316B4064D6E46FCDA41C05550DC9E483A00797BFD207EFB092A45DE9514C1BBD22178396BD39D891265658C238DEA00936C654E5E433CB65A26D9F6EDB5EBC14EBF49A45CB856E66048291F6939A9A81BB5
310
C8917738143CA680F4AA299D66A042CEB3354A2684DC9D8D178FE0D9B8B41CAAD720F880EE7EF93C0C18769E099ECC04D5A102C8049A8A05632F4DDF376CF1DE0F6BB65C2F8627B65A33C6BB62177CEBBDAD973006829F89F22E814B54F4BC2BE347F8AA8F681390B50FA73F804400B5F542E796F19FF974E7F78DB802FE05
310
E207504B0304140006080800CC70623B16AB87BA640500003C100000340000006662782F39464131463745442D413632322D343644302D413938332D3331353338454246344243312F6F626A656374732E786D6CAD575B6FA33818FD2B887DE6924B3BED8A326A92B68A663B534DD4D13E548A0C38942D60649B369D5FBFC7
310
600890A493BDE42160637FD7F31D7FF63E6FB3D478A55C242CBF3247B66B1A340F5994E4F19559CA8D75611A9F7D8F33263BCB4C232719BD32D5B4E97B316765A1A722BA21652A07B3B7B33F0D11D29C9A46981221AE4C113ED38CD8A4942CA2E2C58E882476BCD9DA23BB5ED8171B73523C0F841684D35CC252CCE79062D4
310
468DFA43D7747CCF51DF7D4FFDEB5593E3AB9CCA9FBEFE241792E4E19EB28198C968BAB8199F5D5A67D3E9C49A9E8F47D6EC76B6B0469F26EEFC7C3EBFBCBEB98462213924694B38DD98FE1D62C393D073EA4FADC5DAF04326852CCF6958F90F0F2B9BB5C48816348F90C7840A68EB78EDF68723159BCEE7891A6B95DDE9D3
310
BCEAEEE8086A6C6F9E5D4B59F0175C10A7A0820BAA5055C7473B5AE3CFDD452D602CD5DF12616444529E90D448938013FE6EFA58AA96F85E4F8C42275708571E98FE6827AF6B2B4AE3D7D83D64E5A64C53054DD3AF90BD06FEA9149565C94FCA0F6B834DC85599E4F2423B24DF0B6AFA979E534DFA9E7A4CC6FA631D486393
310
921829879BF5D781A373557BCB85E97FB90DB62B558F8795179C15944B051F40AB495CF35451D26A4727654E6D8033BD98EF82F21D91FF8AF2DD9982BCF1643BDD4EB516C9492E368C67C88DED563FC36D5EACF66DFF057C3658BDBFA69DF9578B3DA735B64F18C7F20770A9D45CFCF7FCF563D6456A277DBEF78A02637CA2
310
43B90A490AEAB94F72244481D24819A6C0E59B606BFA4B3025981DBB48EAB701D97BF19C577CC77F2D1B6C55A9EF3C732474C0B727303F625995056C3B02963D9EAC146BE78EC5FCEC7FA999EBC5EACBAAE41B12D27B4D2C0BBA49F244E2ECDC81B76B502F113D8F5EE8FB1BE3111CDD4FC2AA9B844CAB1288B68AB90A7CDC
310
1C166AB0D3DC5310625FCC14E779BFD0709F8890A629C9292B1B2DED31A4B0DA928CEE135085754027E3018A397D4D5427D15BD1330B677DC8934285AC3DF45A9EB68FF8F2B8FC0A509AFEECFD0FF2DE25CC6047F7214B195F07EFEB9A094D800F7BFAE8FED187B78EA8A3A400F115961BCAD1215E47C966530AF0EE8128FE
310
58CEBB996A8964FFA529A046635D9353B0336A8F700DDF46271A024E70B0B37C9DE01847591E54DED53D54202AB947E4076556AC49C6CA5C9E1226B7F1A7B1BE15DEED62C41B91E1B3E9AFAAA735036547343A925075041DF0A9979E893B391F8FCFA6967B3EFB644DCF6E5CEBFAE272625DCC6FAF3FB93793C5F90CE1EF57
310
407342756B10D1C489E8953CD1617E5CEECAD6F4EF8914CE5D5D504E5C3F1F9736DA62CFC11E00BCDDB8CC8A9466349744C1F75EBDA4DF09BA8A9E8C7A7E9991989E20E5DBDD6A6003664ED8F7A04A8DBE0DF6EAD9B9AA858342E47399053949D2C146EDB85DE4B176BB0965FBAC19BD19AA918E27FA50C1D22402E144464C
310
59462568E704B6E71915404CB72B8FF4EDE184DDAF753F284990D2C6926782963815403548A70C657FDEF80D2D9CEAA2AE4C1C76F60BFE74219A06527D6582DF6412526107381E55E353090704D085B52408D0933C4ED159D79BDA71BB4BC506F4831350EB6F979CD22D69BF7AC49B91A2C0A9DDA3D5CA36AD20FC478E37E6
310
1844E2352865EBCB6EA275A652E3836BE04EFB400BF1A2556F515F1FBB35B2AB35BD889C744FFA1004B5544B121E57F70215746DD2F5E2C1412B602CBF19455AC6C8E5E9922C4E01E65215385004546899059180EAFCF7A707CE7017CD8CDB0410789AB32C63B91E5CEBBBACB17AC6CD347A022D5075FD106377347AAABA7E
310
7D11590744509B44E205134DC1290F06580320F78E537D3D73540E06CB970B431F185308AD40BBD794D6D77003C5A36E8EAA54BA64597CD8F83BD552A080A365F7FF06504B0304140006080000CC70623B000000000000000000000000350000006662782F39464131463745442D413632322D343644302D413938332D3331
310
353338454246344243312F76657274696365732E62696E504B0304140006080800CC70623BF270F1330600000004000000360000006662782F39464131463745442D413632322D343644302D413938332D3331353338454246344243312F747269616E676C65732E62696E636660600000504B0304140006080000CC70623B
310
000000000000000000000000370000006662782F39464131463745442D413632322D343644302D413938332D3331353338454246344243312F617474726962757465732E62696E504B0304140006080800CC70623B08DA0BD19000000041010000360000006662782F39464131463745442D413632322D343644302D413938
310
332D3331353338454246344243312F6469726563746F72792E786D6C858F410AC3201045AF22B36F53E9A60B35CBEEBAE80D244E44489C6234F4F835464A48035D0DF398FF9F8AF63D0E6CC63039F212F8F9020C7D47C6792B21C5FE7403D62A1188E2E60C98D7234A5830286103A55745067B9D86B8A3CF9C7F90C11DE607
310
FB144396D7B6A82D282E9A152AD114D5EF2CB866EEE831B8EEA07A7BB5A8D7D61A2BAAEB7FD5F70921FF497D00504B0304140006080800CC70623B0D6EF93BFE000000A00100003B0000006662782F39464131463745442D413632322D343644302D413938332D3331353338454246344243312F7265736F75726365732F63
310
6F72652E786D6C8D50596E833010BD0A9ADFCA60B334011947A8694ED00B586642AC041B79A97AFC9A40A5F6AF3F33A3B7689E1E3F7DCD8FEC139DD7D6F4C0720A191A65476DA61E62B892236427C19DB5E1970C322367EC618541F0C9D9B8EC90B226A009093576C41D94DE63804C3DD2D18357379C652E63480A7FCF17A9
310
EE72C29CE5894E3AC17D702940B63D59270887DE46A7D0F36263058F518FBB468FE9A7BE6A7420864373B8D4873369AA8691FA421B3294352543C5CAF65C0F6FEF43CB8BD52C78D0F34F46E550061C419494B6843142CB0F5677F4B52BEB177AEC28E5C52AFF638ACBF84F53D42654E51E77B379102C05791282176B5F693D
310
CB4C7BED567C03504B010214000A0000080000CC70623B3DEE336E79000000790000001B00000000000000000000000000000000006175746F6465736B2D64657369676E2D7061636B6167652E786D6C504B01021400140006080800CC70623BD486FD9CA0000000F40000001300000000000000000000000000B20000005B
310
436F6E74656E745F54797065735D2E786D6C504B01021400140006080800CC70623B1EC5D7A3EB0000007C010000080000000000000000000000000083010000636F72652E786D6C504B01021400140006080800CC70623B55019EA25F0000007C000000070000000000000000000000000094020000636E782E786D6C504B
310
01021400140006080800CC70623B8C9102E971010000D40300000C00000000000000000000000000180300006662782F636F72652E786D6C504B01021400140006080800CC70623BFFEA85907E0000009D0000000B00000000000000000000000000B30400006662782F636E782E786D6C504B01021400140006080800CC70
310
623B4FEEA4082C0100001202000031000000000000000000000000005A0500006662782F39464131463745442D413632322D343644302D413938332D3331353338454246344243312F636F72652E786D6C504B01021400140006080800CC70623BAD7543B64E010000330300003000000000000000000000000000D5060000
310
6662782F39464131463745442D413632322D343644302D413938332D3331353338454246344243312F636E782E786D6C504B01021400140006080800CC70623B16AB87BA640500003C1000003400000000000000000000000000710800006662782F39464131463745442D413632322D343644302D413938332D3331353338
310
454246344243312F6F626A656374732E786D6C504B01021400140006080000CC70623B0000000000000000000000003500000000000000000000000000270E00006662782F39464131463745442D413632322D343644302D413938332D3331353338454246344243312F76657274696365732E62696E504B01021400140006
310
080800CC70623BF270F133060000000400000036000000000000000000000000007A0E00006662782F39464131463745442D413632322D343644302D413938332D3331353338454246344243312F747269616E676C65732E62696E504B01021400140006080000CC70623B0000000000000000000000003700000000000000
310
000000000000D40E00006662782F39464131463745442D413632322D343644302D413938332D3331353338454246344243312F617474726962757465732E62696E504B01021400140006080800CC70623B08DA0BD190000000410100003600000000000000000000000000290F00006662782F39464131463745442D413632
310
322D343644302D413938332D3331353338454246344243312F6469726563746F72792E786D6C504B01021400140006080800CC70623B0D6EF93BFE000000A00100003B000000000000000000000000000D1000006662782F39464131463745442D413632322D343644302D413938332D3331353338454246344243312F7265
310
736F75726365732F636F72652E786D6C504B0506000000000E000E0080040000641100000000
  0
XRECORD
  5
175
102
{ACAD_REACTORS
330
173
102
}
330
173
100
AcDbXrecord
280
     1
270
     1
271
     1
  0
XRECORD
  5
174
102
{ACAD_REACTORS
330
173
102
}
330
173
100
AcDbXrecord
280
     1
270
     1
271
     1
  0
XRECORD
  5
1FB
102
{ACAD_REACTORS
330
173
102
}
330
173
100
AcDbXrecord
280
     1
 70
     0
 90
1673772943
  1
ECE7A1D2-D628-4531-984C-D00F80459256
310
504B03040A0000080000CC70623B3DEE336E79000000790000001B0000006175746F6465736B2D64657369676E2D7061636B6167652E786D6C3C3F786D6C2076657273696F6E3D22312E302220656E636F64696E673D227574662D3822203F3E3C666F726D6174733E3C666F726D61743E687474703A2F2F736368656D612E
310
6175746F6465736B2E636F6D2F64657369676E2D7061636B6167652F323030393C2F666F726D61743E3C2F666F726D6174733E504B0304140006080800CC70623BD486FD9CA0000000F4000000130000005B436F6E74656E745F54797065735D2E786D6C7D8EC10E82300C865F65E91D8A1E8C310C0EEA1BF002731658846E
310
D98AC1B77784ABF1D8FE5FBFBF75BBCE937A534CCEB38643598122B6FEE978D0B0485F9C41B54DDD7D022595594E1A469170414C76A4D9A4D207E29CF43ECE46F218070CC6BECC4078ACAA135ACF422C856C0E68EA1BF5669944DDD7BCDE7B1F8E415D77AECB980613C2E4AC91FC167A2B244592486606FC29C8FD7F045B9A
310
EF7053A7E60B504B0304140006080800CC70623BD9DDAED0EC0000007C01000008000000636F72652E786D6C8D90416EC3201045AF82665B61836D9CD8C2444DD39CA01740405C94182C03558F5F9C3852BBEB6A467FFE9B197D7EF89E6EE8CB2CC17A37002D0820E394D7D68D03A478C17B4007C117EFE32F1B20272733C0
310
2A83E0E3E2D3BC49CABB685CCCAAF3DA6CA20CC14440EA969B0182FA34932C648AD911AEC52CD5558EA6A0CF2EC329598D1E47ACCEFBECC59A050463A7EA5833865FEBDD0E37353BE3EE8DBDE3F6786A48D375FBF6CC78B9C282473B3DEFABC5C86834888A900E538A49F5419B9EB47DD5BC907D4F082F57FB1F28CDFA9F50
310
B22ED6D5F6EE030B20687EE43E10BC5CB3C8E51E54AE6B6EE207504B0304140006080800CC70623B55019EA25F0000007C00000007000000636E782E786D6C4DCB3B0E80201045D1AD90E915ED2CF8AC45050C11660C8261F98AB1B07AC9C97D42D718D865D3E909258CFD00CCE24AC6E326A164D74DC0B4128928FF326038
310
472BA13128B1252AC747C6BAB984FC68F0B87FE8960A5C09FE86CFB69FBA01504B0304140006080800CC70623BA24EB22D72010000D40300000C0000006662782F636F72652E786D6CC5535B6E833010BC8AE5DF0A6C5E49888CA3A6694ED00B38E05014B091B1518EDFE511A5A9D228FD2A1F60CDEC7A67C6986DCE4D8D7A
310
69BA4AAB0C073EC548AA5C17952A33ECECD15B61B4E1CC686DBF9561A44423333CC098B3D268D7CE50AE9595CA02AA74216750749DB418E5352C32DCE59FB211BE70162ABA93DF8AFC244AE9073ED050C759670D0840D390E18DF9F1706664C23973AE2A66B62A605A75ACA4C13C4976E1364A12EF355A2EBD384AF65EFA96
310
BC7B8BED2EA6719AAE16FB8491A199335B351775B991C2CA02F390D2D40B028F861F41BCA68B7518BFD0D59A524686F29B26D7164F36B94AD9289CE54E6D1DE6010819891F6E21228B3AD1831EC219194284CF98F06DD01008846CC5A1BEF83801D4CBDC6A1303536877A57A513B0953A94FC707FDBE6064EA84A9E3E6E0FA
310
EE8CF0E9198F7784A316AA0413C2C2F2E0ECA0934D1AE6D05A69BCDE9E91D2A611F573361E38FC1375157F5752AE6B6DFE4B11990F88CCBF0719EE23FF02504B0304140006080800CC70623B408A7D3B7C0000009D0000000B0000006662782F636E782E786D6C4DCCD10A83201886E15B91FFDC552A92A0064DBC8F581632
310
D3703A76F9ABD1C18E3E78F878E5F0D9027ABBFCF2292AE86E2D20171F69F6715550CB827B40839639A5F2770314A7CD293819B45C73AAFB45B35BA61ACAA1C1C7E7855C58C15BC331339661262CC762340413D68D77DA5B42298546CBE6573AF60CEB2F504B0304140006080800CC70623B449FB9BD290100001202000031
310
0000006662782F36394639363044362D344446342D343946362D394244322D3234314243333846323333332F636F72652E786D6C8D515B6EC32010BC0AE22B55850D98B871848994463E412FE002495162B07854397EA176A4F62F3F2C9A9D991D587EB84F37F0AD7D30CEF6905418026DA553C65E7A98E219ED203808EE9D
310
8B7F6810D871D23D2C3014FCE25D9A57483A1BB58D19B54EE9151C43D0110279CB971E06F9A5A7B11A53CC8C70ADE6515EC78BAE4895DB992778883E0700CB907242D17643D7E2538BD869608875438BBAE38922CAC8F1BDD90DB4691A5E2F42C153326A951B95E398B3D1FE599322163C9AE9115F7A3D46ADA0A018778810
310
84E907617BDCEE297BC5BB3DC6BC2EF47FA234AB2745C9D8D8D035EE220B50105E2F0DC1954B9FB747187D9F9D8FA0CCDB042D5FA0C015C65B42DF78BD10F3F3B363CB56C7109DCFDFBBB97E662ED92EB62D13BC2E1BCAE5777DB9966D8A1F504B0304140006080800CC70623BAD7543B64E01000033030000300000006662
310
782F36394639363044362D344446342D343946362D394244322D3234314243333846323333332F636E782E786D6CD593CD6EC32010845F0571AD6CE3D48AD20813A9873E410FBD12D82434182C7EAAE6EDBB2424CD25871E7B41D6EC30B3FA84F9E67BB2E40B4234DE8DB46F1925E094D7C6ED479AD3AE5951B2113C789FEE
310
6C943839C1488B4C05DF079FE72A69D8C96C13AAD6B8631503449F83828872B949AC57D26200B826A308D316B4064D6E46FCDA41C05550DC9E483A00797BFD207EFB092A45DE9514C1BBD22178396BD39D891265658C238DEA00936C654E5E433CB65A26D9F6EDB5EBC14EBF49A45CB856E66048291F6939A9A81BB5C89177
310
38143CA680F4AA299D66A042CEB3354A2684DC9D8D178FE0D9B8B41CAAD720F880EE7EF93C0C18769E099ECC04D5A102C8049A8A05632F4DDF376CF1DE0F6BB65C2F8627B65A33C6BB62177CEBBDAD973006829F89F22E814B54F4BC2BE347F8AA8F681390B50FA73F804400B5F542E796F19FF974E7F78DB802FE05E20750
310
4B0304140006080800CC70623B8D05915C650500003B100000340000006662782F36394639363044362D344446342D343946362D394244322D3234314243333846323333332F6F626A656374732E786D6CAD575B6FA33814FE2B887D06429276DA1565D4266D158D3A339A6846FB502932E050B66023DB74D2FDF5FB190C01
310
9276B2973C046C8ECFF53B17071F77456EBD502133CEAE6CDF9DD81665314F32965ED995DA3A17B6F5310C04E7AA47665B8C14F4CAD6DB7618A48257A5D94AE89654B91AEDDEDDFC61C998326A5B714EA4BCB265FC440BE2924AF184CA6737218AB8E976E7FA6E4338649B0A523E8D98964450A6A029F619B8588D52FE7039
310
B1BD30F0F4F730D0FF866AF6369557DB33949F31A9088B0F848DD8CCFCF9F2767A76E99CCDE733677E3EF59D9BBB9BA5E37F984D16E78BC5E5F5ED25044B25C0C96822E8D60EEFE11B91C581D77CEA34368A1F5329E68CD1B8B61F16D63A1B8E092D294B10C78C4A48EB593D192E7DED9BDEE7995E1B91FDEDD3ACEA9FE831
310
6A756F9F7D4D79F4274C90A7A04248AA51D5F8C718DAE06FB2F75AC4796EBE65D22A88A22223B995679120E2D50E41AA49C260C046A35368846B0BECD0DFF3EBEB8AD4F835768F69B9ADF25C43D30E6B646F807FAA64AD59F61715C7A54127C4AACA98BA3006A9D792DAE165E0D59B61A01FB3A9F9D838D2DAE62445C86166
310
F37564E842E7DE6A69879FEEA2DD5AE7E371E1A5E025154AC307D06A03D73EB5978C58FFA4C8E9033066E0F3BD53BEC1F39F91BE7B55103791EDE6BBB991A2046172CB4581D8B893FA674DDA17A77B3B7C413D1B511FD2743BFF8A38F03A658705E3ADF8015C3A3417FF3D7E439FF591DA0B5F18BC20C1B8981957AE6392A3
310
F43C640C01D1A0B4728E2DD4F26DB4B3C3152A252A3B4E913CEC1C72F012782FF88EFF8637AA552DBEF76408E8A8DE9E50F9E1CB3A2DA0DB1B6039A893B56063DC5B3E3FFB5F72E67AB9FEB4AEC496C4F4C1149625DD662C53E89D7BF0F6151A046260D1337DFDC94502430F83B0EE07A130A224BCAD7DAE1D9FB6CD422FF6
310
920702629C4BB9AE79C12F243C6432A6794E18E5552BA56B431AAB5D91317302B2B071E86C3A42B1A02F999E24061403B5D0EB639195DA655DD3EBEAB4FB862DDF579F014AD0E73C22F99E28DA57FB98E75C6CA2D74D53086D600F4786E0FE3144B771A8A7B900F03594DB8A633CBC49B2EDB69228BB479CF863B5E807AAAB
310
23872F6DFEB4129B949CA33823F58830E86D65621E10047D9DB34D862E8EAC3C2ABC2F7B2C40D67CDFE01F5545B92105AF983AC54D93D69E56FB8E797F88913F898A9FEC705D3F9D1B54EC8426FB500D40A03BD0119B06E1B95DDC7EB8F6975367793EBD70E66733DFB9BC982F9CE564727731999F5D4ECFCE3B8D6A4DC2A0
310
6D50FD148437D110834A64C6CDDF57FBACB5C307A2A477DFE4939736CFEF2B175371E0E10CF0DD1D5C15654E0BCA14D1E87DD02FF93782A162C0A3D95F1524A52770F972BF1EE9809D13CE7DD599467F8ECE9ADD85CE85A34CD45355448C64F9E8A031DC2D596ACC6E5DD93D9B82DE2EF5CAF81363A8E47996A0DE24564A79
310
4115AACE09C55E14540231FDA13C319787134EBF34E3A022514E5B4D9E0826E25C02D5805B15ABE1BEF51B26383D445DD9E875EE33FE4C22DA16427D65A3BCA92CA6D28DD01DF5DC53330704308475351050232CCD31583787BA75774AFB06E5070DD0C8EF484E19968C5D83BA5B90B244D31E54D55A372320FE4786B7EA58
310
44E135AA5467CB7EA333A61683CC6A8C3257034C10CF46F40EF9F5BE59BE5BD30C3C72D235E95D10345C1D45445A5F0BB47E46A5EBE5570F9380B5FA629579952296A773720405982B9DE04011506178964401AA8BDF1FBF0A8EAB6861DD6580C0E38217056766716DAEB2D6FA0917D3E4116581EADB879C4E7CFFB11EFACD
310
3D641311495D92C8676CB409A72D18610D803CE8A626049E8EC1887CB5B44CC39883690DDA8399B4B9855B481E7D71D4A9D22F96E5BB73BF5793020C02137BF837504B0304140006080000CC70623B000000000000000000000000350000006662782F36394639363044362D344446342D343946362D394244322D32343142
310
43333846323333332F76657274696365732E62696E504B0304140006080800CC70623BF270F1330600000004000000360000006662782F36394639363044362D344446342D343946362D394244322D3234314243333846323333332F747269616E676C65732E62696E636660600000504B0304140006080000CC70623B0000
310
00000000000000000000370000006662782F36394639363044362D344446342D343946362D394244322D3234314243333846323333332F617474726962757465732E62696E504B0304140006080800CC70623B08DA0BD19000000041010000360000006662782F36394639363044362D344446342D343946362D394244322D
310
3234314243333846323333332F6469726563746F72792E786D6C858F410AC3201045AF22B36F53E9A60B35CBEEBAE80D244E44489C6234F4F835464A48035D0DF398FF9F8AF63D0E6CC63039F212F8F9020C7D47C6792B21C5FE7403D62A1188E2E60C98D7234A5830286103A55745067B9D86B8A3CF9C7F90C11DE607FB14
310
4396D7B6A82D282E9A152AD114D5EF2CB866EEE831B8EEA07A7BB5A8D7D61A2BAAEB7FD5F70921FF497D00504B0304140006080800CC70623BCA768048FE000000A00100003B0000006662782F36394639363044362D344446342D343946362D394244322D3234314243333846323333332F7265736F75726365732F636F72
310
652E786D6C8D50596E833010BD0A9ADFCA60D600328E9AA639412F609909B1126CE4A5EAF16B0295DABFFECC8CDEA2797AECF8353F924FB44E193D409E5248504B332A3D0D10FC95B4901C39B3C6F85F3248B49871801506CE266BC2B243D2688FDA47549B11775038871E12F988C7004EDE7016A9083E2ADC3D5D84BC8B09
310
D33C8D74D471E6BC8D0192EDC93A815B742658898E651BCB59086ADC356A8C3FD555A1055ED7E7E254D615792D0F075295F585746FF53B694EE78A565DD736979A65AB9933AFE69F8CD2A2F038022F28ED489E135A7CE4554F9BBEA85E68DB53CAB255FEC71496F19FA6A0B42F8B3DEE6673C0F318E4497096AD7DC5F52C33
310
EEB55BFE0D504B010214000A0000080000CC70623B3DEE336E79000000790000001B00000000000000000000000000000000006175746F6465736B2D64657369676E2D7061636B6167652E786D6C504B01021400140006080800CC70623BD486FD9CA0000000F40000001300000000000000000000000000B20000005B436F
310
6E74656E745F54797065735D2E786D6C504B01021400140006080800CC70623BD9DDAED0EC0000007C010000080000000000000000000000000083010000636F72652E786D6C504B01021400140006080800CC70623B55019EA25F0000007C000000070000000000000000000000000095020000636E782E786D6C504B0102
310
1400140006080800CC70623BA24EB22D72010000D40300000C00000000000000000000000000190300006662782F636F72652E786D6C504B01021400140006080800CC70623B408A7D3B7C0000009D0000000B00000000000000000000000000B50400006662782F636E782E786D6C504B01021400140006080800CC70623B
310
449FB9BD290100001202000031000000000000000000000000005A0500006662782F36394639363044362D344446342D343946362D394244322D3234314243333846323333332F636F72652E786D6C504B01021400140006080800CC70623BAD7543B64E010000330300003000000000000000000000000000D20600006662
310
782F36394639363044362D344446342D343946362D394244322D3234314243333846323333332F636E782E786D6C504B01021400140006080800CC70623B8D05915C650500003B10000034000000000000000000000000006E0800006662782F36394639363044362D344446342D343946362D394244322D32343142433338
310
46323333332F6F626A656374732E786D6C504B01021400140006080000CC70623B0000000000000000000000003500000000000000000000000000250E00006662782F36394639363044362D344446342D343946362D394244322D3234314243333846323333332F76657274696365732E62696E504B010214001400060808
310
00CC70623BF270F13306000000040000003600000000000000000000000000780E00006662782F36394639363044362D344446342D343946362D394244322D3234314243333846323333332F747269616E676C65732E62696E504B01021400140006080000CC70623B00000000000000000000000037000000000000000000
310
00000000D20E00006662782F36394639363044362D344446342D343946362D394244322D3234314243333846323333332F617474726962757465732E62696E504B01021400140006080800CC70623B08DA0BD190000000410100003600000000000000000000000000270F00006662782F36394639363044362D344446342D
310
343946362D394244322D3234314243333846323333332F6469726563746F72792E786D6C504B01021400140006080800CC70623BCA768048FE000000A00100003B000000000000000000000000000B1000006662782F36394639363044362D344446342D343946362D394244322D3234314243333846323333332F7265736F
310
75726365732F636F72652E786D6C504B0506000000000E000E0080040000621100000000
  0
XRECORD
  5
176
102
{ACAD_REACTORS
330
173
102
}
330
173
100
AcDbXrecord
280
     1
270
     1
271
     1
  0
XRECORD
  5
177
102
{ACAD_REACTORS
330
173
102
}
330
173
100
AcDbXrecord
280
     1
270
     1
271
     1
  0
XRECORD
  5
900F
102
{ACAD_REACTORS
330
900E
102
}
330
900E
100
AcDbXrecord
280
     1
102
DISPLAYNAME
  1
Imperial24
102
FLAGS
 90
        0
  0
XRECORD
  5
900B
102
{ACAD_REACTORS
330
900A
102
}
330
900A
100
AcDbXrecord
280
     1
102
DISPLAYNAME
  1
Metric50
102
FLAGS
 90
        0
  0
CELLSTYLEMAP
  5
8FC6
102
{ACAD_REACTORS
330
162
102
}
330
162
100
AcDbCellStyleMap
 90
        3
300
CELLSTYLE
  1
TABLEFORMAT_BEGIN
 90
        5
170
     1
 91
        0
 92
    32768
 62
   257
 93
        1
300
CONTENTFORMAT
  1
CONTENTFORMAT_BEGIN
 90
        0
 91
        0
 92
      512
 93
        0
300

 40
0.0
140
1.0
 94
        5
 62
     0
340
11
144
6.0
309
CONTENTFORMAT_END
171
     1
301
MARGIN
  1
CELLMARGIN_BEGIN
 40
1.5
 40
1.5
 40
1.5
 40
1.5
 40
4.5
 40
4.5
309
CELLMARGIN_END
 94
        6
 95
        1
302
GRIDFORMAT
  1
GRIDFORMAT_BEGIN
 90
        0
 91
        1
 62
     0
 92
       -2
340
14
 93
        0
 40
1.125
309
GRIDFORMAT_END
 95
        2
302
GRIDFORMAT
  1
GRIDFORMAT_BEGIN
 90
        0
 91
        1
 62
     0
 92
       -2
340
14
 93
        0
 40
1.125
309
GRIDFORMAT_END
 95
        4
302
GRIDFORMAT
  1
GRIDFORMAT_BEGIN
 90
        0
 91
        1
 62
     0
 92
       -2
340
14
 93
        0
 40
1.125
309
GRIDFORMAT_END
 95
        8
302
GRIDFORMAT
  1
GRIDFORMAT_BEGIN
 90
        0
 91
        1
 62
     0
 92
       -2
340
14
 93
        0
 40
1.125
309
GRIDFORMAT_END
 95
       16
302
GRIDFORMAT
  1
GRIDFORMAT_BEGIN
 90
        0
 91
        1
 62
     0
 92
       -2
340
14
 93
        0
 40
1.125
309
GRIDFORMAT_END
 95
       32
302
GRIDFORMAT
  1
GRIDFORMAT_BEGIN
 90
        0
 91
        1
 62
     0
 92
       -2
340
14
 93
        0
 40
1.125
309
GRIDFORMAT_END
309
TABLEFORMAT_END
  1
CELLSTYLE_BEGIN
 90
        1
 91
        1
300
_TITLE
309
CELLSTYLE_END
300
CELLSTYLE
  1
TABLEFORMAT_BEGIN
 90
        5
170
     1
 91
        0
 92
        0
 62
   257
 93
        1
300
CONTENTFORMAT
  1
CONTENTFORMAT_BEGIN
 90
        0
 91
        0
 92
      512
 93
        0
300

 40
0.0
140
1.0
 94
        5
 62
     0
340
11
144
4.5
309
CONTENTFORMAT_END
171
     1
301
MARGIN
  1
CELLMARGIN_BEGIN
 40
1.5
 40
1.5
 40
1.5
 40
1.5
 40
4.5
 40
4.5
309
CELLMARGIN_END
 94
        6
 95
        1
302
GRIDFORMAT
  1
GRIDFORMAT_BEGIN
 90
        0
 91
        1
 62
     0
 92
       -2
340
14
 93
        0
 40
1.125
309
GRIDFORMAT_END
 95
        2
302
GRIDFORMAT
  1
GRIDFORMAT_BEGIN
 90
        0
 91
        1
 62
     0
 92
       -2
340
14
 93
        0
 40
1.125
309
GRIDFORMAT_END
 95
        4
302
GRIDFORMAT
  1
GRIDFORMAT_BEGIN
 90
        0
 91
        1
 62
     0
 92
       -2
340
14
 93
        0
 40
1.125
309
GRIDFORMAT_END
 95
        8
302
GRIDFORMAT
  1
GRIDFORMAT_BEGIN
 90
        0
 91
        1
 62
     0
 92
       -2
340
14
 93
        0
 40
1.125
309
GRIDFORMAT_END
 95
       16
302
GRIDFORMAT
  1
GRIDFORMAT_BEGIN
 90
        0
 91
        1
 62
     0
 92
       -2
340
14
 93
        0
 40
1.125
309
GRIDFORMAT_END
 95
       32
302
GRIDFORMAT
  1
GRIDFORMAT_BEGIN
 90
        0
 91
        1
 62
     0
 92
       -2
340
14
 93
        0
 40
1.125
309
GRIDFORMAT_END
309
TABLEFORMAT_END
  1
CELLSTYLE_BEGIN
 90
        2
 91
        1
300
_HEADER
309
CELLSTYLE_END
300
CELLSTYLE
  1
TABLEFORMAT_BEGIN
 90
        5
170
     1
 91
        0
 92
        0
 62
   257
 93
        1
300
CONTENTFORMAT
  1
CONTENTFORMAT_BEGIN
 90
        0
 91
        0
 92
      512
 93
        0
300

 40
0.0
140
1.0
 94
        2
 62
     0
340
11
144
4.5
309
CONTENTFORMAT_END
171
     1
301
MARGIN
  1
CELLMARGIN_BEGIN
 40
1.5
 40
1.5
 40
1.5
 40
1.5
 40
4.5
 40
4.5
309
CELLMARGIN_END
 94
        6
 95
        1
302
GRIDFORMAT
  1
GRIDFORMAT_BEGIN
 90
        0
 91
        1
 62
     0
 92
       -2
340
14
 93
        0
 40
1.125
309
GRIDFORMAT_END
 95
        2
302
GRIDFORMAT
  1
GRIDFORMAT_BEGIN
 90
        0
 91
        1
 62
     0
 92
       -2
340
14
 93
        0
 40
1.125
309
GRIDFORMAT_END
 95
        4
302
GRIDFORMAT
  1
GRIDFORMAT_BEGIN
 90
        0
 91
        1
 62
     0
 92
       -2
340
14
 93
        0
 40
1.125
309
GRIDFORMAT_END
 95
        8
302
GRIDFORMAT
  1
GRIDFORMAT_BEGIN
 90
        0
 91
        1
 62
     0
 92
       -2
340
14
 93
        0
 40
1.125
309
GRIDFORMAT_END
 95
       16
302
GRIDFORMAT
  1
GRIDFORMAT_BEGIN
 90
        0
 91
        1
 62
     0
 92
       -2
340
14
 93
        0
 40
1.125
309
GRIDFORMAT_END
 95
       32
302
GRIDFORMAT
  1
GRIDFORMAT_BEGIN
 90
        0
 91
        1
 62
     0
 92
       -2
340
14
 93
        0
 40
1.125
309
GRIDFORMAT_END
309
TABLEFORMAT_END
  1
CELLSTYLE_BEGIN
 90
        3
 91
        2
300
_DATA
309
CELLSTYLE_END
  0
XRECORD
  5
5F5D
102
{ACAD_REACTORS
330
5F5C
102
}
330
5F5C
100
AcDbXrecord
280
     1
330
10D
  0
ENDSEC
  0
SECTION
  2
ACDSDATA
 70
     2
 71
     8
  0
ACDSSCHEMA
 90
        0
  1
AcDb_Thumbnail_Schema
  2
AcDbDs::ID
280
    10
 91
        8
  2
Thumbnail_Data
280
    15
 91
        0
101
ACDSRECORD
 95
        0
 90
        1
  2
AcDbDs::TreatedAsObjectData
280
     1
291
     1
101
ACDSRECORD
 95
        0
 90
        2
  2
AcDbDs::Legacy
280
     1
291
     1
101
ACDSRECORD
  1
AcDbDs::ID
 90
        3
  2
AcDs:Indexable
280
     1
291
     1
101
ACDSRECORD
  1
AcDbDs::ID
 90
        4
  2
AcDbDs::HandleAttribute
280
     7
282
     1
  0
ACDSSCHEMA
 90
        1
  1
AcDbDs::TreatedAsObjectDataSchema
  2
AcDbDs::TreatedAsObjectData
280
     1
 91
        0
  0
ACDSSCHEMA
 90
        2
  1
AcDbDs::LegacySchema
  2
AcDbDs::Legacy
280
     1
 91
        0
  0
ACDSSCHEMA
 90
        3
  1
AcDbDs::IndexedPropertySchema
  2
AcDs:Indexable
280
     1
 91
        0
  0
ACDSSCHEMA
 90
        4
  1
AcDbDs::HandleAttributeSchema
  2
AcDbDs::HandleAttribute
280
     7
 91
        1
284
     1
  0
ACDSRECORD
 90
        0
  2
AcDbDs::ID
280
    10
320
22
  2
Thumbnail_Data
280
    15
 94
     2024
310
89504E470D0A1A0A0000000D49484452000001000000007508030000009634CF9200000300504C5445212830FFFFFF2128300000000000000000000000000000000000000000000000000000330000660000990000CC0000FF0033000033330033660033990033CC0033FF0066000066330066660066990066CC0066FF0099
310
000099330099660099990099CC0099FF00CC0000CC3300CC6600CC9900CCCC00CCFF00FF0000FF3300FF6600FF9900FFCC00FFFF3300003300333300663300993300CC3300FF3333003333333333663333993333CC3333FF3366003366333366663366993366CC3366FF3399003399333399663399993399CC3399FF33CC00
310
33CC3333CC6633CC9933CCCC33CCFF33FF0033FF3333FF6633FF9933FFCC33FFFF6600006600336600666600996600CC6600FF6633006633336633666633996633CC6633FF6666006666336666666666996666CC6666FF6699006699336699666699996699CC6699FF66CC0066CC3366CC6666CC9966CCCC66CCFF66FF0066
310
FF3366FF6666FF9966FFCC66FFFF9900009900339900669900999900CC9900FF9933009933339933669933999933CC9933FF9966009966339966669966999966CC9966FF9999009999339999669999999999CC9999FF99CC0099CC3399CC6699CC9999CCCC99CCFF99FF0099FF3399FF6699FF9999FFCC99FFFFCC0000CC00
310
33CC0066CC0099CC00CCCC00FFCC3300CC3333CC3366CC3399CC33CCCC33FFCC6600CC6633CC6666CC6699CC66CCCC66FFCC9900CC9933CC9966CC9999CC99CCCC99FFCCCC00CCCC33CCCC66CCCC99CCCCCCCCCCFFCCFF00CCFF33CCFF66CCFF99CCFFCCCCFFFFFF0000FF0033FF0066FF0099FF00CCFF00FFFF3300FF3333
310
FF3366FF3399FF33CCFF33FFFF6600FF6633FF6666FF6699FF66CCFF66FFFF9900FF9933FF9966FF9999FF99CCFF99FFFFCC00FFCC33FFCC66FFCC99FFCCCCFFCCFFFFFF00FFFF33FFFF66FFFF99FFFFCCFFFFFF0000000D0D0D1A1A1A2828283535354343435050505D5D5D6B6B6B787878868686939393A1A1A1AEAEAEBB
310
BBBBC9C9C9D6D6D6E4E4E4F1F1F1FFFFFF0000000000000000000000000000000000000000000000000000000000002E4550F10000038D4944415478DAED9CEB75C3200C85B58716F0FE0364806CE201FCBF8D836DC453761FB12ED2393D188A9DF2198480DB10FDB34DC1C8CDACCD4A3B5155DC747F00D5D2E56D1BA65AD5
310
D3CFBE1D8025B11280B5206ACF5EB770AF0370000EC014009F0554A53399990596AD8FFE318056DFFF2480F0B72C342880D0F065EF0A7F3B04EA8DFFF010380D207993B3E84E0E200170EF594009606BF05C7C97735A2601141E66AE073800012075E66D27686008F4A7C1B4079C99056659A9967EAC072C9A404802E0D70F
310
73B8EA03589F3E874F99C3C745E971715B1300F8D5780E160108B93100EC106200930000B5184A86C061D4EA0173C8ACBF985F1528A4327F5C58012006400CE02101847BD69AEF8403802CCF96001097013CD21EF0BE879306332C002E03D8BA3C274340E6C9A40FE800007582F12C10039878AA39C1F0A689A433DCEAB2A1
310
4DD1230EA0340EC802A18E13DC53B2E603782F6F4482DFD5719DA0662D2001C44E8FCD3B413500D448500DC0C06AF05F00C085C244CFD52480A80C3E143E0720727AC5F4B83003E0B9D901E019979557839643E164B46B010C74383A45061F0A974A1F912186C23F0280E004F7A69E10489400980D85BB3DA0B01A7485C8AF
310
3CDB01DC12C0457D00500F289D0E0F0FA0AE13840370EE781C02C04FF40180002ECC0277D5093A80EB00F80C8065E91330762EA05788E00138A910113B28722FCD3080D2D9204F8F1280D73A270180A31011EF2E134854DEAC7D1FA015480C07A0A212031449D12900703239D20A24500128A741DC2DB1A3A13D8548C8883D
310
4F71281AE5E11422B94AAC9D222E86E28311AE4864F6724800EF4C5323C4264F87CF01287479CAF390FA005C8D901240B707905127A8D50748275896C6D87082C968CF01E4FA804428D99905C8FAD1580B00421CD00590EB03B08492170124A17033853B1D9642C9D80952E2044D0D812B0A9142284CD642E10B3DA0AF1122
310
910706F01EE4331596C5566701A54042EDFFD9DA2CA0051039416A3B4186144800ED07149A9AE903AA007A42497B4E502B901829146E6E88884A36FF65E60A00E07F9F5FF78399DB00B02C3D18598FC7D623B2A8BDF260640800AD6F900006A0FB06096400C7F12825001E8300105FA1521148C003E8E903C61C02C3CC02DB
310
24D81048605A340DE65FA4344C20A4D30760FB00C55AC001380007000C40A10F7000C80034020907801B09964A7381C46000727D8003180B007A1CB0B70C48EEE3E6E6E6E6E6E636B27D01C8DF073F1FA730E60000000049454E44AE426082141E518119EB6CBC6CCC890528620CEEEE0DE2686F303C4ED604CBA66BE95AB9
310
1A517AA96973B4EE8FB714EAEEF09B1406F70788B36815A70CEF0FA8C39B46C1E4FE00E50E11F1A4761F6C043844C1E60E91FA1EA1AE009641F0760ADD5CAEB44E87B3F8AFA340E397E9D0A8AFA630BEFF900E8DFA6A0A7F5E00B537A8D020B3F97F9A028541CB8D0E8DBA5C0195C270D4B51549F587DFFD85893068B9D1A1
310
513F40E1D06F2CDDDA1BFC0885D9977E8AC2C74CFDC7141C0E87C3E170381C0E87C3E170381C0E87C3F17FE31F57096D6D44F1991C0000000049454E44AE426082232F7C71FFEBD6FF41C60D60AFBDF6DA6BAFBDF6DA6BAFBDF6DA6BAF25D71F2C84A40D50DBAA020000000049454E44AE426082426082
  0
ACDSRECORD
 90
        0
  2
AcDbDs::ID
280
    10
320
D3
  2
Thumbnail_Data
280
    15
 94
     3893
310
89504E470D0A1A0A0000000D49484452000000B40000010008030000002D3FACD700000300504C5445FFFFFFFFFFFFFFFFFF0000000000000000000000000000000000000000000000000000330000660000990000CC0000FF0033000033330033660033990033CC0033FF0066000066330066660066990066CC0066FF0099
310
000099330099660099990099CC0099FF00CC0000CC3300CC6600CC9900CCCC00CCFF00FF0000FF3300FF6600FF9900FFCC00FFFF3300003300333300663300993300CC3300FF3333003333333333663333993333CC3333FF3366003366333366663366993366CC3366FF3399003399333399663399993399CC3399FF33CC00
310
33CC3333CC6633CC9933CCCC33CCFF33FF0033FF3333FF6633FF9933FFCC33FFFF6600006600336600666600996600CC6600FF6633006633336633666633996633CC6633FF6666006666336666666666996666CC6666FF6699006699336699666699996699CC6699FF66CC0066CC3366CC6666CC9966CCCC66CCFF66FF0066
310
FF3366FF6666FF9966FFCC66FFFF9900009900339900669900999900CC9900FF9933009933339933669933999933CC9933FF9966009966339966669966999966CC9966FF9999009999339999669999999999CC9999FF99CC0099CC3399CC6699CC9999CCCC99CCFF99FF0099FF3399FF6699FF9999FFCC99FFFFCC0000CC00
310
33CC0066CC0099CC00CCCC00FFCC3300CC3333CC3366CC3399CC33CCCC33FFCC6600CC6633CC6666CC6699CC66CCCC66FFCC9900CC9933CC9966CC9999CC99CCCC99FFCCCC00CCCC33CCCC66CCCC99CCCCCCCCCCFFCCFF00CCFF33CCFF66CCFF99CCFFCCCCFFFFFF0000FF0033FF0066FF0099FF00CCFF00FFFF3300FF3333
310
FF3366FF3399FF33CCFF33FFFF6600FF6633FF6666FF6699FF66CCFF66FFFF9900FF9933FF9966FF9999FF99CCFF99FFFFCC00FFCC33FFCC66FFCC99FFCCCCFFCCFFFFFF00FFFF33FFFF66FFFF99FFFFCCFFFFFF0000000D0D0D1A1A1A2828283535354343435050505D5D5D6B6B6B787878868686939393A1A1A1AEAEAEBB
310
BBBBC9C9C9D6D6D6E4E4E4F1F1F1FFFFFF000000000000000000000000000000000000000000000000000000000000AD4AB4E400000BA34944415478DAED9DDB95A3381086EB1C87E1043A01F2713C4B3CCBBC398009601FF61183B988AB50005B026C0392CC4DDC66A999315E6D77FB7375D5AF5295BB0DD1010DA2F07806
310
111CD04EE8F5A06D3438D2ED113DFD81B6BFDBFEC26336F43F634C2FB4FAFBD10B9DE51472F77279B886FBC08B515ED05CA369619667FFC07DAE6982761C9FB20819B3224576DFA2A9F3709CC723A205FF53DED0D8751C07A167BA591BF4E51131FABCDC18980FBC8F5FD6F1B32C7CE0C2DBA8CF7DAF091AE643DF2E17C382
310
D88D8105E8EF1C98EF98009963500056B082FF4D5CF4FE633FD03C9E09A3C4028AF7BC022CD7B5008AA79302981E373F4C4BDB4F7830F2B8B829603A96D18141E2F818182C2CEF9739F920F5C7AAA199E2762168C078BE04343219068A936190202DE3BCC86EB91CFA497BA1DF904C5859049AC5CEC5890C2FADA283BA489E
310
A53C4A722878023A317C85662220932FEB832EA50125CE70787043E27805238431FF81B9895A78F10BA682665FD899244CBA89F8DEFCDEFBE0B01D11FF25CEA532CC3D162239F39E05F2860CD0FD4ECA80958F2DF7B484ADE4E7D6A31EFCC6AE1DFF5A8681D03C9A2F75F0D2E72365390F91948B5E11139F90884448DE8566
310
2237FBAC325A7D83D897F078FD9B049DB915344647EAB81462DC0F119F8B1E7F16A81F655C4B3DDD4C40FC86A00A557182D062504B62BA0D3D38A6F14B9392F991E03D2E1A989A01831B973A1695AAE753019A49E283655152540E2FA824A845E8664C8F8306CB78543241BD0BA61F8A74E96F1FC5240CFCC0BFA52AF5E838
310
3A4D52CAF846CA2865E2F35342B7EE0E8486C80B4A7FA60E4633EE8721DF6F50F418493E19D58466B2CD841566965A2C4F329AE71414E1D1046BE28D86A659599E46E4C1A59A41417087F11E51EA928F94F5AB074B336E5696C5B1C5845495481ECC80C6AFCA83D735B8E0DD70032F502E30BE7DBEDF80647391EEDB8CA671
310
8C6EA66674F388C4D5DDF068B97B3C34F070BE3C89CBF742272ABD943A4FF752868B62736175E8D47A51A471149B669AE19F882485184982E4D9B5544F49C4D24CE7422CF44FF2B8706A7C1AB7C4BF94BA2740D75A41E228C57302E61D265E969A6664467F91C48CC39B4997AC3DDE56F8B8F9E1E373FD2BA999C515902A3D
310
CD9290DC12FC0C3CDEF0504ED1D304B109F16E24A66D37B365A0212D010BAFDCD1E3F25152230109748D9211DF37CB4D9E65799EE5DCD5114AE4CD0B82201B507B688066397F84BCAA442A6A6A32507B9A66A61F532B89CD04F3EFEF348DFE8A6E01099E5EE07959AB84624B41BF43BB3A8D275D47753CCD1331F37C33F29E
310
CFA7714B13330AC2242651183C0D3F2E582B07178AE9DAACBA107112F163EF5D854E9FCF5BE03E63D3F7E2C80F429FF8783C0B7C2F20396BB89A2D0C5D571B97A05043BFBFE96980AC8E9FA68163B87EC4F77C8C8E67E01B1E49F3A2B406F65D5387495CE2E7AF0B3F377EF734A728E22421AE63F84F174F11B7380A3CFFE6
310
39EE1323C60B42829A6D4609EEECB2F0D00A5D4575C8A03F3C8A24CF02C7759FBCC5601818DA86E719DE2D32E32822DCEFA87F588EE7B26D5C2F343F191A167C87AE72ACB010DA23A1C1BB522EE27B18CD49965B164A20AA09AA48109030A26C6968DCBF1F11833E4F57755D62383EF11C3C27B84610185E1063ED81A716DE
310
E3A1561A93D00FA38C7D0B0FDC97ECF26FB648D7F42ED4D1149DEC20B2CB374154BF80641CB92A4A70AFA4E8F02C67DFA0B3CA46408FEE10B55D8DE5875F229398F7A0CC1B892CF642AE4B2A5E9AA812B1A6B5ED95A0ABE8C812828A81328195749E27046B8E17F2BBFC539C5C1A91B11A745972E0773F4978358A957F4EAD
310
8C10B37811B7CEE62AF5A8605FB630745D42FFB2B21C5DCCE502D3EF5786551E7D1133B1A373DF62E6D2098F32D12C04FE85C05C31E230E487CA66D1A1EE7B6C015DC54751F2D25FBC8DCDFEC5F80E48216991ED01FADD38E0624C8BEAEC82118EE5924F0AA66C4C7EA0B50CF8A41D1EE119DFBBFDC652D16A642EDA9EEF93
310
42DA9B5C01DAEE85AEC581B18F2C337AF33CAFE569E5C94513F4279CDE51D56CBEDA624CC387BA7A0605C14A232ED4E300DDD0ADBE65A32DD10A95BBA41FF6D947184BF11460294703FAC3A30DDD6DC58AD0AD16DE2B56689AD67506EB1914CD227D0742436E1A51D184968A116B9F192965ECCB5863294F379A55769FA799
310
30617977FF17F3F47768E88756CD5F94E01A13B1A319CD88E8538F2FE3B7EF13DB154DDFC4F6849E0ACD760CADED452A07B283BF5AEC5876BCF080C3C6F490E3D60A2F291C4C705C68F803A0B3B6AD0D9D09262110C2E3845E02DA3EA1D7848653F296871EB18DDB1BD9ACDA63A30AC59E5B7B2CCD3790E0B8D070422F0F0D
310
470C0FA57A7C8776B5DA3068997A8C82DEC2D3BB81BE729B060D5B403760D783D6B229FFE6361A7AFA363E13BA45FBED1147D71EF672D08D56E468687B32B4969EE9344F6F00DDB41F6ED3A06175E89FDA66781A36F3F4DA8938C8DC3D418FA92BA617239A13D11DE8587792B7178396CAAFDB1D7E77A18795BCEE32897842
310
8F86862386C7D2EA01A77A6C063DE058B15822FEBFA0358407CC0A8FAEBFDECB3DD03D27CE3D416FA71E15A3DB7459F7B9A874DADD4C3DF442CB83447B2236A16D45782812516F78C0644F8F520FB7E72A2C684BC426F4B56A6CD5F78E015DF27E6E06405791F4B9C2EB8B090BDA12D116A11BD680BEFE5C9BD0E3CD9E05DD
310
B2A7DD0D8F0EF31BFAFDCA3BB7E96DB7EE3ABAF07E8AF57F7716F0915A93CE3989680B89F8266EC734AEDCA5D0D5077FAED0BA7E16EC25D5A3EDE7CFF2FDDAF534FF3411BA7D6D3E9BE5D443097D5543BF3CFE8A86EBE7DA5C58015A0C8F2EF4B627974E22822C117FAE3F8A44D4A3D3F63C9DAEFDDC913C51A705F598151E
310
7312F11305BD9B8B2211615A22AE517BE02734A09B9E6EB2B616964CC4E1D0001DD8EDD46338F47ED463B4A7E1DAB9C2B5716D2DEC077AE836BE8F4380DE6D7C2EF4EFD6CCD5EDAE49A0B7508F964B7FBFACB1FCBBB92856795DF59095A67B81DE77D7F4A761926DBC7BED7A7A19F598D6CBDB583DFAA0DB93EF6512712AF4
310
9849803A11056858413DC686C7567D8F09D0E7CC653EF4D4A6BA0E68DDE38B9D438FEA4FEF64E6227FB47D438F6CAA6F9788339AEA0786DE62F8B91B4F4F85AEC717D781E38BAEB7D74B44D524604D4FCF858601E38B5669F8BB634BD71E364C1E5F7C1377EDEAF17DE6327C7CA1825E7E626B4F1F5F6C073D637C31EEB8B3
310
D2CCE53A085AD7F013D6195FE8855E647CF14ECCBD1CB7DA9E1E3CBE9035679A5D3061613F5DD376E7BFD93168F5128ED1EA1517361F5FB4DB62DDF61874DB62B03368100744D298B607BC0A4133B4ACA93EEEE51ECFF68F79EA861E3A09009026A0C4D3FC7FD82A061D8938761200DF5ABD62226A83EE9D04C8A75B93D403
310
D6EA7B482601E29859A9D36DF5580D5AE1E9693F74BB56D7543209684C6CBB6D682111C5AFBE51ABB73966EE0F8FA1D0AB8D2F404F22AEF44A757150D4AE8FAED28269CB441C51E5C1AEA077A41E83C717D30E015BAA879888B0E5363E787C21A9A75589B8A0E469568F151371F8F8E2A51EA0D819150B1BAAC7F45FF8B15D
310
22CE34ED7D0F18F2830C0B414F3CB9BCBA4B42B346E848EE0E1A649380FBA2D0731B90AD569EBCA9BE33E872D7FDCC01144DF5D513D1EE9F0440DF24606D68183873F93A09583B1161E8CCE5BA5B68F924005EBAA79A04AC9D88304CA7BFFF20C3BEA0074E02564F441DADDE137A7E229ED06B25E251A1074C02F6978832E8
310
FDA9470B66D0F8620789B89B33A24E68717CB18344EC8316270127B486443C4AED51C34CE9156D9D882BDA9F020D47FCF5E470ECDFA97E429F8978AAC7097DAAC799887D8F30FAFD5C0E047D8444FC33A04FF5F81FA9C7F85FDA7F48E81D2462174AF93E61C786B6F7073D30A6ED3311C7438F7AD8A342C3E1DE4B6E1C34AC
310
E5E9CF0B04DAAF716887C76EA115E1B247E8DED4DAC11B4AFF01D0AD81597B76B6DF44EC4EF9141278D0983EA1A740DFE506B237BADA4D22AAA0FF24C93B6422EE0CFAA765207B4BB1FDA94707FAAC3D4EE845FB1EBBB2E3415789581DCC8F73BB7D4C4F0C8F137A25E8F07806D101ED3F8A731973517187B7000000004945
310
4E44AE426082B83DF7D817FA67344EE21E13E839FD11DD4329D287CC3DCEA6E9D3405BA8110F39CE0A2D827EAAE3C7DD635DA4BFD07B4167A71B007DBEF10F555770C57D7001FD0000000049454E44AE426082
  0
ENDSEC
  0
EOF
